-0.8910400316155
-0.891684670599
-0.8931344710111
-0.8947281070545
-0.8964736614181
-0.8983667288889
-0.9004266096155
-0.9026744467321
-0.9051228087752
-0.9077836212497
-0.9106968427909
-0.913921655602
-0.9174761339812
-0.9214416438806
-0.9259343906331
-0.9311249389975
-0.9372049137388
-0.9445357449209
-0.9537792054506
-0.9675434090556
             -1
             -1
             -1
             -1
             -1
             -1
             -1
             -1
             -1
             -1
             -1
             -1
             -1
             -1
             -1
             -1
             -1
             -1
             -1
             -1
             -1
             -1
             -1
             -1
             -1
             -1
             -1
             -1
             -1
             -1
             -1
             -1
             -1
             -1
             -1
             -1
             -1
             -1
             -1
             -1
             -1
             -1
             -1
             -1
             -1
             -1
             -1
             -1
             -1
             -1
             -1
             -1
             -1
             -1
             -1
             -1
             -1
             -1
             -1
             -1
             -1
             -1
             -1
             -1
             -1
             -1
             -1
             -1
             -1
             -1
             -1
             -1
             -1
             -1
             -1
             -1
             -1
             -1
             -1
             -1
             -1
             -1
             -1
             -1
             -1
             -1
             -1
             -1
             -1
             -1
             -1
             -1
             -1
             -1
             -1
             -1
             -1
             -1
             -1
             -1
             -1
             -1
             -1
             -1
             -1
             -1
             -1
             -1
             -1
             -1
             -1
             -1
             -1
             -1
             -1
             -1
             -1
             -1
             -1
             -1
             -1
             -1
             -1
             -1
             -1
             -1
             -1
             -1
             -1
             -1
             -1
             -1
             -1
             -1
             -1
             -1
             -1
             -1
             -1
             -1
             -1
             -1
             -1
             -1
             -1
             -1
             -1
             -1
             -1
             -1
             -1
             -1
             -1
             -1
             -1
             -1
             -1
             -1
             -1
             -1
             -1
             -1
             -1
             -1
             -1
             -1
             -1
             -1
             -1
             -1
             -1
             -1
             -1
             -1
             -1
             -1
             -1
             -1
             -1
             -1
             -1
             -1
             -1
             -1
             -1
             -1
             -1
             -1
             -1
             -1
             -1
             -1
             -1
             -1
             -1
             -1
             -1
             -1
             -1
             -1
             -1
             -1
             -1
             -1
             -1
             -1
             -1
             -1
             -1
             -1
             -1
             -1
             -1
             -1
             -1
             -1
             -1
             -1
             -1
             -1
             -1
             -1
             -1
             -1
             -1
             -1
             -1
             -1
             -1
             -1
             -1
             -1
             -1
             -1
             -1
             -1
             -1
             -1
             -1
             -1
             -1
             -1
             -1
             -1
             -1
             -1
             -1
             -1
             -1
             -1
             -1
             -1
             -1
             -1
             -1
             -1
             -1
             -1
             -1
             -1
             -1
             -1
             -1
             -1
             -1
             -1
             -1
             -1
             -1
             -1
             -1
             -1
             -1
             -1
             -1
             -1
             -1
             -1
             -1
             -1
             -1
             -1
             -1
             -1
             -1
             -1
             -1
             -1
             -1
             -1
             -1
             -1
             -1
             -1
             -1
             -1
             -1
             -1
             -1
             -1
             -1
             -1
             -1
             -1
             -1
             -1
             -1
             -1
             -1
             -1
             -1
             -1
             -1
             -1
             -1
             -1
             -1
             -1
             -1
             -1
             -1
             -1
             -1
             -1
             -1
             -1
             -1
             -1
             -1
             -1
             -1
             -1
             -1
             -1
             -1
             -1
             -1
             -1
             -1
             -1
             -1
             -1
             -1
             -1
             -1
             -1
             -1
             -1
             -1
             -1
             -1
             -1
             -1
             -1
             -1
             -1
             -1
             -1
             -1
             -1
             -1
             -1
             -1
             -1
             -1
             -1
             -1
             -1
             -1
             -1
             -1
             -1
             -1
             -1
             -1
             -1
             -1
             -1
             -1
             -1
             -1
             -1
             -1
             -1
             -1
             -1
             -1
             -1
             -1
             -1
             -1
             -1
             -1
             -1
             -1
             -1
             -1
             -1
             -1
             -1
             -1
             -1
             -1
             -1
             -1
             -1
             -1
             -1
             -1
             -1
             -1
             -1
             -1
             -1
             -1
             -1
             -1
             -1
             -1
             -1
             -1
             -1
             -1
             -1
             -1
             -1
             -1
             -1
             -1
             -1
             -1
             -1
             -1
             -1
             -1
             -1
             -1
             -1
             -1
             -1
             -1
             -1
             -1
             -1
             -1
             -1
             -1
             -1
             -1
             -1
             -1
             -1
             -1
             -1
             -1
             -1
             -1
             -1
             -1
             -1
             -1
             -1
             -1
             -1
             -1
             -1
             -1
             -1
             -1
             -1
             -1
             -1
             -1
             -1
             -1
             -1
             -1
             -1
             -1
             -1
             -1
             -1
             -1
             -1
             -1
             -1
             -1
             -1
             -1
             -1
             -1
             -1
             -1
             -1
             -1
             -1
             -1
             -1
             -1
             -1
             -1
             -1
             -1
             -1
             -1
             -1
             -1
             -1
             -1
             -1
             -1
             -1
             -1
             -1
             -1
             -1
             -1
             -1
             -1
             -1
             -1
             -1
             -1
             -1
             -1
             -1
             -1
             -1
             -1
             -1
             -1
             -1
             -1
             -1
             -1
             -1
             -1
             -1
             -1
             -1
             -1
             -1
             -1
             -1
             -1
             -1
             -1
             -1
             -1
             -1
             -1
             -1
             -1
             -1
             -1
             -1
             -1
             -1
             -1
             -1
             -1
             -1
             -1
             -1
             -1
             -1
             -1
             -1
             -1
             -1
             -1
             -1
             -1
             -1
             -1
             -1
             -1
             -1
             -1
             -1
             -1
             -1
             -1
             -1
             -1
             -1
             -1
             -1
             -1
             -1
             -1
             -1
             -1
             -1
             -1
             -1
             -1
             -1
             -1
             -1
             -1
             -1
             -1
             -1
             -1
             -1
             -1
             -1
             -1
             -1
             -1
             -1
             -1
             -1
             -1
             -1
             -1
             -1
             -1
             -1
             -1
             -1
             -1
             -1
             -1
             -1
             -1
             -1
             -1
             -1
             -1
             -1
             -1
             -1
             -1
             -1
             -1
             -1
             -1
             -1
             -1
             -1
             -1
             -1
             -1
             -1
             -1
             -1
             -1
             -1
             -1
             -1
             -1
             -1
             -1
             -1
             -1
             -1
             -1
             -1
             -1
             -1
             -1
             -1
             -1
             -1
             -1
             -1
             -1
             -1
             -1
             -1
             -1
             -1
             -1
             -1
             -1
             -1
             -1
             -1
             -1
-0.9674683802495
-0.9538981138416
-0.9445352127675
-0.9371020640001
-0.9308886675554
-0.9255253575728
-0.9208121454392
-0.9165681539212
-0.9127742191076
-0.9092680952381
-0.9060220163991
-0.9030258897806
-0.9002192704738
-0.8975798917434
-0.8950973103563
-0.8927351747883
-0.8904935808676
-0.8883534969598
-0.8863004728008
-0.8843353626854
-0.8824367694238
-0.880603152467
-0.8788349447882
-0.877113033267
-0.8754381560487
-0.8738129513498
-0.8722227028036
-0.870670553961
-0.869148057385
-0.867659120069
-0.8661923830734
-0.8647492357172
-0.8633297987693
-0.8619281773404
-0.8605436433912
-0.8591735745218
-0.8578165030531
-0.8564737539219
-0.8551413782557
-0.8538192760973
-0.8524995975382
-0.8511916088407
-0.8498877062429
-0.8485863841551
-0.8472876279604
-0.8459899517462
-0.8446939275717
-0.8433968243686
-0.8420984984599
-0.8407920793599
-0.8394843167813
-0.838167318307
-0.8368464660614
-0.8355118368793
-0.8341655719056
-0.8328095267919
-0.8314331181658
-0.8300370401382
-0.8286236661507
-0.827180995986
-0.8257112582621
-0.8242048431934
-0.8226621021468
-0.8210652744596
-0.8194142656991
-0.8176832719906
-0.8158562031199
-0.4604326670027
-0.08479770303741
-0.04406387559269
-0.02516080194282
-0.005838319833261
0.01416466514456
0.03493253590202
0.05678750416358
0.07984652960575
0.1043619643521
0.1305975027057
0.1588080447021
0.1898860246462
0.2234170822239
 0.260937271735
 0.303345262174
0.3519523062114
0.4085249767111
0.4767700854663
0.5651495747811
0.6901718961645
              1
              1
              1
              1
              1
              1
              1
              1
              1
              1
              1
              1
              1
              1
              1
              1
              1
              1
              1
              1
              1
              1
              1
              1
              1
              1
              1
              1
              1
              1
              1
              1
              1
              1
              1
              1
              1
              1
              1
              1
              1
              1
              1
              1
              1
              1
              1
              1
              1
              1
              1
              1
              1
              1
              1
              1
              1
              1
              1
              1
              1
              1
              1
              1
              1
              1
              1
              1
              1
              1
              1
              1
              1
              1
              1
              1
              1
              1
              1
              1
              1
              1
              1
              1
              1
              1
              1
              1
              1
              1
              1
              1
              1
              1
              1
              1
              1
              1
              1
              1
              1
              1
              1
              1
              1
              1
              1
              1
              1
              1
              1
              1
              1
              1
              1
              1
              1
              1
              1
              1
              1
              1
              1
              1
              1
              1
              1
              1
              1
              1
              1
              1
              1
              1
              1
              1
              1
              1
              1
              1
              1
              1
              1
              1
              1
              1
              1
              1
              1
              1
              1
              1
              1
              1
              1
              1
              1
              1
              1
              1
              1
              1
              1
              1
              1
              1
              1
              1
              1
              1
              1
              1
              1
              1
              1
              1
              1
              1
              1
              1
              1
              1
              1
              1
              1
              1
              1
              1
              1
              1
              1
              1
              1
              1
              1
              1
              1
              1
              1
              1
              1
              1
              1
              1
              1
              1
              1
              1
              1
              1
              1
              1
              1
              1
              1
              1
              1
              1
              1
              1
              1
              1
              1
              1
              1
              1
              1
              1
              1
              1
              1
              1
              1
              1
              1
              1
              1
              1
              1
              1
              1
              1
              1
              1
              1
              1
              1
              1
              1
              1
              1
              1
              1
              1
              1
              1
              1
              1
              1
              1
              1
              1
              1
              1
              1
              1
              1
              1
              1
              1
              1
              1
              1
              1
              1
              1
              1
              1
              1
              1
              1
              1
              1
              1
              1
              1
              1
              1
              1
              1
              1
              1
              1
              1
              1
              1
              1
              1
              1
              1
              1
              1
              1
              1
              1
              1
              1
              1
              1
              1
              1
              1
              1
              1
              1
              1
              1
              1
              1
              1
              1
              1
              1
              1
              1
              1
              1
              1
              1
              1
              1
              1
              1
              1
              1
              1
              1
              1
              1
              1
              1
              1
              1
              1
              1
              1
              1
              1
              1
              1
              1
              1
              1
              1
              1
              1
              1
              1
              1
              1
              1
              1
              1
              1
              1
              1
              1
              1
              1
              1
              1
              1
              1
              1
              1
              1
              1
              1
              1
              1
              1
              1
              1
              1
              1
              1
              1
              1
              1
              1
              1
              1
              1
              1
              1
              1
              1
              1
              1
              1
              1
              1
              1
              1
              1
              1
              1
              1
              1
              1
              1
              1
              1
              1
              1
              1
              1
              1
              1
              1
              1
              1
              1
              1
              1
              1
              1
              1
              1
              1
              1
              1
              1
              1
              1
              1
              1
              1
              1
              1
              1
              1
              1
              1
              1
              1
              1
              1
              1
              1
              1
              1
              1
              1
              1
              1
              1
              1
              1
              1
              1
              1
              1
              1
              1
              1
              1
              1
              1
              1
              1
              1
              1
              1
              1
              1
              1
              1
              1
              1
              1
              1
              1
              1
              1
              1
              1
              1
              1
              1
              1
              1
              1
              1
              1
              1
              1
              1
              1
              1
              1
              1
              1
              1
              1
              1
              1
              1
              1
              1
              1
              1
              1
              1
              1
              1
              1
              1
              1
              1
              1
              1
              1
              1
              1
              1
              1
              1
              1
              1
              1
              1
              1
              1
              1
              1
              1
              1
              1
              1
              1
              1
              1
              1
              1
              1
              1
              1
              1
              1
              1
              1
              1
              1
              1
              1
              1
              1
              1
              1
              1
              1
              1
              1
              1
              1
              1
              1
              1
              1
              1
              1
              1
              1
              1
              1
              1
              1
              1
              1
              1
              1
              1
              1
              1
              1
              1
              1
              1
              1
              1
              1
              1
              1
              1
              1
              1
              1
              1
              1
              1
              1
              1
              1
              1
              1
              1
              1
              1
              1
              1
              1
              1
              1
              1
              1
              1
              1
              1
              1
              1
              1
              1
              1
              1
              1
              1
              1
              1
              1
              1
              1
              1
              1
              1
              1
              1
              1
              1
              1
              1
              1
              1
              1
              1
              1
              1
              1
              1
              1
              1
              1
              1
              1
              1
              1
              1
              1
              1
              1
              1
              1
              1
              1
              1
              1
              1
              1
              1
              1
              1
              1
              1
              1
              1
              1
              1
              1
              1
              1
              1
0.6564238888349
0.5183129337424
 0.418198222532
0.3372016800947
0.2688025110109
0.2088409836488
0.1551739866221
0.1066958208929
0.06205347531169
0.02061552409252
-0.01797341016288
-0.05430325877398
-0.08860573106121
-0.1210316894612
-0.1519803754548
-0.1815208934664
-0.2096862963331
-0.2367410242297
-0.2627070974391
-0.287576795396
-0.3115710391619
-0.3346805468225
-0.356912019579
-0.378368799987
-0.3990636132245
-0.4190544642843
-0.4383635779989
-0.4569645916161
-0.4749594899829
-0.4923116959024
-0.5091442129184
-0.5253615338463
-0.5410492580589
-0.5562503104738
-0.570905269484
-0.5851455517083
-0.5989104864836
-0.612234031844
-0.6251533263974
-0.6376376384576
-0.6497965973556
-0.6615724373106
-0.6730152326835
-0.684157307579
-0.6949636662998
-0.705520883852
-0.7158161187509
-0.725832753995
-0.7356507082366
-0.7452526142298
-0.7546420604803
-0.7638712299197
-0.7729090997138
-0.7818225512974
-0.790604676227
-0.7992464666972
-0.8078157142661
-0.8162781818879
-0.8246925466143
-0.8330176123558
-0.8413246019908
-0.8495903307818
-0.8578236202458
-0.8660743460661
-0.8742898145184
-0.8824900681552
-0.8905614712732
-0.8916209500438
-0.8915827689091
-0.8915164839991
-0.8914164994582
-0.8912852323748
-0.891118503961
-0.890910224752
-0.890670045422
-0.8903892205988
-0.8900729563368
-0.8897108657049
 -0.88931347801
-0.8888686909243
-0.8883812107614
-0.8878588767259
-0.8872892661371
-0.8866782786764
-0.8860204326725
-0.8853206353166
-0.8845733942301
-0.8837826935333
-0.8829449990332
-0.8820616930118
-0.8811329413114
-0.8801588330469
-0.8791349221082
-0.8780636435481
-0.8769511763203
-0.8757850878103
-0.8745668924868
-0.8733058190975
-0.8719856831927
-0.870610708276
-0.8691934878654
-0.8677150592717
-0.8661975637826
-0.8646255984013
-0.8630531965999
-0.8615086096866
-0.8600743437045
-0.860802610867
-0.8616134791419
-0.862406102745
-0.863181776138
-0.8639179632306
-0.864613780427
-0.8652549074959
-0.8658509106904
-0.866388013188
-0.8668625340705
-0.867282359947
-0.8676372915649
-0.8679429343152
-0.8681763064652
-0.8683624967728
-0.8684873926894
-0.8685493237033
-0.8685601301095
-0.8685199705594
-0.8684434544566
-0.8683294584507
-0.8681645365472
-0.8679908604348
-0.8677737749505
-0.8675745763239
-0.8673425365247
-0.8671313304981
-0.8669437390741
-0.8668483985797
-0.8664740694176
-0.8657451010839
-0.8648394879021
-0.8637972644749
-0.8626263165764
-0.8613859987162
-0.8600440495841
-0.8586678566598
-0.8572040270783
-0.8557287379565
-0.8542254930256
-0.8526583742618
-0.8511103568094
-0.8494968434188
-0.847902414425
-0.8463186782525
-0.8447035410118
-0.8431020497263
-0.841461911298
-0.8398655307573
-0.838297097355
-0.8367116488088
-0.8351684634059
-0.8336455431801
-0.8320823787643
-0.830602178261
-0.829145558537
-0.8276258311118
-0.8259453883975
-0.8266940247834
-0.8269206174219
-0.8269046738642
-0.8267786031561
-0.8265597202753
-0.8262866693271
-0.8259708633516
-0.8256220485668
-0.8252446377397
-0.8248552171382
-0.8244497540401
-0.8240372548323
-0.8236178178347
-0.8231967802633
-0.8227743258544
-0.8223554759184
-0.8219381517076
-0.8215291960397
-0.8211236963034
-0.8207299631019
-0.8203421224903
-0.8199655928268
-0.8196019354697
-0.8192462991882
-0.8189036116141
-0.818575657155
-0.8182623861636
-0.817964582331
-0.8176833316095
-0.8174141316866
-0.8171634763565
-0.8169317417428
-0.8167106019509
-0.8165116357016
-0.8163348559615
-0.8161727746773
-0.8160328013017
-0.8159137644243
-0.8158166798183
-0.890533434542
-0.8904712656218
-0.8903795359763
-0.8902581277059
-0.8901018676715
-0.8899077741343
-0.8896788769885
-0.8894142166728
-0.8891122601906
-0.8887699144997
-0.8883931887892
-0.8879770253165
-0.8875162308865
-0.8870160043883
-0.886474341957
-0.8858903813542
-0.8852627687145
-0.8845954157124
-0.8838830644623
-0.8831271513482
-0.8823261469336
-0.8814828769136
-0.8805946660354
-0.8796611749404
-0.8786812221566
-0.877656868639
-0.8765858992304
-0.8754679581895
-0.8743013251659
-0.8730850607408
-0.8718226520588
-0.8704958802591
-0.8691165995221
-0.8676707528592
-0.8661554869066
-0.8645430211782
-0.8628177813632
-0.8609129857202
-0.8586626216078
-0.8556603749291
-0.8524729692576
-0.8500830566565
-0.8479243243527
-0.8459774691672
-0.8440918063562
-0.8422810525173
-0.840503587308
-0.838765553504
-0.8370237114916
-0.8353012658749
-0.8335920488785
-0.8318681537779
-0.830152937824
-0.8284073300002
-0.8266435192944
-0.8248399749613
-0.8230378438748
-0.8212263140544
-0.8193297099598
-0.8174181560075
-0.8154040617462
-0.8133525731634
-0.8111696877798
-0.8089461487477
-0.8063443222548
-0.8036533439407
-0.8006394058954
-0.7973887253772
-0.7895928579593
-0.6427968236448
-0.5710088421999
-0.5155547377401
-0.4677087249905
-0.4244607494886
-0.3843751536955
-0.3493184853424
-0.3166140923784
-0.2877772530737
-0.2608960431266
-0.2372993015906
-0.2156524526938
-0.1961820152799
-0.1797906407073
-0.1653852212058
-0.1536331967481
-0.1439497917828
-0.1367904252774
-0.1313061060339
-0.127950365357
-0.1268786833053
-0.1277073845415
-0.1303980732154
-0.134696421393
-0.1404712963079
-0.1483577021248
-0.1575721234351
-0.1691613555233
-0.1853324999158
-0.1744478526364
-0.1678022378258
-0.1623888049297
-0.1572295585449
-0.1522024651861
-0.1472196806525
-0.1421838419635
-0.1371320536861
-0.1321155040353
-0.1270429441769
-0.1220703470073
-0.1170858832151
-0.1122437569019
-0.1074707300467
-0.1028969271769
-0.09844794926472
-0.09423278782191
-0.09015627196342
-0.08636225314598
-0.08276917174391
-0.07945153033211
-0.07637632071377
-0.07355219998528
-0.07098869288346
-0.06870788784793
-0.06668979578923
-0.06495564450814
-0.06348226012649
-0.06227755571593
-0.06133049107191
-0.06060571315314
-0.06010764782027
-0.05981253197257
-0.05971183608217
-0.0597770120719
-0.06001511796702
-0.06035473111567
-0.060808547813
-0.06132658550046
-0.7904909221603
-0.8002605281285
-0.805199230606
-0.8093881558145
-0.812912839608
-0.8161068740402
-0.818983828447
-0.8216793849443
-0.8241935435321
-0.8265814539104
-0.8288507948112
-0.8310223695082
-0.8330873056825
-0.8350890819533
-0.8370213048849
-0.8388754729093
-0.8406869785715
-0.8424359120729
-0.8441204713467
-0.8457516263863
-0.8473230087745
-0.8488343893125
-0.8502944100216
-0.8517054023797
-0.8530644480642
-0.8543700557579
-0.8556252859137
-0.8568252046369
-0.8579786029576
-0.8590877818917
-0.8601394390685
-0.8611335744881
-0.862085967546
-0.8629785119447
-0.8638086826621
-0.8645749576466
-0.8652655837773
-0.8658805278491
-0.8664264263143
-0.8668417785786
-0.8916266351603
-0.8157398904568
-0.8905668334942
-0.06190099497359
-0.8905550852511
-0.8905621527409
-0.8905647731823
-0.8905659703744
 -0.89056643618
-0.890566659049
-0.8905667621365
-0.8905668084627
-0.8865667843478
-0.8885992214423
-0.8895962311074
-0.8907825071595
-0.8900883619545
-0.8906686004972
-0.8903294856771
-0.8906158323283
-0.8904476655189
-0.8905905946231
-0.8905054464518
-0.8905783311338
-0.8905724449872
-0.8905695806273
-0.8905683510368
-0.8905709532356
-0.7953489842565
-0.6900124481784
-0.8668714661166
-0.8667559559999
-0.8905339207211
-0.7933150496585
-0.7239845255901
-0.8668455311114
-0.8668435175498
-0.8904778545006
-0.7921773698436
-0.7443220266989
-0.8668404042004
-0.8668631716267
-0.7913743015074
-0.7583855100203
-0.8668407433679
-0.866865538041
-0.7908325914964
-0.7686719106218
-0.8668422000288
-0.8668625281764
-0.7904674507388
-0.7762649833633
-0.8668440175785
-0.8668575111109
0.9913756501775
0.9959145243663
0.9966904298414
0.9969022146321
0.9967808481054
0.9961908809989
 0.992127655117
-0.9973488473916
-0.9995705181643
-0.9996637356103
-0.9996879013521
-0.9996809854748
-0.9996335112141
-0.9994497751137
-0.7913844401665
-0.7725175487573
-0.7972806540947
-0.8668330940467
-0.8668634496694
-0.8666514547186
0.9948877694718
 0.993854603063
0.9929592083945
0.9923406485545
0.9919396407055
0.9953446267288
0.9951703922875
0.9905435566275
0.9977418301423
0.9958581221674
0.9964333215718
  0.99622149608
0.9960875092289
0.9960008072258
0.9959596625602
0.9977549498881
0.9981731166133
0.9966744944365
0.9968312608684
0.9967725650864
0.9967293814392
0.9967125683472
 0.997498245368
0.9968921286786
0.9969074869468
0.9969090043656
 0.996904962494
0.9976528085486
0.9982912850308
0.9968997593347
0.9982258980603
0.9967942943709
0.9965646259359
0.9966875397591
0.9967331568953
0.9967687560306
0.9975566020351
0.9979036281572
0.9962339718202
0.9952815426468
0.9958256769574
0.9960405274347
0.9961229918057
0.9970922081884
0.9957164418611
0.9926785436536
0.9739391697652
0.9894642928416
0.9914144420836
0.9938332614091
-0.9986667174375
-0.9984463108272
-0.9994334407153
-0.9995207732425
-0.9995497679791
-0.9995625646823
-0.9996722464155
-0.9997638248727
-0.9995771810192
-0.9998147907406
-0.9996661072026
-0.9996320215738
-0.9996493628968
-0.9996567654634
-0.9996610196782
-0.9997443568735
-0.9998278938318
-0.9996880956121
-0.9996812114799
-0.9996857294857
-0.9996870174204
-0.9996876949745
-0.9997633843131
-0.9996878288853
-0.999685501482
-0.9996834938455
-0.9996824563493
-0.9997586542496
-0.9998239547731
-0.9996799722714
-0.9996639144999
-0.9996525901578
-0.9996439119507
-0.9996371762959
-0.9997232165035
-0.9997975642692
-0.9996304264703
-0.9995688218157
-0.9995205618459
-0.9994887995224
-0.9994665644575
-0.9995879420723
-0.9996947063297
-0.999431304138
-0.7734284852419
-0.7814064765985
-0.866870153676
-0.8668574469003
0.9971669986409
0.9947538724651
0.9954569772173
0.9952064020371
 0.995021698763
0.9961643267212
0.9965817227363
0.9935566653806
 0.994352915617
0.9941109082983
 0.995417342585
0.9960748436534
0.9931935511785
0.9961578799189
0.9957031550388
0.9943832823532
0.9932325764497
0.9946644792076
0.9893053253207
0.9969369532957
0.9977092963346
0.9957954722768
0.9980296761623
0.9964012818704
 0.996573414155
0.9965112333477
0.9964662009139
0.9973062096425
0.9979121917309
0.9961783914516
0.9963124103976
0.9962622549923
0.9979205692012
0.9978358489353
0.9961231472681
0.9978484257191
0.9977868651997
0.9969945350775
0.9975314189581
0.9981643585404
0.9966589695427
0.9982517872834
0.9968238571571
0.9968746038821
0.9968528981856
0.9968414532271
0.9968366075222
0.9982533446368
0.9982187247673
0.9967593264339
0.9968016467092
0.9967848393601
 0.997557315703
0.9981946114436
0.9967425647825
0.9981977108785
0.9981852152906
0.9975127345899
0.9982863927084
0.9968961750444
0.9968583038351
0.9968774492978
0.9968869881117
0.9976429678582
0.9982945714502
0.9969089092856
  0.99690373771
0.9969061228328
0.9976556917767
0.9982951372165
0.9969093624018
0.9976571798076
0.9982928398141
0.9969075321752
0.9982934984668
0.9976951440949
0.9982898692653
0.9968965398426
0.9976119430532
0.9982334684614
0.9968083039107
0.9981078544045
0.9965889197385
0.9964194709731
0.9964929859743
0.9965367269644
0.9973882475819
0.9981745359426
0.9967017565964
0.9966447543008
0.9966703753534
 0.998171360793
0.9982007897063
0.9967214439956
 0.997519177459
0.9982190941682
0.9967557782876
0.9982155349726
0.9971873499821
0.9979268595309
0.9962711270549
0.9974084032676
0.9953879534725
0.9944006122887
0.9949555750156
 0.995161355048
0.9963906962349
0.9977047740049
0.9958965556471
0.9956302704429
0.9957296523551
0.9976874434839
0.9978223353569
 0.995986929536
0.9978106215009
0.9978662266115
0.9960961744862
0.9978570298611
0.9944105325658
0.9960087580348
0.9931383959514
0.9868781781713
 0.984516602143
0.9943112117346
0.9879275072702
0.9940195521043
0.9953312475684
0.9906413990181
0.9951233662327
-0.9986156750124
-0.9991814217944
-0.9987927248765
-0.9996894819971
-0.9994527111455
-0.9992845866749
-0.9993720378081
-0.9994110343351
-0.9995644576733
-0.9997367875162
-0.9995309757973
-0.9994859990193
-0.9995057199458
-0.9996327371897
-0.9997525696624
-0.999542505896
-0.9997509258583
-0.999759574111
-0.9996645835167
-0.9996837497201
-0.9997674632379
-0.9995837818912
-0.9997510459567
-0.9998160561849
-0.999668038131
-0.9997974413943
-0.9996356689877
-0.9996107471142
-0.9996230695414
-0.9996289987299
-0.9997199440119
-0.9998068802049
-0.9996518877877
-0.9996423412043
-0.9996462537015
-0.9997333749971
-0.9998109771459
-0.9996551259092
-0.999810410933
-0.9998133273125
-0.9997417743042
-0.999767993631
-0.9998279978336
-0.9996882663418
-0.9998242761904
-0.9996821257609
-0.9996760165883
-0.9996789098688
-0.9996801305029
-0.999824075379
-0.9998267340855
-0.9996862512042
 -0.99968424009
-0.9996850806814
-0.9998266144574
-0.9998274412708
-0.9996867684474
-0.9998273413749
-0.9998277834599
-0.9996874599833
-0.9998277150111
-0.9998278016422
-0.9996875084564
-0.9996885764571
-0.9996884033761
-0.9996881255175
-0.9997634782147
-0.9998264878339
-0.9996849066032
-0.9996866557247
-0.9996860145738
-0.9997618031611
-0.9998253411125
-0.9996839924382
-0.9998255269375
-0.9998247528356
-0.9997595956229
-0.999762281459
-0.9998233960686
-0.999678904877
-0.9998144590531
-0.9996620998235
-0.9996727363221
-0.9996686395666
-0.9996658606745
-0.9997458252161
-0.999808182403
-0.9996502733828
-0.9996576438407
-0.999654850318
-0.9998086537057
-0.9998030153812
-0.999646798539
-0.9997312770579
-0.9997995107506
-0.9997268415059
-0.9997260290604
-0.9997958205748
-0.999626752514
-0.9997615241058
-0.999562201191
-0.9996033216712
-0.9995865970089
-0.9995759401237
-0.9996752322738
-0.9997345647173
-0.9995106343247
-0.9995449005558
-0.9995319368468
-0.9996398247998
-0.999716584985
-0.9994965671799
-0.9997194149865
-0.9997041212959
-0.9996025579524
-0.999582439516
-0.9996840266874
-0.9994069367843
0.9961364757977
0.9970914037224
0.9945961545335
0.9974870438115
0.9953802453705
0.9956377675143
0.9955377421848
0.9975033577614
 0.997343994375
0.9952694655795
0.9973671926757
0.9972408481524
0.9962839462178
 0.995297633016
0.9964068475786
0.9968626054159
0.9957839969112
0.9967272280327
0.9967792083193
0.9962824740272
0.9924198690188
0.9939192319676
0.9873530706871
0.9968906180923
0.9976744348953
0.9973327323091
0.9980117345566
0.9963651726883
0.9981083986526
0.9965544482975
 0.996615893771
0.9965934695886
0.9981124723193
0.9980728216832
0.9965267162468
0.9980785615568
0.9980477269548
0.9973355133747
0.9971711846605
0.9978861921895
 0.997961456718
0.9972185629211
0.9979341525541
0.9971801573296
0.9978672700012
0.9975197072955
0.9981558829219
0.9966443217392
0.9976402585325
 0.998247403318
0.9968146852013
0.9982757277701
0.9968688691077
 0.996884379261
0.9968788559329
0.9976325686053
0.9982631036237
0.9968592288358
0.9976169707416
0.9982570688447
 0.997608960862
0.9975939110631
0.9982108179637
0.9982347190708
0.9975791436321
  0.99822554482
0.9975681777668
0.9982021838872
0.9982051130909
0.9976906977962
0.9982885674215
0.9968998667366
 0.998268099809
0.9968655962463
0.9968356361668
0.9968492543741
0.9982664186755
0.9982784200016
0.9968735276659
0.9982771529412
0.9982836689715
0.9976376265248
0.9977007906629
0.9982952105772
 0.998292490058
 0.997652253143
 0.998293873259
0.9982933598267
0.9982953657781
  0.99829464711
0.9976930372634
0.9982879410203
0.9968917383047
0.9976226472602
0.9982410397255
0.9968212984617
0.9974566394169
0.9981211600765
0.9966133526775
0.9980278764459
0.9964449045723
 0.996347285334
0.9963894091585
0.9980221162833
0.9980686517747
0.9964765393502
 0.998062923644
0.9980928328757
0.9973616477869
0.9975430562063
0.9981831515811
0.9981518033704
0.9974490605296
0.9981655880938
0.9974697605794
0.9981897057067
0.9982083205866
0.9972169628409
 0.997946969375
0.9963062277128
0.9965397527254
0.9974675824362
0.9954992790778
0.9969321094385
0.9945921662444
0.9938840506177
0.9942075032581
0.9956873750127
0.9972325377951
0.9948214354091
0.9972035251929
0.9973440538484
0.9962714928067
0.9969292281407
0.9977468081659
0.9975989643459
0.9966564045627
0.9976553992065
  0.99673727606
0.9977922720001
0.9977769056138
0.9978409171535
0.9947677766185
0.9962586656048
0.9863207449443
0.9919027797429
0.9934971064295
 0.993069940223
0.9947083068602
-0.999019116331
-0.9993543779802
-0.9989808388461
-0.999587538169
-0.9996999357768
-0.9994695529544
-0.9996093381409
-0.9993238333557
-0.9991791945763
 -0.99924952163
-0.9995990925101
-0.9996564595215
-0.9993529919968
-0.9996502791675
-0.9996775376892
-0.9995421447991
-0.9996485678796
-0.9997425918661
-0.9997185757368
-0.9996054502268
-0.9997289243001
-0.9997253577178
-0.9997484408308
-0.9997464339878
-0.9996885393304
-0.9997711081329
-0.9995900615109
-0.9997526158685
-0.9998170914475
-0.9996697593551
-0.999728105336
-0.9997993821101
-0.9997857637795
-0.9996150974629
-0.9996003034163
-0.9996060068071
-0.9997848209094
-0.9997925041131
 -0.99962059127
-0.9997916767615
-0.9997169970208
-0.9997404312198
-0.9998083680324
-0.9998031480525
-0.9996388166484
-0.9997278728055
-0.9998052192425
-0.9998044989848
-0.9998094460344
-0.9997681238091
-0.9998280896356
-0.9996884036404
-0.9997633389045
-0.9998247792903
-0.9996829964789
-0.9998214382118
-0.9996772719987
-0.9996725480036
-0.9996743854759
-0.999821149435
-0.9998230104431
-0.9997562339348
-0.9998237100678
 -0.99975723605
-0.9997665356561
-0.9998270222677
-0.9998259321785
-0.999683658233
-0.999825748169
-0.999826394852
-0.999826226071
-0.9998271944629
-0.9998275851466
-0.9997677017442
-0.9998276175128
-0.9998282494819
-0.9996885429819
-0.9996885858282
-0.9996885952571
-0.9998282576276
-0.9998281167811
-0.999763863516
-0.9998279672812
-0.9997637036777
-0.9997658332224
-0.9998261242624
-0.9998271170735
-0.9996871014497
-0.999762624993
-0.999826897467
-0.999825819928
-0.9997615283801
-0.9998227818181
-0.9996775842261
-0.9997492177824
-0.9998134501823
-0.999660125211
-0.9998193363093
-0.9996709935521
-0.9996754256607
-0.9996739034194
-0.999752379643
-0.999817033079
-0.9997494377738
-0.9998155190265
-0.9997475742189
-0.9997405845486
-0.9998067439649
-0.9998108558411
-0.9997412567674
-0.9998094155673
-0.9998098996203
-0.9998055871558
-0.9997235417139
-0.9997937084805
-0.9996223624391
-0.9996762665701
-0.9997578326576
-0.999780522756
-0.9995961834792
-0.9996134087521
-0.9996078424843
-0.9997010416756
-0.9997711997726
-0.999689052537
-0.999765397006
-0.9996817577008
-0.9996388120981
-0.9997285745032
-0.9997476489298
-0.9995548731548
-0.9996581297504
-0.9997407401167
-0.9997431955335
-0.9997238914146
-0.9995664579988
-0.9996698490305
-0.9993761274823
0.9960289298502
0.9969972872938
0.9965858038874
0.9974400707287
0.9975826514334
0.9957267641656
0.9967205910544
0.9975305737854
0.9975482659481
0.9974031910646
0.9912149015782
0.9926910794104
 0.983737884214
0.9968426180036
0.9973076689388
 0.997990165754
0.9974428849718
0.9980967273538
0.9981312028841
0.9966296271893
0.9981360073771
 0.998119218566
0.9981234014099
0.9980874950858
0.9975085563627
0.9981465646549
0.9976338342452
 0.998241846876
0.9976731088146
0.9982721096355
0.9982810362964
0.9976402990687
 0.998279144451
0.9982689002958
0.9976934476076
0.9982904697808
0.9976670850238
0.9982722251851
0.9982562802628
0.9975973731171
 0.998263355783
0.9982610164481
0.9982748656314
 0.997689947337
0.9982848361226
0.9976323585615
0.9982483515679
0.9974742836749
 0.998135137506
0.9973493086108
0.9980428020371
0.9979902081818
0.9972192205761
0.9980119663367
0.9980047593123
0.9980533335607
0.9972428543863
0.9979669433807
0.9966211305738
0.9975310528661
0.9959281551646
0.9970425861453
0.9966592932587
0.9935512510322
0.9952745778689
0.9967700819675
0.9971576022772
0.9971188478135
0.9950928620661
-0.9991942677335
-0.999450540428
-0.9990974950414
-0.9996010755574
-0.9997090811679
-0.9994870647219
-0.9996323354435
-0.9995555482408
-0.9993553075602
-0.9995796366003
-0.9996934683913
-0.9997744905672
-0.9997539166327
-0.999818026731
-0.9997304947927
-0.999712585482
-0.9997883244987
-0.9997802138213
-0.9995958724319
-0.9996953416664
-0.9997832246538
-0.9997821892163
-0.9997901534402
-0.9998011569298
-0.9997682400318
-0.9998281611517
-0.9997640210168
-0.9998252802975
-0.9997596142538
-0.9998221623659
-0.9998196117406
-0.9996712551013
-0.9997514314615
-0.9998206015562
-0.9998202312762
-0.9997674296872
-0.9997683898586
-0.999828198907
-0.9998282416781
-0.9996885137791
-0.9997639266114
-0.9998282631779
-0.9998282506557
-0.9998273857584
-0.9997606180666
-0.999822048328
-0.9997478315588
-0.9998123077703
-0.9997558325811
-0.9998183019095
-0.9998208315938
-0.9996762940711
-0.9997543140662
-0.9998203101971
-0.9997204182122
-0.9997912726466
-0.9996711603104
-0.9997017933883
-0.9997763234868
-0.9997862867796
-0.9996178636096
-0.9997872709685
-0.9997843605638
-0.9997535317355
-0.9995449700355
-0.9996525626067
-0.9993425694489
0.9976344506719
0.9890728271708
0.9901918749207
0.9740811817835
0.9964787107357
-0.9992995965032
-0.999510807676
-0.9996977698754
-0.9997551328836
-0.9997683229696
-0.9998188238251
-0.9997596125391
-0.9997170866727
-0.9997887605391
-0.9995207150409
-0.9996333115768
-0.9992996831809
0.9840811533653
0.9809522959091
-0.9994923712969
-0.9996082653602
-0.9992440180681
-0.9994541257064
-0.9995766614646
-0.9991795070161
-0.9994086100076
-0.999539149709
-0.9990918456821
-0.9993518254506
-0.999487212198
-0.9989694775019
-0.9992702683997
-0.9994139320596
-0.9987801392874
 -0.99915286871
-0.9992940002282
-0.9984177752027
-0.9989413830173
-0.9990300077726
-0.997272337375
-0.9983795818938
-0.7536677976674
-0.7730509911434
0.9906868684118
0.9949129332577
0.9957453872161
0.9957668397506
0.9950156223991
-0.999423015485
-0.9995581068833
-0.9995892823041
-0.9995906422605
-0.9995369555895
-0.9993320928608
0.9937454377547
0.9907839490878
0.9920062397915
 0.995477996035
0.9952118918789
0.9946498731362
0.9959288608338
0.9954852926215
0.9958623384096
0.9959697230692
0.9956994077477
0.9957058370385
0.9954848939189
0.9956786868179
 0.993561416922
 0.994403807477
0.9815495361222
-0.999203944898
-0.9992996058276
-0.999515180232
-0.9995058116708
-0.9995858101103
-0.9995618533138
-0.9995973893694
-0.9995642518592
-0.9995709249109
-0.9995221661319
-0.9994619641789
-0.9993587737287
0.9929017167915
0.9938621835175
0.9952778401178
0.9952817020074
0.9958785142906
0.9956674400722
0.9959973383004
0.9956140079568
0.9959806283243
0.9956416977493
0.9949576516072
0.9942588037692
0.9917167703541
-0.9989157337319
-0.9994491607146
-0.9995840019246
-0.9995975908829
-0.9995673193236
-0.9995737538312
-0.9995480405578
-0.9994732671377
-0.9994595648749
0.7575892203783
0.8335276547773
0.8808660043029
0.9177471271086
0.9423131156925
0.9428063024949
-0.7950155718998
-0.8667508874018
0.9919960281404
0.9916645753201
0.9788414449258
-0.9988805824491
-0.9991274987692
-0.9991930105024
-0.9990565627231
-0.9986017001821
0.9869674168754
0.9844641854356
0.9779607823575
0.9898030335724
0.9908249951334
0.9917640438629
0.9916739459393
 0.991961196935
 0.992005566341
0.9937671927711
0.9923066499443
0.9920211886287
0.9910863099517
0.9933987825635
0.9905998977145
0.9876739473432
0.9812902030077
-0.9959041784397
-0.9985117042743
-0.9987467032774
 -0.99894301126
-0.9991684501012
-0.9992550834203
-0.9990902538103
-0.9992254748631
-0.999193541965
-0.9993662732222
-0.9992066411658
-0.9991338240204
-0.9992859852826
-0.9990863313072
-0.9988945976292
-0.998774326285
-0.9986131583335
0.9871433444143
0.9844467140446
0.9753150633132
0.9896358475227
0.9911050369992
0.9905797784885
0.9917242934931
0.9921263072726
0.9937016086293
 0.993660738687
0.9919736060557
0.9922904398545
  0.99232367248
0.9923006012631
0.9920614441454
0.9915046688206
0.9917926005254
 0.990703754408
0.9884131906379
 0.988572136693
0.9897380660071
  0.98239993848
 0.959835420432
-0.9967773026792
-0.9986171378591
-0.9988263940838
-0.9986468391634
-0.998957576264
-0.9991739231826
-0.9991330023627
-0.9990706279911
-0.9992258802757
-0.9992095905472
-0.9992205624164
-0.9992246487159
-0.9991905975418
-0.9992044114317
-0.9991632845117
-0.9993412452795
-0.9991347751879
-0.9991187595622
-0.9990790323524
-0.998921020677
-0.9992047305186
-0.9987965630817
-0.9988395432482
-0.9985665829402
0.9868232983753
0.9886211893673
0.9888591811091
0.9719838000887
0.9894920393227
0.9910293480803
0.9914676982431
0.9916866992597
0.9921046356499
 0.992298715919
0.9922110318192
0.9918014082347
0.9922911202443
0.9920916466642
0.9915583967682
0.9911471818922
 0.990500018351
0.9907824499969
 0.988683124503
0.9838527051109
 0.983549723033
-0.9973098505757
-0.9986665042149
-0.9982873622161
-0.9977875579714
-0.9989759028628
-0.9991779225181
-0.9990992240947
-0.9990398465089
-0.9991893844848
-0.9992263276105
-0.9992121210277
-0.9991968680646
-0.9991518928002
-0.999223831597
-0.9992268360765
-0.9993719905409
-0.9992014516817
-0.9991590959322
-0.9993464767043
-0.9990681771866
-0.9989057016268
-0.9984926152914
 0.966142148267
-0.9976659769193
-0.9991824746492
-0.9990569131855
-0.9984116785521
0.9563917876586
-0.9983295114507
-0.9982008432365
-0.998051145006
-0.997888241211
-0.9976226343121
-0.9972982065293
-0.996740431348
-0.9958264783456
0.9897833490968
0.9870560086069
-0.998494251681
-0.9988548886391
-0.998947500136
-0.9990129576376
-0.998313805273
0.9841758012642
0.9769614107012
0.9884191176881
0.9870352578643
0.9896008881963
0.9882986173577
0.9831175996133
-0.9978952071394
-0.9987425272878
 0.988557524789
0.9900587575327
0.9895540647851
0.9863901474793
-0.9990011226329
-0.999030992442
-0.9989703104977
-0.9987173955013
-0.7934214383136
-0.8667959867184
-0.9990973307824
-0.9992229053454
0.9922791656294
0.9864695301989
-0.9991902787071
-0.9990132533853
-0.9990036161505
-0.9992378270094
-0.9992093936236
0.9893702777918
-0.7923158957059
-0.8668180200106
-0.7793403946725
-0.8668413524899
-0.8905788556877
-0.9765471089434
0.7809260000991
-0.9765902127729
0.9609431284631
-0.9988546092793
0.9829345144082
0.9877752574733
0.9905527032049
0.9904956805454
-0.9990144268319
 -0.99891693477
0.9859520476264
0.9893141525337
0.9901431213987
0.9887254951822
-0.9979117345101
-0.998769196982
-0.9990246191792
-0.9987925047976
-0.9835914538699
0.8475266545592
-0.9838446973947
-0.9883776777985
0.8908053653209
-0.9884662460105
-0.9921516477561
0.9259468927338
-0.9921952306886
-0.9949251609223
0.9517197271743
-0.9949194356975
-0.8902769709515
-0.8669129076793
0.9603781067793
0.9697915188195
0.9842686907933
0.9876398245615
-0.9987470699514
-0.7930447729655
-0.7650183389173
-0.8668111526892
-0.8668138004968
0.9879048766564
0.9892211632683
0.9861364222807
-0.9989640437761
0.9844155113356
-0.9976761320641
-0.9978764662986
0.9618590786247
-0.9977935292869
0.9810228237023
-0.9975775300548
-0.9981195609738
-0.9976427477145
0.8942952304228
-0.9888541011315
-0.9982745669928
 0.976000067549
-0.9932473621809
-0.9975303830812
0.9718013430212
-0.9964336691292
-0.9973547668015
-0.9964046736115
 0.961721199096
 0.954172529225
0.9765792928745
0.9731604167545
0.9741159500769
0.9657213948269
0.9756659722269
-0.9976196372805
0.9751301831713
-0.9950452410499
-0.9888921856257
0.9372869421075
 0.970143097901
0.9770082397185
-0.9980629304549
-0.9976471379357
0.9431228812668
0.9573931019589
-0.9974694149986
0.9766542093509
-0.9967781919572
-0.9978949342597
-0.9976472552699
-0.9983967149054
-0.9972434730088
-0.9937756420078
-0.9976898744937
 0.983206382586
0.9832783647576
-0.9926132790854
-0.9954752198079
-0.9974701158385
-0.9982609251648
-0.9982873019693
0.9804633772194
-0.9959455474521
-0.9967591817871
-0.9959062333169
0.9730043578353
0.9839539879437
0.9814168686584
0.9823620005447
0.9755361472361
0.9825045119171
0.9487090479857
0.9784644152243
-0.9983847450101
0.9627229193959
-0.9982537120342
0.9766913330177
0.9839735216738
-0.9978143326043
-0.9983873831398
-0.9980924295896
-0.9949298167733
-0.9958333055954
-0.9949452681754
-0.9983648820278
-0.997242807916
-0.9970732821331
-0.9977400457583
-0.9970916790879
0.9225909226593
-0.9976554149093
-0.9966091072675
-0.9925591421809
-0.8916286194695
0.9666039826304
0.9749122968997
0.9771179981342
0.9740151494177
-0.9971884428147
-0.9977003062336
-0.9980812531658
0.9669219542039
-0.9974051585249
0.9727739066933
-0.9970740325373
0.9665755816451
0.9697762063342
-0.9970097030236
-0.8916282648852
-0.8157747889533
-0.06161444970004
-0.7296770266708
0.8859273246321
-0.9954306067453
-0.9965173201722
0.9503376565337
0.9486593938339
0.9720380415522
0.9708893438865
-0.9946223222532
-0.9959845041558
-0.9945362563303
0.9574189198703
0.9663059528266
0.9689135401012
0.9640717876973
-0.9967971217455
-0.9968589133935
0.9737196032669
0.9770678665863
-0.8157584189799
-0.06176401241742
0.9684272392172
-0.8669358260584
-0.8668811122851
0.9675085141287
0.9440068879634
-0.9951502514498
-0.9966921418754
 0.900347706474
-0.9858019150678
-0.7964958283527
-0.7387634638832
-0.8667361658209
-0.8666310957176
0.9670401260861
0.9070833057975
0.9163968395931
-0.9898616620001
-0.9914215743709
-0.9872485495807
0.9282692060897
-0.8670881108553
0.8907843020911
-0.9952253155017
-0.9884796233079
-0.9910166711656
-0.8670425912659
-0.991979531064
0.9343191984518
0.9061697809736
0.9441961947255
0.9301825020093
0.9372976663693
0.9299922694913
-0.9930657490466
0.9380415940536
-0.9927144617355
-0.9875417802879
0.8402548309121
0.9486048095245
-0.9932304389298
-0.9922391373205
-0.8891763174351
-0.8906372272181
-0.892393289657
-0.891320998082
-0.6918481353515
-0.816786639602
-0.6293916947645
-0.2739349350944
-0.05256688211949
0.7985198072034
-0.9922546528751
-0.9940196115703
-0.7100149107483
-0.0566191434882
-0.891475008328
-0.891510827421
-0.992961514436
0.9286368602332
-0.8671978844861
-0.9862618565503
-0.994616423062
-0.976768607399
-0.9784072376427
-0.8668018773798
 0.925971054778
0.7676074465792
-0.9917119023848
0.8788723129452
-0.9779937287618
-0.6515259003372
-0.9889826903592
-0.9868889581373
-0.9761521457544
-0.9855044392144
-0.7337781529684
-0.980334558612
-0.8162905458433
-0.5424492262389
-0.04819738858954
-0.8672927706437
0.8071714400552
0.7506315510422
-0.8920355108589
-0.1721877525444
0.8553904833995
-0.8677976957212
0.8602826024115
-0.8172844348958
0.7564123077112
 0.849966488545
-0.8927354983411
-0.3372969953784
-0.6878035639995
-0.8664509553901
-0.8856862912013
-0.8908626300735
-0.9606485264487
-0.6032735132899
-0.9818227919923
0.7058023813853
-0.8680277832361
-0.8912131946292
-0.9783763410672
-0.8326474297089
-0.8118108458922
-0.8089282123906
-0.7619121755953
-0.6658888617543
-0.8908351283154
-0.8781529861085
-0.8903386206056
-0.8891638028025
-0.8747783979771
-0.8878713896635
-0.8855606106717
-0.8825530453907
-0.8663000116444
-0.8788236600726
-0.8409682441251
-0.853285329882
-0.7424904301402
-0.8743411456892
-0.8704495604843
-0.8644204393124
-0.846900412226
-0.8592397621195
-0.3489080465062
-0.1144718830356
-0.1390734239151
-0.4979778969485
-0.4880935041835
-0.4799165451847
-0.4693405270669
-0.4594218930724
-0.06665918244108
-0.4511090968249
-0.4460910866894
-0.4423631291341
-0.03767805283371
-0.4398965573238
-0.4385755089857
-0.03381449560597
-0.438234476685
-0.8933512033706
-0.888259658975
-0.8779240343383
-0.8699252081127
-0.8641890694492
-0.8641463179955
-0.8659439032351
-0.8729012236747
-0.8657591803574
-0.7947117421215
-0.8286545608198
-0.827846655037
-0.8233730631767
-0.8203042488625
-0.8188956746729
-0.8379326088205
-0.8488363078878
-0.8565700114558
-0.864295726748
-0.859591737852
-0.7094023091578
-0.8647983945073
-0.1737051377851
-0.8704865090128
0.6790545291349
-0.8179687304969
-0.8930128322648
-0.5922561385884
-0.4635428899468
-0.873711162215
 -0.83024216335
-0.819919637006
-0.8324445277682
-0.8402308157595
-0.8364155691786
-0.8171864281704
-0.8245167362987
-0.8238446931138
-0.8114200496427
-0.8157324438368
-0.7788062562115
-0.7875791321296
-0.7892724140953
-0.4167480207247
-0.7226882257798
-0.7404506399563
-0.8837888207083
-0.883238791851
-0.8898466787606
-0.8764023066077
-0.8812534029065
-0.8802313227802
-0.8713911468637
-0.8868218487629
-0.8841678466028
-0.8808026318947
-0.8689753569542
-0.8737787051983
-0.8719576141386
-0.861367816066
-0.8561973960775
-0.8459254435034
-0.8396018151415
-0.8556109363411
-0.2579386683966
-0.718174084339
-0.7791536705405
-0.7891164417051
-0.8766590601797
-0.8675895396743
-0.8451070476692
-0.8499070522329
-0.854014407268
-0.849787135188
-0.3250313531594
-0.394927160365
-0.1208710580951
-0.1059898877388
-0.1263798731328
-0.1228027363281
-0.137562768952
-0.1547909961334
-0.1446457598478
-0.5031237552176
-0.4642256567367
-0.474875269857
-0.4658909658176
-0.08253997485803
-0.07423693446313
-0.05138627635114
-0.04841685715657
-0.04867524172275
-0.4494650997078
-0.04539709007679
-0.0459476834322
-0.8921922637656
-0.8919131746457
-0.8863548510826
-0.8877315778073
-0.8842684630924
-0.8747454667512
-0.8778555168385
-0.8670574497405
-0.8700363361451
-0.8711108899089
-0.8688110576709
-0.8658807971617
-0.8600438528874
-0.8628280489456
-0.8650536742694
-0.8671384817143
-0.8608964667481
-0.8657639413561
-0.8671174123926
-0.8711994909788
-0.8714273190564
-0.8668146998501
-0.8665290096905
-0.8650959566758
-0.7737130594802
-0.8141390876434
-0.8224501321889
-0.792169845213
-0.8286985990989
-0.8315950827223
-0.8262345014289
-0.8264717799468
-0.8271179866343
-0.8218916715933
-0.8220223612774
-0.8226779897478
-0.8191758903896
-0.8194916197103
-0.8179856867988
-0.8495929259416
-0.8416629427693
-0.8239397655556
-0.8441236964865
-0.8407832111448
-0.845572340209
-0.8503739149884
-0.8581868345692
-0.8613368641591
-0.8586629155073
-0.8608374694527
-0.8551272889346
-0.8580342019253
-0.7462193855243
-0.7347295060948
-0.8633785471725
-0.8655479378129
-0.2343981408829
-0.1986365053876
-0.1657406671511
-0.8696100060627
-0.4817782869755
-0.8738535684157
-0.8714482201227
-0.8710467988688
-0.8259259219741
-0.8163723827809
-0.8199896742966
-0.8276605269385
-0.8301190576847
-0.8333753647095
-0.8401743272617
-0.8417576035759
-0.8332451055391
-0.8024512439299
-0.7986866737135
-0.3312266119138
-0.3952679049526
-0.7315829708272
-0.8825288431686
-0.8763793970156
-0.8770122909593
-0.8671620597924
-0.8668469330717
-0.8610816799626
-0.8634725859602
-0.198927692779
-0.282852400319
-0.3878088675309
-0.2659222312707
-0.199019715102
-0.8449726059869
-0.8486531825633
-0.8526064366384
-0.8525176558658
-0.8576864291786
-0.8551186826608
-0.1219139605056
-0.1217727522085
-0.1114613720611
-0.1419240366538
-0.1226008481955
-0.08676273971819
-0.06188362701548
-0.05034123463267
-0.04140541542182
-0.8922043857094
-0.8906190450703
-0.8904016273045
-0.8911687050506
-0.8853054734115
-0.8816661011309
-0.8713593183248
-0.868051108757
-0.8657376435708
-0.866133700478
-0.8620510391787
-0.8577299659111
-0.8605482611771
-0.8634771409319
-0.8667295554646
-0.8627040047149
-0.8597239667723
-0.8002158689933
-0.8235476328685
 -0.82193896871
-0.816168883512
-0.8057391329571
-0.7079958019618
-0.8281752782788
-0.8329859277584
-0.8247367318687
-0.8204477754311
-0.823954469823
-0.8517252785882
-0.8496758861474
-0.8492862201468
-0.8450550842759
-0.8423421103935
-0.8375823218825
-0.8560293613066
-0.8535061386715
-0.2671452306852
-0.8715120743076
-0.8210014108237
-0.8237676474358
-0.8367608710699
-0.8415989349997
-0.284094987492
-0.2243459961144
-0.238545563954
-0.2727455111083
-0.213754083737
-0.1371420632017
-0.09718750003051
-0.04111250647579
-0.8889355426493
-0.8288404629136
-0.8346991072877
-0.777917249694
-0.7213717277317
0.5128083653685
-0.5302965394625
-0.6626652057932
0.5693352006811
-0.9592574668457
-0.9624302499389
-0.8706508448341
-0.7578435546098
-0.8758317099618
-0.8472548698085
-0.02783689295904
-0.8738942230958
-0.7790593855336
-0.821996933295
-0.8200440994552
-0.8520914101974
-0.8625778838985
-0.2763386605433
-0.1356730140263
-0.8756781254462
-0.8292103215348
-0.849962387817
-0.8532267473627
-0.8812841016021
-0.8759450048362
-0.8536794125934
-0.826035470456
-0.8345723048668
-0.3334827890141
-0.5238985061988
0.6571140621538
-0.9652726759479
-0.7138750400361
-0.8524327409348
-0.6572897305217
-0.5569930267023
-0.6027806961417
-0.7060332467192
-0.7497375673594
-0.8559341221028
-0.8496503640783
-0.7442303337792
-0.851489166747
-0.8525255509694
-0.7067286035756
-0.5616682383583
-0.3059256470789
0.7369343343882
-0.4682935332046
0.6445274213065
 0.565120330706
0.4048280560983
0.4807838539766
-0.4879662381849
-0.5565320081355
-0.5611024409617
-0.5515912158567
-0.6394813001913
-0.856998554426
-0.8582514337581
-0.8586778849278
-0.3855931480704
0.5773341060469
-0.6556638260166
 0.490288065697
-0.9648402129927
-0.9747079282332
-0.9587812864893
-0.9407562041401
-0.9496705216025
0.5517695806541
-0.6907547815641
-0.8537766585665
-0.7690301540052
0.06291799791223
-0.8970896959237
-0.9141720473635
-0.8219694649785
-0.4119555992711
-0.8189902589967
-0.894173711476
-0.8375357901516
-0.8903789702443
-0.8897916634887
-0.8892871171554
-0.8898668535839
-0.8876701556232
-0.8864972994956
-0.8859597570531
-0.887091924074
-0.8852065892842
-0.8836724887472
-0.8831255153067
-0.8845960211599
-0.8820322013916
-0.8801275188936
-0.879578934919
-0.881399671389
-0.8752315832279
-0.8775225236935
-0.8780655677579
-0.8758836580263
-0.8694088125529
-0.8663564629418
-0.8657820209218
-0.8687336429423
-0.8518504669089
-0.6311043129048
-0.6280051238647
-0.3574572980794
-0.3643958604382
-0.327809702567
-0.3352010794047
-0.6151991549533
-0.6117882080722
-0.6126246023983
-0.6092697513297
-0.3186019558887
-0.3250783983414
-0.6062813664916
-0.6034255652074
-0.3069068706638
-0.3123055016645
 -0.59303828782
-0.592784170658
-0.2881136544774
-0.2881599531785
-0.8094101056704
-0.8295592611853
-0.8250439224058
-0.8530114113022
-0.8420595402305
-0.01472200847438
0.0009007735759096
-0.8909432407529
-0.8678150384051
-0.8629532659917
-0.863458269285
-0.7884188985061
-0.8312926645933
-0.8500799624149
-0.8210486584082
-0.8262682941923
-0.8172719420131
0.2661972300233
-0.111692888818
-0.936269330892
-0.9472170153756
-0.9589116929982
-0.9036700542374
-0.885002139191
-0.5655647906764
-0.8783970731431
-0.8816836134897
-0.8701790553459
-0.8668105587367
-0.8702643194205
-0.8613903771979
-0.0410944278795
-0.01567788370415
-0.004999688685119
-0.01405433552324
0.006397520765016
-0.8294269276195
-0.8597994695319
-0.8479297577922
-0.775950347029
-0.7149288031857
-0.6128273078767
-0.6653473807663
-0.6659179255745
-0.6013783262949
-0.6482921175021
-0.8562708486443
-0.8552181843898
-0.8561533466901
-0.8549428727472
-0.8543009179832
-0.6003881781979
0.2612386093789
0.3731102412865
 0.492258179907
-0.4593701113618
-0.7284076300698
-0.3798709765972
0.4310073095222
 -0.93993475216
-0.920974475859
-0.9482696596913
-0.9436145355537
 0.575382359588
0.4561258221873
-0.6329793549756
-0.6680232273059
-0.6898545446652
-0.7217962123983
-0.837273760487
-0.7685516622089
-0.795370192198
0.04435468845241
0.09000952566278
-0.8973426564219
-0.9011857301142
-0.9086652963978
-0.9153404680864
 -0.82189096216
-0.8250274852477
-0.2790682988864
-0.3491875061884
-0.3896593057162
-0.4296403558367
-0.837932910381
-0.8426208458324
-0.8499335637006
-0.8277814497889
-0.8233442306401
-0.824043089335
-0.8638668350045
-0.853758669276
-0.03652923320765
-0.0410693366405
-0.02631097128158
-0.8876113763222
-0.8625031146353
-0.8605829036071
-0.8642970894846
-0.8219902670735
-0.8012454427319
-0.8306117312506
-0.8334506604702
  0.29317039196
0.1136432035524
-0.1064540377749
-0.2005102429027
-0.008909084234758
-0.9270661352114
-0.9485873274481
-0.9400903401365
-0.9043114305524
-0.8957786673777
-0.8892129465795
-0.8852412531538
-0.8794912481692
-0.5030899439106
-0.5342958902199
-0.5640727024714
-0.8584184542045
-0.8477964126592
-0.853721361135
-0.03467059548259
-1.126185723596e-05
-0.8293539496992
-0.8375444147265
-0.8335489343523
-0.8682906714227
-0.8639535162868
-0.8612168194738
-0.8584764907564
-0.8531332127935
-0.8492346490599
-0.846636766452
-0.7530948354679
-0.7365857789052
-0.7781488904755
-0.7339107423662
-0.8026722104908
-0.8025611418615
-0.6843188172919
-0.6151631544635
-0.8573787511409
-0.8508879226178
 0.163445331313
0.2369433302646
0.3780843183248
0.3240749575881
-0.4193368974784
-0.5232825093221
-0.4768046396449
-0.4923902806113
-0.3614037915161
-0.9335009071548
-0.9226348421718
-0.9440393839192
-0.9506258713974
0.3920655693872
-0.6317673389149
-0.6674743390031
-0.6896451726602
-0.7004104437229
-0.6791493414059
-0.7210579665313
-0.7408865690929
-0.8206006818707
-0.8371778855083
-0.7684373642066
-0.7774580870395
-0.7593344068573
-0.7950297710088
0.04546076078431
0.06747704402703
0.02629252098675
0.0207534825183
0.01464664206961
0.09154328474564
0.1183144898699
-0.8956085861224
-0.8991466366202
-0.9014693216441
-0.9091041200701
-0.9155924032789
-0.9192233432974
-0.9122529708233
-0.8204482489341
-0.8201387086086
-0.8249737946368
-0.8234998292988
-0.8268905053733
-0.8239126572163
-0.8261250781326
-0.2761131377414
-0.3465852082801
-0.3889652624012
-0.4095081097729
-0.3687984280059
-0.4289496213753
-0.4495682481672
-0.8489610258136
-0.06794101069234
-0.8651242075068
0.3000679377492
0.2348101235641
0.3669020713992
0.1265600576375
-0.1053040885003
-0.1373753876585
-0.07246025689312
-0.196791858089
-0.001112006616577
-0.9281763160138
-0.9406085691122
-0.9457051268185
-0.9333249657825
-0.9044607023896
-0.9015192445656
-0.9075011720831
-0.8962024068866
-0.8893714735485
-0.8852956610474
-0.8833451964277
-0.8872072990315
-0.8796628713168
-0.8761785610416
-0.4843831307931
-0.5334900151742
-0.5637195083955
-0.578286410848
-0.5494642199707
-0.8454721064485
-0.8536021246872
-0.02236352195382
-0.8293369144123
-0.8280582984233
-0.8307486999486
-0.8375158300738
-0.8414611574555
-0.8335021821597
-0.8683754415917
-0.8640205465663
-0.8612308816752
-0.8598494989855
-0.8625753779877
-0.8584905525655
-0.8570313581275
-0.854469731046
-0.8518384904841
-0.8492363262712
-0.8479353504991
-0.8505371330507
-0.846638648578
-0.8452401239617
-0.7024496117033
-0.6953715175151
-0.668224195284
-0.6373849068334
-0.6152549137457
-0.6362832372839
-0.6634649804478
-0.6006318191364
-0.762349052855
-0.5479601603775
-0.8519218697795
0.1716388844833
0.2407619668861
 0.278883324242
0.2052337907615
0.3186214935451
-0.4060163445053
-0.4549854721518
-0.5677192837503
-0.9230106331217
-0.9184515195681
-0.9276308214311
-0.9415557416236
0.4516340879659
0.4811670850285
-0.6315057442625
-0.643929008337
-0.6189059392199
-0.680720068828
-0.6735020004069
-0.7208920924592
-0.7111749949171
-0.7308764061198
-0.8205194560368
-0.8287747122759
-0.8097486401555
-0.8263435356746
-0.8139717083633
-0.7949546640997
-0.8027036720725
-0.786594772391
0.06806692492123
0.02434762652472
0.1171163466168
0.1437690241589
0.1642861905639
0.1361349985251
0.1332620027907
-0.8951951216888
-0.8942724060901
-0.8954555035345
-0.8978803675896
-0.898779201303
-0.9043864856512
-0.9005042611779
-0.9120060497475
-0.910430379705
-0.9107103433978
-0.8210561187506
-0.8228726030917
-0.2754292590425
-0.3001191027862
-0.2502729769692
-0.3460084963747
-0.3244234547302
-0.4091924736992
-0.3711606552293
-0.3678019341305
-0.447804757069
-0.466220615293
-0.4802071489219
0.1296508809897
0.1770698195576
0.08240131534066
-0.1959486088402
-0.2229628823967
-0.1685427784136
0.0006121557646888
-0.03614648319056
0.03825600448801
-0.9231306699242
-0.9333466039489
-0.8962988959921
-0.8987194257878
-0.893848475996
-0.8868714538665
-0.8882294910968
-0.8797028619501
-0.8814204449139
-0.8779461491734
-0.874593754398
-0.501081070405
-0.4608208883273
-0.5517926259009
 -0.54179023569
-0.0118948399508
-0.01202965357305
-0.8271104355763
-0.837509511903
-0.836182979195
-0.8388315538643
-0.8427494985806
-0.8334918795267
-0.8321739001392
-0.8347974875729
-0.8683953274862
-0.866909602649
-0.8698951035666
-0.8640349798917
-0.865406940187
-0.8598559067651
-0.862485028895
-0.8626249331691
-0.8571421504393
-0.8558030299215
-0.8547541193666
-0.8531544889321
-0.8564116528006
-0.8518442950785
-0.8479365248387
-0.8505389156414
-0.8453414839837
-0.8440456193686
-0.8430234070441
-0.6767725252139
-0.7797611052422
-0.7512039891986
-0.7963453801764
-0.5916322852347
-0.5538431627929
-0.8535429740325
-0.8536774205866
-0.8551171678652
-0.8459110421685
-0.8494688340614
0.2689178486975
0.2001538317586
0.2058981061053
0.3366459088662
-0.9290040271222
-0.9241605557408
0.5853226627174
0.6021652835501
-0.6558549407743
-0.6614684118565
-0.6525120599371
-0.7064938144035
-0.7299506290929
-0.834151299668
-0.8319703931736
-0.8082743229161
-0.7823906095079
-0.8973604972361
-0.9001343555104
-0.9025932743251
-0.9035526166082
-0.9063569874669
-0.9064771908546
-0.9033966247728
-0.903638660542
-0.9131779054793
-0.8246958322386
-0.8237949449647
-0.3145678495871
-0.3920087373411
-0.389884517331
-0.3958911931573
0.1908550580293
-0.2383246479005
-0.1566470645029
-0.0579235054543
0.05236536498015
-0.9259789270209
 -0.91999981338
-0.9222202417635
-0.8996904932823
-0.8915616851239
-0.890475540978
-0.8920427288097
-0.882211507611
-0.8780810329731
-0.874615573857
-0.8729983689225
-0.4913854282542
-0.5174871405776
-0.5253043316683
-0.4992501462413
-0.5121109014029
-0.4489593111111
-0.4627764495793
-0.4726535167959
0.0066344437586
0.0334511936778
-0.8414468163459
-0.8446971838554
-0.8315580655705
-0.8355136151829
-0.866095160059
-0.861123265818
-0.8616305992275
-0.8610136586786
-0.8538981287282
-0.852941677911
-0.8571502000495
-0.856099562965
-0.8553457198225
-0.7162108784393
-0.4936084277431
-0.4431432124014
-0.5262579859435
-0.8506243721021
-0.8513414117195
-0.8493014465311
-0.8463508375919
-0.8479344563668
-0.8463325156589
-0.8483649613244
-0.8499667851281
-0.8459756772491
-0.8482717103047
-0.847739209622
-0.8422178759815
-0.8473876650682
-0.8439342891894
-0.8449897957337
-0.8453571797338
-0.8458105714107
0.2306554217281
0.1791298855229
0.2147451536847
-0.9300309853996
-0.9327312761405
0.6443305220869
-0.6427008620005
-0.6516935320713
-0.706057761888
-0.7821655151979
-0.8967825779158
-0.8237200976633
-0.8224950744054
-0.8222684736812
-0.3131429610698
-0.3724321836033
 0.200202932473
-0.2186930554979
-0.2572402631272
-0.2380899706159
-0.1543404292338
-0.03117825474672
-0.08215469789446
-0.05673278798387
0.05735216981843
-0.9187903883629
-0.9229077526671
-0.9252180569407
-0.8999589498055
-0.8940084871102
-0.892312637029
-0.8823186516568
-0.8714283859093
-0.870766248757
-0.8721173390409
-0.8707133729964
-0.8421806272056
-0.8401439214524
-0.8396399101721
-0.8406715441542
-0.8395508628109
-0.8453783948375
-0.8443480426726
-0.8436070378584
-0.8324700985267
-0.8304620536556
-0.8314482804338
-0.835498686054
-0.8661338073193
-0.8625041782244
-0.8386688837267
-0.8466128901462
-0.8526214471555
-0.8510629492969
-0.8524916522296
-0.8516291066108
-0.8497980040288
-0.8507190032248
-0.8541714162099
0.1885503742966
-0.9350591254111
-0.8989486323176
-0.8212138348746
-0.3445163963084
-0.9203872453324
-0.9176175413618
-0.8735809367381
-0.8644857767141
-0.8426736989815
-0.8371343696839
0.1335549982916
-0.8229926283603
-0.3535042919174
-0.3681267175931
-0.3229077817428
-0.3646701516841
-0.8724319841833
-0.863786869434
-0.8629636766052
-0.8656954889649
-0.8635307904365
-0.8428404435146
0.1567702439954
0.1614360123993
0.1198037442028
0.1232381407409
-0.8244021867919
-0.8700279737194
-0.8744453359689
-0.8717577581162
-0.8766766865899
-0.8705472567865
-0.8725294623308
-0.8777511191686
-0.8759985873438
-0.8726465974596
-0.8905064679564
-0.8909429890466
-0.8907758035556
-0.8884298144097
-0.8890359039011
-0.8885582339864
-0.8723100444035
-0.8733620872012
-0.8718717657287
-0.8616485222474
-0.863102510728
-0.8612130370525
-0.4095797423643
-0.6186489881199
-0.630503654251
-0.3674301907397
-0.5943573392711
-0.6081919224678
-0.362340375235
-0.5911375406612
-0.6054380148678
-0.3587836604707
-0.5887522008782
-0.6034627380162
-0.356687592642
 -0.58717030362
-0.6022196735255
0.7095625195287
0.6145771177273
 0.478233479981
0.5247841071261
0.7912227764006
0.3422691431405
0.5749620693592
0.4232480875605
0.3894203167247
0.4992223339152
0.6067169592304
  0.30530528939
0.3787110331382
-0.846022645859
-0.6210613834127
-0.7465684370086
-0.8803056099573
-0.873795396746
-0.8706030621335
-0.8205320600825
-0.8578686623129
-0.8672828049132
-0.1283612169986
-0.3014869234628
-0.04563460015646
-0.8467739296715
-0.834491192079
-0.8390350017385
-0.8618305964378
-0.8877704194574
-0.8383869327627
-0.362222791839
-0.9664916785216
-0.9747891327517
-0.951528061277
-0.9820013527515
-0.8632396144446
-0.8490818161737
-0.8421903315313
-0.8315451198602
-0.8317461383002
-0.8703386603761
-0.862315361369
-0.8606283764063
-0.6634471446944
0.4268771446653
0.4394909019018
0.5011147036587
-0.8518315770089
-0.8476409550494
-0.8633190225357
-0.839691672635
-0.8534848219458
-0.01048596987341
-0.04054079992054
-0.03366094689289
-0.8877305933395
-0.8914388720006
-0.8875382240251
-0.8640557426872
-0.8412359980045
-0.3323332661514
0.04206479372283
-0.8269773398626
-0.9505746518818
-0.9340554143213
0.2915177124911
-0.5413423364675
-0.639400040947
-0.6468419311583
-0.5735706518285
-0.8101741308383
-0.8762383068303
-0.03046007580833
-0.7755932681491
-0.8176326960766
-0.8082146703515
-0.9064348842926
-0.9099500064318
-0.9005097365979
-0.8985338788427
-0.9007499023313
-0.4332484476626
-0.5204633948474
-0.5438602331199
-0.5521069415849
-0.4304242399494
-0.4788993162337
0.01784265795988
-0.8585201400039
-0.8584917871281
-0.8549815430041
-0.8404502659078
-0.9238565691698
-0.8944773720484
-0.8238081659017
-0.8258489137504
-0.8417758209015
-0.8463805319616
-0.8432781089074
-0.8545719313086
-0.8589884548852
  -0.8567757525
-0.8587905083735
-0.8562120875035
-0.8574029751524
-0.8585070204381
-0.8413545960618
-0.8223268055272
-0.2811234735708
-0.3024210124457
-0.2971626492409
-0.8669069169867
-0.8675167849375
0.06763013252876
0.1033094125442
-0.8235438528264
-0.8286689004588
0.4392748326263
0.1950239556956
0.2992925168727
0.3818725877411
-0.8465776468304
-0.6900491114275
-0.6671562908432
-0.7683445615778
-0.7879661839887
-0.8762447279458
-0.8726801773993
-0.8557683706562
-0.8653063563664
-0.1946322840597
-0.3137019733824
-0.09158999963714
-0.8407928054941
-0.8808868644143
-0.8388321580391
-0.8419090391848
-0.8649068391665
-0.8417970837518
-0.821774115673
-0.8306689203594
-0.8340517798705
-0.8680827520316
-0.8684584712956
-0.8535738562169
-0.8603488546889
-0.8329151176852
-0.8439599413276
-0.8385974001213
-0.8382855677941
-0.8298472859702
-0.8437267176136
-0.8199342935962
-0.8369562185381
-0.850548718848
-0.8286305026125
-0.8163442802533
-0.8484969171856
-0.8269154056769
-0.8084971486987
-0.8165209026855
-0.797879174815
-0.8086769606212
-0.8070022713847
-0.8157550536194
-0.7839769263866
-0.7932252844461
-0.8708800966338
-0.844435763838
-0.8505866809788
-0.8616030315271
-0.02929473885804
0.05074646985871
-0.05415381767231
-0.0163295674473
-0.05424986877329
-0.8833355285888
-0.8862237371867
-0.8892057571771
-0.8844109491714
-0.8974697512908
-0.8851471251634
-0.8923244509149
-0.3677954248261
-0.8263530340636
-0.8253377697288
-0.9479207454667
 0.230370297408
  0.29433115641
0.3428675436083
-0.6904826715207
-0.8132193464002
-0.7507127357208
-0.763892983027
-0.9111962481193
-0.9025048673976
-0.4128223623029
-0.4650586663808
-0.4223133009191
 -0.41040505027
-0.3939832927264
-0.4230372919646
-0.4139832760079
-0.4158526468169
0.01697664293615
0.004459243070742
-0.8600233269555
-0.857008996028
-0.8598006448039
-0.8603798792873
-0.8616681367094
-0.8609018362718
-0.8608300962239
-0.8596407970383
-0.9281243826101
-0.8947880015961
-0.8961287880339
-0.8468062419702
-0.8425373859047
-0.8614330497246
-0.8626108202421
-0.8596130394726
-0.8598179315504
-0.8612767519761
-0.8616084721973
-0.8606485497619
-0.3239365420574
-0.2497795529296
-0.8659893777891
-0.8664432267976
0.04354153485376
0.06518586129778
0.03806690478673
0.09089844232712
0.09627445035646
0.08266764543744
-0.8281882782555
-0.8265060508939
0.2818357940891
0.1139981615363
0.4260457726989
0.3592926251414
-0.8469268306379
-0.8495066073291
-0.8440910639018
-0.7281532173304
-0.7139952689333
-0.7166456550488
-0.7303581502542
-0.7483242551714
-0.7004098859642
-0.598934924888
-0.7830586798149
-0.8082565366285
-0.8739355584235
-0.876854887989
-0.8545461397743
-0.8577435506975
-0.867284648796
-0.8626867818665
-0.2296371873594
-0.1831327019743
-0.3144608185215
-0.3837533572284
-0.114512289082
-0.1026077955415
-0.8494598827494
-0.8773526904076
-0.877625553509
-0.8419693811908
-0.8589248615794
-0.8538928544343
-0.8597128422799
-0.8432853278801
0.02010681641907
-0.02248685809403
-0.07054136657062
-0.04742752194372
-0.8807739074223
-0.8907982979422
-0.8892213447425
-0.9568014595396
0.2094314281259
0.3467020078042
0.2664192177035
0.4062427020705
0.4142709577803
0.3422641143467
0.3940883717605
0.3140762866261
0.3379765885937
-0.9119448200074
-0.01336723617811
-0.8491060866161
-0.8433672368729
-0.8445563080003
-0.858300314099
-0.8574760283693
-0.3019931213192
-0.2732423920159
0.01781656127318
0.02297794418533
0.1137138682843
0.1140050994578
0.0841879436842
0.06663028286166
0.04447989807467
-0.8265799359892
-0.8257172148339
-0.8285597537852
-0.8263937492769
-0.8271911785776
-0.829862411553
0.3355154323634
0.2051565673202
-0.8524382989569
-0.8485509723186
-0.6695610613121
-0.7288987519953
-0.764789131189
-0.6470466976198
-0.5702427665589
-0.6461817661729
-0.5991549331097
-0.8190230085718
-0.8074961677091
-0.8208272275764
-0.8806366393159
-0.8800382144122
-0.8572606879541
-0.8590465189108
-0.8687826501778
-0.8706174193271
-0.8672403786962
-0.8702466273098
-0.8633233002613
-0.2013764321046
-0.141872301147
-0.3659170487694
-0.4451931110256
-0.1164267367322
-0.08057159568548
-0.074259531853
-0.874453176393
-0.8782538790801
-0.8830731877195
-0.8511676223041
-0.8579762960259
-0.8433795990691
0.0206752458183
0.002777636039381
0.06757029141676
0.03804761144911
-0.8783847770652
-0.8772788348257
-0.8827788203585
-0.8871099801395
-0.8866453821009
-0.8858563168283
-0.8812346359948
  0.24980233441
-0.02049061790976
-0.8480576899774
-0.8456939188095
-0.827168627037
-0.8286200868441
0.2598046168031
-0.8503579240752
-0.851473173446
-0.8504373314398
-0.848318074634
-0.7492849960015
-0.6528126740467
-0.6331975195938
-0.5011152738551
-0.8172038553589
-0.7845047848976
-0.7902871535521
-0.789740275691
-0.8291736476599
-0.8061344911701
-0.8253413683041
-0.8797213230856
-0.8863665654603
-0.8829192776693
-0.884731283434
-0.857619207297
-0.8694229394596
-0.8751643648892
-0.865314240388
-0.866247390834
-0.8611711748282
-0.1710614925948
-0.3555294611037
-0.09445709979748
-0.08829429957783
-0.8806729493802
-0.8867666989604
0.004154466521251
0.03000168190408
0.09336267427007
-0.8807431221301
-0.8475334103443
-0.8279500824806
-0.8268470696837
-0.8263701188549
-0.8479642589998
-0.6863207311866
-0.4726665186834
-0.5521596792982
-0.7993834336882
-0.8012600517665
-0.8114739265102
-0.8267678704707
-0.8820662907873
-0.8725488499252
-0.8730018948603
-0.8735656474541
-0.8602298847679
-0.1095852942999
-0.1063191271963
-0.07622860267875
-0.01964460055288
-0.05132013110932
-0.8817070636422
0.09988206333751
0.07130478326589
0.06440201240091
0.04571098075889
-0.8257742689519
-0.8293264734033
-0.8276955398061
-0.8276324416673
-0.828424944822
-0.8293677228706
-0.834271435305
 -0.83185011837
-0.706928773907
-0.712256643115
-0.7126723142548
-0.7285836988882
-0.7430228283293
-0.7442797725529
-0.5364962845334
-0.5845830820484
-0.5484789257159
-0.8727319640949
-0.8803026844943
-0.0662380404265
-0.02853740741567
-0.8323334546223
-0.8306347308969
-0.8344549439808
-0.8321133153291
-0.834420369322
-0.7236178409972
-0.7659766773614
-0.7655269865183
-0.5755440000298
-0.5399703697343
-0.8746203773917
-0.8763599182398
-0.04430438736237
-0.05179731733885
-0.03303130232111
0.0889054127711
-0.8327724689091
-0.8306762865259
 -0.83440797173
-0.8345161906588
-0.8405669137671
-0.837393541967
-0.8325487684964
-0.7287889120764
-0.6816565640654
-0.7521505927777
-0.7663687741029
-0.7800506772472
-0.476443857277
-0.8730783881291
-0.8744161715001
-0.876272370614
-0.8783306114399
-0.8782446952445
-0.06528803926587
-0.03857604530955
0.0257714387043
-0.832557248337
-0.8344403776874
-0.8326041577738
-0.836556177518
-0.8315635786398
-0.8335642461759
-0.8305983103076
-0.8389780256805
-0.8348192516193
-0.8320123354079
-0.7007088792456
-0.7145867726616
-0.5205478738727
-0.872179659691
-0.8748333747375
-0.8760912764271
-0.8768308631508
-0.8827790602836
-0.08837910548115
-0.06224257112068
0.00570410162532
-0.003340675738139
-0.0005021123584269
-0.8322531077606
-0.8332583804773
-0.8361295007644
-0.8368676914014
-0.8390309018035
-0.8372867123321
-0.8332166287959
-0.8332865076028
-0.8301905339921
-0.8308617208262
-0.8289965422217
-0.683973673475
-0.7237246193105
-0.8741661465833
-0.8701629242976
-0.8717721506814
-0.8689979293705
-0.8704594264137
-0.8828799307699
-0.8801213265705
-0.090938445763
-0.1103211817148
-0.1271597224364
-0.0951399768693
-0.05962865965845
-0.08312471089268
-0.08004402351115
-0.02056024917197
-0.02041071489007
-0.005577122214467
0.01662619518259
-0.02331239767615
-0.8402122141505
-0.835737615351
-0.8368905796166
-0.8357109760268
-0.8368056405182
-0.8332347220986
-0.6953493276645
-0.6840637443089
-0.6575979873654
-0.7298350588614
-0.711724785603
-0.8680930145395
-0.8672717277279
-0.8652309553908
-0.8682339481715
-0.8662756482651
-0.8636397344476
-0.8672454107481
-0.8789974727125
-0.1091931540762
-0.02371398971562
0.02916460808666
0.06097314493756
-0.8386358247959
-0.8361641871224
-0.8389263265198
-0.8428924769037
-0.8386292316597
-0.841260462742
-0.8373562657481
-0.8332249255068
-0.6671000385707
-0.5792344111502
-0.6480332947371
-0.8722736811277
-0.8665652065899
-0.8623008910336
-0.864127426722
-0.8643818338284
-0.8607737168678
-0.8769041178132
0.03645506884375
0.01633739058343
0.03658085434435
-0.8407417942628
-0.8447738635539
-0.6180572076026
-0.6574902081467
-0.8697285558569
-0.8650992391565
-0.865378780149
-0.8592897596969
-0.8619167803586
-0.8436996833465
-0.8426290640211
-0.8426748958998
-0.844126117608
-0.8491048653198
-0.8466960168273
-0.6393225448261
-0.6641776365094
-0.8705681830487
-0.8723595470158
-0.8719857630258
-0.8639496403442
-0.8621005654284
-0.8636383927712
-0.8621971550254
-0.8571687899864
-0.8593093860166
-0.8427696207996
-0.8409115693014
-0.8470488205076
-0.8454835120167
-0.849919650549
-0.8715118011576
-0.8593910920999
-0.8422303598441
-0.8465643521377
-0.8444113754402
-0.8483654056408
-0.877499319991
-0.8683923347431
-0.8472792070393
-0.8500197077986
-0.848332521349
-0.8481340611552
-0.8451578971146
-0.8744019872452
-0.8689636845093
-0.8670725019162
-0.8703350465828
-0.8436467145065
-0.8410461754714
-0.8467477321459
-0.8462868891554
-0.8726899166184
-0.8734359815043
-0.8754093516256
-0.8769795422464
-0.8794002087414
-0.8451475499276
-0.8735769294363
-0.5372871637254
-0.599022112551
-0.5312369240301
-0.8722635671343
-0.8351215231584
0.5758701749329
-0.8084066168199
-0.8305359255032
-0.8161818067826
-0.8229562858963
-0.8289527100754
-0.823393799923
-0.7630720672359
-0.8505146750841
-0.8490587777063
-0.8506818430744
-0.8492503459084
-0.8501076478841
-0.8517560314587
-0.8522558627403
-0.8544727832327
-0.8552107844923
-0.2839754976556
-0.8281628210787
-0.7410400925873
-0.7502710240002
-0.7540427585096
-0.7544637812243
-0.7470899884393
-0.736095983949
-0.7461012722205
-0.7466176482461
-0.7341758301166
-0.7471297176602
-0.7389044250543
-0.7170652310137
-0.7306468643166
-0.802529430048
-0.0295366084696
-0.9249564112558
-0.6732479008881
-0.6748217699741
-0.6637699919629
-0.6466396823513
-0.6515480981023
-0.6661407029576
-0.6327632071361
-0.6437386042892
-0.6552499514963
-0.611017760391
-0.6011208415469
-0.6269250313953
-0.6187042085428
-0.6354631369481
-0.6429009377747
-0.6049893805273
-0.6114304754107
-0.6222906707358
-0.6389738661615
-0.6272509045713
-0.6193973167062
-0.6093634295446
-0.6138119391931
-0.592856782452
-0.5773396848218
-0.5921449088176
-0.6057460387957
-0.5835635168092
-0.6121570354839
-0.6208405017931
-0.5944708459952
-0.5766231318666
-0.5772593763853
-0.5612015633901
-0.5494160507474
-0.5908135109028
-0.7155686221745
-0.6966486396269
-0.7901908861252
-0.7741354853856
-0.8946998109166
-0.3347665948759
-0.2920833329123
0.1490514635201
0.2455724582324
-0.1820625670755
-0.1681373738238
-0.1275529722154
-0.07495090950849
0.01802644815813
0.02741487999154
0.09410294706456
-0.925799886828
-0.9291717674226
-0.8974640258847
-0.8983286860029
-0.9023306021798
-0.8880396786998
-0.887882764778
-0.8898877302724
-0.8920850830346
-0.8918706361777
-0.8894892128827
-0.8822939200431
-0.8871298230903
-0.8856492024692
-0.8891384494115
-0.8874328847388
-0.8951464801619
-0.893647601351
-0.8860069359008
-0.8944049635388
-0.8950143539996
-0.8981642265358
-0.9011324465704
-0.9048838059176
-0.9022308527821
-0.8875248294002
-0.8843443606367
-0.8831206107585
-0.8909626001571
-0.8851944093532
-0.8837484788449
-0.889129873526
-0.8923372467789
-0.8948174576787
-0.8988501162193
-0.8806144677928
-0.8839882760289
-0.8342968449423
-0.8367341723173
-0.8648108197608
-0.8674535538214
-0.8693551611279
-0.8383656419568
-0.8376815492083
-0.8736157383461
-0.8696105104197
-0.8759913906919
-0.8737757652502
-0.8705822889675
-0.8772497377836
-0.8769186329825
-0.8819797349561
-0.8804710017789
-0.884696938363
-0.8772655625268
-0.8950442425121
-0.8870339916402
-0.879221402753
-0.8749609979742
-0.8837162178699
-0.8918980567531
-0.8787118688187
-0.8886773650606
-0.9543429202558
-0.9298372997195
-0.8642576409376
-0.8897714987103
-0.8909175066356
-0.8926414455531
-0.8927679529029
-0.8944829965453
-0.8957990907587
-0.8932914564515
-0.9273568539924
-0.9342030580787
-0.9355781427157
-0.937706523636
-0.8927972929791
-0.8566772698059
-0.8687216750526
0.1578908779336
-0.8422026695479
-0.8420079827137
-0.826773044122
-0.8442761109646
-0.8437806008462
-0.8421204931158
-0.8265440459817
-0.8348620151712
-0.8250393774093
-0.8088747223938
-0.8247093756738
-0.8342059973008
-0.8283902069928
-0.8186057272527
-0.8309789349775
-0.8110098522702
-0.8278731146269
-0.8206064764978
-0.7990554559565
-0.8392814800792
-0.7912380252885
-0.7966039799112
-0.8462826640479
-0.7806133825311
-0.8946439164362
0.1952658740616
-0.4415743574567
-0.5036621977394
-0.4426454583944
-0.4674586490245
-0.4469527686658
-0.3547346290427
-0.8588433805313
-0.8556627469599
-0.859249827185
-0.8583576209955
-0.8593782839267
-0.3216993723109
-0.345985541219
-0.2555817107213
-0.2283326981571
-0.2118511706293
-0.8650497131557
-0.864710898403
0.3216153725529
0.3141936619239
0.3387228937543
0.2309766962928
0.3991800237638
0.2547455512892
0.1792871168768
0.0585891481731
0.1196604877119
0.1100561726374
0.09218986774157
-0.009471463662944
0.1266012233807
0.0517772920841
-0.06538118314169
-0.004934284493933
 0.140128525932
0.1994867283679
0.06336251181464
0.01319201644199
-0.03312633646835
-0.06650591539129
-0.03694695578744
-0.008680017988306
0.0432034317664
0.1452265971646
0.0698143812986
0.005904662742125
0.0928156982092
0.2186092644495
0.2233506418902
0.1734203219838
0.1166620619011
-0.04607298309695
-0.02521037520009
0.2016212593807
0.1687015412507
0.2773140330525
0.1547425151832
0.05510789428522
0.06358538330342
0.01893356833242
-0.1875677072814
0.006355553211017
-0.03375415535346
-0.1150488115855
-0.07512065848709
0.09558783351209
-0.8949651865707
-0.8918353110186
0.4884711738699
0.4997092029008
0.4159299750617
0.3110311559818
0.3592462596077
-0.9157498950241
-0.9052400829104
-0.9064301310661
-0.9092759337453
-0.8314594304988
-0.8283284762242
-0.8547075943271
-0.8525829138439
-0.8853635304457
-0.8844351746948
-0.8571361111614
-0.8690912414461
-0.1588518418007
-0.2009893162778
-0.193529532591
-0.2527382952201
-0.1474251395485
-0.2276852781907
-0.2545354229276
-0.1577893715609
-0.02137198333508
-0.125780423709
-0.299298943441
-0.08383058221488
-0.1519742401391
-0.2202735328088
-0.1171066597079
-0.1662042816607
-0.2514263876221
-0.1986295113702
-0.3015119763413
-0.1613652195758
-0.2887000907351
-0.3697770004624
-0.3293186185094
-0.2190890465712
-0.1410400412264
-0.1056778137863
-0.06523682119121
-0.08654924715206
-0.06966555811304
-0.8841240079104
-0.8465823300521
-0.7969551674712
-0.8168811211051
-0.8102023643173
-0.8889479631508
-0.8279243647147
-0.8248248864394
-0.1230012252826
-0.882188640906
-0.8855622110046
-0.8855467689694
-0.7700370660289
-0.7796038149247
-0.8291122468242
-0.8293913772631
-0.4201014844004
-0.4734444457951
-0.4981652179616
-0.4262209136573
-0.3954344269629
-0.4285956748164
-0.8782587757136
-0.8793157606101
-0.8782928610292
-0.8824427106978
-0.8828767474824
-0.8872303090624
0.04690933342202
-0.8357001675752
-0.6709374260946
-0.6322855606461
-0.6467248743552
-0.6211572646898
-0.6701924846131
-0.6201982634375
-0.569671338998
-0.6009088417199
-0.6131864935069
-0.5844653339757
-0.5718404697409
-0.5977003207087
-0.5785244325837
-0.592231994577
-0.5313846520894
-0.5553970732725
-0.5397489931929
-0.667534281847
-0.6547011947746
-0.5989533856642
-0.6002653610193
-0.5655581524773
-0.5358510007917
-0.5551955400293
-0.5324987942918
-0.5663199667217
-0.4996765744819
-0.567794060213
-0.6459570020755
-0.4723026565117
-0.4801131485802
-0.4937698494134
-0.4961478935227
-0.8319327457005
-0.8363814440868
-0.8359478626595
-0.8348534135524
-0.8350988688548
-0.8337910257013
-0.8378109454864
-0.8347085362193
-0.8362267610393
-0.8338074395774
-0.8369428130643
-0.8391847099495
-0.8376969152007
-0.8378180963438
-0.8391238745524
-0.838624068798
-0.8350759695033
-0.8365905311856
-0.8373951262274
-0.8400028882468
-0.8386677059777
-0.8399171364852
-0.838862971515
-0.8325397725466
-0.8405017172843
-0.8412265156421
-0.8419001194621
-0.8432600817298
-0.8436472950298
-0.8406523043076
-0.8415564116474
-0.8425260267519
-0.8402182094889
-0.842726709815
0.05684282134368
-0.8627912045111
-0.8596956579826
-0.8605893880267
-0.8611121839971
-0.8591823844537
-0.860421538786
-0.8562142991652
-0.8575854995854
-0.8500310053835
-0.8531580178428
-0.8754495432528
-0.8407165176865
-0.8489950726097
-0.8757232655981
-0.8772658810302
-0.8806873218204
-0.8303144642337
-0.8344513033344
-0.8336731646504
-0.8356013491831
-0.8338564600824
-0.8292727689641
-0.8489303293374
-0.8509660278535
-0.8533611720666
-0.8533475628745
-0.8564052440189
-0.7629917349146
-0.7656926317614
-0.7585758226048
-0.7689044140916
-0.7551555991009
-0.7611113046456
-0.7760884524382
-0.7732279504353
-0.7659028756052
-0.7825489542828
-0.7682045291075
-0.7068803979017
-0.7244660308135
-0.718052848558
-0.7142923991407
-0.6633134277818
-0.6609843535577
-0.6584738489159
-0.6960852889565
-0.6768568531768
-0.6772353488903
-0.6637077166211
-0.6631451719553
-0.6763150876237
-0.6860275251367
-0.7093345837734
-0.6735193630352
-0.694570074418
-0.6989341471466
-0.7138066846231
-0.7071174930182
 -0.69369584559
-0.6759278236767
-0.6845242841103
-0.7067808154954
-0.7469759282876
-0.7079079406764
-0.6916733231191
-0.6872677202268
-0.6774635660484
-0.7284045882663
-0.7233690692209
-0.7018966752886
-0.7083238019614
-0.5637121634118
-0.5190283788127
-0.5164368485122
-0.4892758575546
-0.4777283573983
-0.1482336480562
-0.1753481566733
-0.1220272261901
-0.1557555808502
-0.1138011051274
-0.1480188828175
-0.210139040143
-0.1814281928708
-0.1822513767824
-0.2472961046595
-0.2005113653415
-0.2339258820948
-0.2143209579914
-0.1573364601739
-0.1088380373924
-0.2561157734681
-0.3052577984718
-0.1705160445824
-0.146100241951
-0.1145100336131
-0.2468016977736
-0.08179815673786
-0.06929564004771
-0.2191946549429
-0.2538429408572
-0.3193980586166
-0.2830275888492
-0.2909285922335
-0.3100170894537
-0.2964305305841
-0.3252427658489
-0.399979080928
-0.2805935266418
-0.3173739541203
-0.3550360693331
-0.3600377106093
-0.2630352682879
-0.3705331467469
-0.3401906086178
-0.3875865401959
-0.3806873626458
-0.4216747482604
-0.3745469969904
-0.3836522494745
-0.4061736295291
-0.3537747938844
-0.3807405213238
-0.3435545829635
-0.3966167478481
-0.4509562473629
-0.4258730638557
-0.9312417274201
-0.8818586559421
-0.8850224307867
-0.8861753987773
-0.8833701304541
-0.8811817636435
-0.8789225615401
-0.8834474839099
-0.8772324779472
-0.8749779323168
-0.8791630792504
-0.8777286158558
-0.8768088336868
-0.8812435165872
-0.8746434674749
-0.8791117495041
-0.8796691762828
-0.874058807149
-0.8774296504298
-0.876516305405
-0.9134301197754
-0.8881390531139
-0.8806034141611
-0.8815615436795
-0.8989136138133
-0.8983581181726
-0.9019579268181
-0.9006501419005
-0.8399386763913
-0.8713876393625
-0.870908843583
-0.8688027444808
-0.8680293078858
-0.8672329325306
-0.8909465473492
-0.8888524696316
-0.8912865188944
-0.8888892547466
   -0.892806638
-0.8986110633718
-0.8972772879036
-0.8949949917238
-0.895683727064
-0.9106529546635
 -0.90075653694
-0.9038119614345
-0.9004155939901
-0.9295728492519
-0.9192973817102
-0.9234311010314
-0.9139946401702
-0.9249982747333
-0.9179157677568
-0.9165492939575
-0.9297786173612
-0.9096734317205
-0.9222121124055
-0.9144094405331
-0.9130596475099
-0.9255657504335
-0.9170943119139
-0.9221023390034
-0.9289835058695
-0.9337018156869
-0.939961127834
-0.9467222425267
-0.9371241462601
-0.9397962092175
-0.9434968017099
-0.9356656263241
-0.8323912334438
-0.8229595214977
-0.803281421183
-0.8022950955709
-0.7774357587092
-0.7871596087828
-0.7878474072147
-0.8948331244535
-0.8919680834761
-0.8942567942192
-0.9007341457611
-0.8972680324126
-0.8966944076815
-0.9003175752321
-0.8995798415758
-0.9061535867446
-0.9017555361128
-0.9027690374334
-0.9045968761169
-0.9084746114533
-0.9019217787253
-0.9077244860291
-0.908174495857
-0.913160707548
-0.9096850375566
-0.9043841342322
-0.9068313030133
-0.9052664004772
-0.9115790932465
-0.9078784221164
-0.9085249044764
0.2330455527016
0.2842943278353
0.2431857332676
0.2192087413222
0.2205236929336
0.2780826409363
0.1542783059472
0.2967177270659
-0.8574321232095
-0.8553459330312
-0.8572208237726
-0.8563137526079
-0.2454102166073
-0.2192338453941
-0.8625281989711
-0.8627846489024
-0.8626859781508
-0.8653590015943
-0.8648533838202
-0.865730156928
-0.03049335472737
0.009317871190487
0.3055839870783
0.2329523795456
0.1623176488583
0.05527476152624
0.1631732506709
0.09776429399446
  0.18326201357
0.2445619876086
0.04480656675942
0.1140139043785
0.2009419311244
0.2067845051038
0.08315415697656
0.06523330912937
0.05281635273636
-0.0090147390776
0.09015246601948
0.1509687675116
0.1371876455738
0.1417249953164
0.2566831059302
0.2464418150331
0.00683387513251
0.1678965461288
0.1796692262919
0.02912422315721
-0.07018758455771
-0.0338958663725
-0.8308674456179
-0.8299791493783
-0.8303728406405
-0.8301170168752
 -0.83184581026
-0.8543108855319
-0.8823120619029
-0.8945819367181
-0.08535373153236
-0.08423476004472
-0.1573716098639
-0.1676583329503
-0.116927394129
-0.1245336375607
-0.1104579701248
-0.02745391421863
-0.04572035518694
-0.0457881864422
-0.08381895936384
-0.08583999125262
-0.1160773952699
-0.8467275491244
-0.8201285153952
-0.7947268019801
-0.8045662654507
-0.775981697114
-0.7955297784147
-0.7858524055273
-0.7992147665203
-0.7850958198061
-0.810366832759
-0.8063187425745
-0.8210331769066
-0.804252825817
-0.8909907529584
-0.9038435055018
-0.8972385967673
-0.8938124127195
-0.7463634503785
-0.7313579857435
-0.7388130940533
-0.757290863017
-0.7768110363781
-0.7578471307567
-0.759381505121
-0.7471897154281
-0.7638137191217
-0.7665792825728
-0.7464219903482
-0.7551762440302
-0.7805971045151
-0.7848646040401
-0.7651308815071
-0.754701307756
-0.7398535923375
-0.7663267369541
-0.781651510813
-0.7742765284461
-0.7702647071885
-0.7270821853756
-0.7353017984732
-0.7765981007914
-0.7217636576636
-0.7448712643456
-0.7498166984445
-0.7557229666944
-0.7389237298282
-0.751740627578
-0.8827990783518
-0.8804167205553
-0.8901797260399
 0.022559582737
-0.4991383891572
-0.5104138928508
-0.5406607516291
-0.5515100162598
-0.5262054035689
-0.4816313635191
-0.5182219604545
-0.5237646524264
-0.5626628954121
-0.4763556924169
 -0.46261092355
-0.4379530077994
-0.4562880573616
-0.4434431801553
-0.5155483360314
-0.5208651561809
-0.5404973319136
-0.5117257455231
-0.5504507122446
-0.5560096510931
-0.8327543803137
-0.8317841072083
-0.8386089342335
-0.8447498565175
-0.8462748770352
-0.8474737830204
-0.8477522492812
-0.8449985060647
-0.8574872337076
-0.8511102758109
-0.8530815800127
-0.8514217041706
-0.8538490843661
-0.8547213850419
-0.8552881456633
-0.8741840433456
-0.8728944804828
-0.8700073236074
-0.8697663937078
-0.871626334404
-0.8714642556581
-0.8681469022636
-0.8511267087699
-0.8533601573505
-0.8516003421374
-0.8550074764932
-0.8550844084432
-0.8550598883727
-0.856761827359
-0.8585427891248
 -0.85829185655
-0.8571763663332
-0.7018948112307
-0.6927913532344
-0.6832723722166
-0.6840611680029
-0.536360735072
-0.5318557424505
-0.1854231438643
-0.1000583146428
-0.2703557482774
-0.2869526069018
-0.3045104706145
-0.4583367844601
-0.4411980405271
-0.4851304243825
-0.4248114186663
-0.9367587225653
-0.9418976459783
-0.9296236934602
-0.9211906798812
-0.9237394054216
-0.9261313742984
-0.9235224808814
-0.9237920629853
-0.9174814991918
-0.9179712851593
-0.9185150754324
-0.9374020906455
-0.9320240413198
-0.9565999725471
-0.9528620254151
-0.9673195747415
-0.9636067534472
-0.9312686499971
-0.9172744317976
-0.9131758965326
-0.9171810608274
-0.9140530520245
-0.9221970239263
-0.9285026298347
-0.9411167101443
-0.9492939241622
-0.9611183834522
-0.9133024053673
-0.9247576614997
-0.925041084825
-0.9323970707102
-0.9222582686372
-0.9153441768134
-0.9183960852928
-0.9277639483292
-0.8812383337175
-0.8797300995889
-0.9184446738178
-0.9081690055514
-0.9138154285527
-0.9047641088619
-0.915069586124
-0.909198256996
-0.9066251713567
-0.9062754708577
-0.8911006167895
-0.8887273941035
-0.8920447679249
-0.8861826206519
-0.8935092627686
-0.8854004734262
-0.8861766470927
-0.8903855213983
-0.8959471029779
-0.8970110032036
-0.8991404746263
-0.9058750685388
-0.9019807110986
-0.9015015931909
-0.9029382470472
-0.9064477670328
-0.910852490199
-0.909471396473
-0.9124599673083
-0.9183552832443
-0.914532939941
-0.9163900909413
-0.9208800085433
-0.8824959075153
-0.8786589529944
-0.8793674776337
-0.8979335828837
-0.9552679746207
-0.9426109707762
-0.8976337403363
-0.8979561597978
-0.8955024286382
-0.8968179196803
-0.8999837217039
-0.9023354159425
-0.9015082516595
0.2507942768655
0.1562956104972
0.1270153711751
0.1618156264632
0.1953104815242
0.1931580253331
0.1050988760157
0.1277190089845
0.0791990414336
0.05340596627594
0.08162833963882
-0.8577352362493
-0.864224685041
-0.8644595206142
0.06163891590385
0.01516380271205
-0.01245729337389
-0.01447498900403
-0.04763017678554
0.02520178630137
-0.04326397023322
-0.0790145964782
0.02128054673731
0.01935312700531
0.01051192681126
-0.1117890129819
-0.8290164391472
-0.8902060776347
-0.8881561587924
-0.8964033046837
-0.8942231936032
-0.8918871625718
-0.902232495528
-0.8888150707682
-0.8978791733019
-0.9001110263853
-0.8980225703341
-0.8946662543384
-0.8943609286067
-0.9002404752243
-0.8974706708168
-0.9090075278533
-0.9016190323376
-0.9050543220966
-0.9106152720413
-0.8986336132286
-0.9062281419459
-0.9113961170571
-0.9076096350628
-0.9122573777045
-0.907704554017
-0.9032502005559
-0.9041325607074
-0.8982857444899
-0.9035889763956
-0.9010998781958
-0.04408195438685
-0.2105432918089
-0.213130107288
-0.2361568020104
-0.2542977765061
-0.1178576308694
-0.8197099960336
-0.8317642629307
-0.8107253590767
-0.8207636091012
-0.816197886623
-0.9053252627037
-0.9002530517977
-0.9036326432967
-0.9010336479343
-0.8967744574043
-0.7932916652131
-0.790024087941
-0.7774430945977
-0.7282535420097
-0.8841020026368
-0.8821728659001
-0.8821104045516
-0.8853901317453
-0.8911011083517
-0.8875211463563
-0.889482861424
-0.8888284317218
-0.8906807378269
-0.8875131624529
-0.4748617463853
-0.5095800924765
-0.5630244997699
-0.5914182311352
-0.4565595390951
-0.4764412334637
-0.4977505425863
-0.5118572414487
-0.481696523801
-0.8538629373334
-0.8551415926814
-0.8496703003975
-0.8689169100755
-0.8662730790618
-0.8672691928594
-0.8498217817095
-0.8495256491686
-0.8480252335776
-0.8531744104111
-0.8514462352496
-0.8522680981151
-0.851055609912
-0.8508207941646
-0.8530911480721
-0.8526019244543
-0.854457289321
-0.8577442424619
-0.2740036802107
-0.3321580293878
-0.4771773873658
-0.449925861984
-0.432332445123
-0.4000667537116
-0.914349416526
-0.9375223650858
-0.9052864500505
-0.9171304884636
-0.919419832345
-0.9129875384776
-0.9152410126678
-0.9159167792608
-0.9109110278667
-0.9130791692574
-0.910190433544
-0.8840173597867
-0.884665738849
-0.8858346886035
-0.8871265804403
-0.8893936051886
-0.9053434048851
-0.9032718816142
-0.9025030389613
-0.9084909360889
-0.9091328058575
-0.9084115816375
 0.117815212607
0.1565021352404
0.1152798451568
0.1606712248787
0.08595573432536
0.07585831191617
0.08966442944174
0.1088607870953
0.1037466685556
-0.8906506480501
-0.8913917339146
-0.9183398771823
-0.9178852336774
-0.9136139219752
-0.8977256275202
-0.1668304250808
-0.1339287816349
-0.9103954987677
-0.9139179037248
-0.9075899525761
-0.7943039770771
-0.7969239110335
-0.7865217995771
-0.7896810790746
-0.8955567474135
-0.8924709283699
-0.8920174101584
-0.8950936548112
-0.8962450254208
-0.898618813029
-0.8998980381096
-0.8940556236845
-0.8960484821102
-0.5775597360595
-0.5944756296085
-0.6080077753395
-0.5767572269911
-0.5936575687802
-0.8546678028157
-0.852100898376
-0.8505087430267
-0.8495996342496
-0.8523371529156
-0.3363074201942
-0.3498073811244
-0.3015052436698
0.08981820345448
0.1164185547043
-0.914935885225
-0.9208192572372
-0.9270358302704
-0.9289991656605
-0.4406666215866
-0.6359087564475
-0.6346753454251
-0.6196907707198
-0.6053534174569
-0.6143590113696
-0.6346950792002
-0.634869052111
-0.6482022468795
-0.6431974760046
-0.6203347745212
-0.8452697651969
-0.4884641269961
-0.8249645061379
-0.8254861921354
-0.8141188407164
-0.6918150378919
-0.03043039651339
-0.05612230527736
-0.08185862158686
0.004110904525727
