,x,y,Phi
0,3.673940397442059e-18,-0.06,-0.8910400316154815
1,0.002093969802150065,-0.05996344962114574,-0.8916846705989626
2,0.004185388424647527,-0.05985384301558945,-0.8931344710111402
3,0.006271707796059207,-0.05967131372209639,-0.8947281070544946
4,0.008350386057603928,-0.05941608412449422,-0.8964736614181159
5,0.010418890660015825,-0.05908846518073248,-0.8983667288888536
6,0.012474701449065567,-0.058688856044028334,-0.9004266096154561
7,0.01451531373598006,-0.05821774357655979,-0.9026744467320945
8,0.01653824134901995,-0.05767570175629913,-0.9051228087751866
9,0.018541019662496848,-0.05706339097770921,-0.9077836212497254
10,0.02052120859954013,-0.0563815572471545,-0.9106968427908875
11,0.02247639560495473,-0.05563103127400724,-0.9139216556020401
12,0.024404198584548023,-0.05481272745855605,-0.9174761339811823
13,0.026302268807344646,-0.05392764277795002,-0.9214416438805606
14,0.02816829376715345,-0.052976855571535614,-0.925934390633064
15,0.029999999999999992,-0.05196152422706632,-0.9311249389975047
16,0.03179515585399229,-0.050882885769385565,-0.9372049137388001
17,0.03355157420824481,-0.0497422543533025,-0.9445357449208601
18,0.035267115137548384,-0.04854101966249685,-0.9537792054505979
19,0.03693968851953949,-0.047280645216403315,-0.9675434090555591
20,0.03856725658119236,-0.04596266658713868,-1.0
21,0.03857905236754359,-0.045952766167254064,-1.0
22,0.03859084561240447,-0.04594286272011751,-1.0
23,0.0386026363149981,-0.04593295624638141,-1.0
24,0.038614424474547764,-0.04592304674669841,-1.0
25,0.038626210090276836,-0.0459131342217213,-1.0
26,0.03863799316140895,-0.0459032186721031,-1.0
27,0.03864977368716786,-0.04589330009849702,-1.0
28,0.03866155166677748,-0.04588337850155647,-1.0
29,0.038673327099461925,-0.04587345388193507,-1.0
30,0.03868509998444545,-0.045863526240286605,-1.0
31,0.03869687032095249,-0.04585359557726511,-1.0
32,0.03870863810820764,-0.045843661893524776,-1.0
33,0.03872040334543567,-0.04583372518972001,-1.0
34,0.03873216603186151,-0.045823785466505416,-1.0
35,0.03874392616671028,-0.0458138427245358,-1.0
36,0.03875568374920724,-0.04580389696446617,-1.0
37,0.03876743877857783,-0.04579394818695173,-1.0
38,0.03877919125404766,-0.045783996392647866,-1.0
39,0.03879094117484252,-0.045774041582210184,-1.0
40,0.03880268854018833,-0.04576408375629449,-1.0
41,0.03881443334931122,-0.045754122915556764,-1.0
42,0.038826175601437474,-0.04574415906065321,-1.0
43,0.03883791529579353,-0.045734192192240224,-1.0
44,0.03884965243160602,-0.045724222310974394,-1.0
45,0.03886138700810171,-0.04571424941751251,-1.0
46,0.03887311902450758,-0.045704273512511565,-1.0
47,0.03888484848005074,-0.04569429459662875,-1.0
48,0.0388965753739585,-0.04568431267052143,-1.0
49,0.0389082997054583,-0.04567432773484721,-1.0
50,0.03892002147377777,-0.04566433979026388,-1.0
51,0.03893174067814474,-0.04565434883742939,-1.0
52,0.038943457317787145,-0.04564435487700194,-1.0
53,0.03895517139193313,-0.045634357909639905,-1.0
54,0.03896688289981102,-0.04562435793600186,-1.0
55,0.03897859184064927,-0.04561435495674656,-1.0
56,0.038990298213676534,-0.04560434897253301,-1.0
57,0.03900200201812162,-0.04559433998402034,-1.0
58,0.03901370325321353,-0.04558432799186795,-1.0
59,0.03902540191818138,-0.045574312996735394,-1.0
60,0.03903709801225453,-0.045564294999282426,-1.0
61,0.039048791534662446,-0.04555427400016901,-1.0
62,0.03906048248463479,-0.04554425000005532,-1.0
63,0.039072170861401405,-0.045534222999601685,-1.0
64,0.03908385666419228,-0.045524192999468666,-1.0
65,0.039095539892237595,-0.04551416000031703,-1.0
66,0.03910722054476767,-0.04550412400280772,-1.0
67,0.039118898621013025,-0.04549408500760186,-1.0
68,0.039130574120204334,-0.04548404301536083,-1.0
69,0.03914224704157246,-0.04547399802674614,-1.0
70,0.039153917384348404,-0.04546395004241954,-1.0
71,0.039165585147763346,-0.04545389906304297,-1.0
72,0.039177250331048664,-0.04544384508927857,-1.0
73,0.03918891293343588,-0.045433788121788644,-1.0
74,0.039200572954156666,-0.04542372816123574,-1.0
75,0.039212230392442926,-0.04541366520828258,-1.0
76,0.03922388524752668,-0.045403599263592075,-1.0
77,0.03923553751864013,-0.045393530327827364,-1.0
78,0.03924718720501567,-0.04538345840165174,-1.0
79,0.03925883430588584,-0.04537338348572874,-1.0
80,0.039270478820483345,-0.04536330558072205,-1.0
81,0.0392821207480411,-0.04535322468729559,-1.0
82,0.039293760087792146,-0.04534314080611347,-1.0
83,0.03930539683896971,-0.045333053937839984,-1.0
84,0.03931703100080721,-0.04532296408313962,-1.0
85,0.039328662572538205,-0.045312871242677084,-1.0
86,0.03934029155339643,-0.04530277541711727,-1.0
87,0.03935191794261582,-0.04529267660712525,-1.0
88,0.039363541739430435,-0.04528257481336632,-1.0
89,0.03937516294307454,-0.04527247003650596,-1.0
90,0.03938678155278255,-0.04526236227720983,-1.0
91,0.039398397567789074,-0.04525225153614383,-1.0
92,0.03941001098732886,-0.045242137813974015,-1.0
93,0.03942162181063687,-0.04523202111136666,-1.0
94,0.039433230036948194,-0.045221901428988215,-1.0
95,0.03944483566549811,-0.04521177876750535,-1.0
96,0.03945643869552209,-0.045201653127584916,-1.0
97,0.03946803912625573,-0.045191524509893964,-1.0
98,0.039479636956934835,-0.04518139291509974,-1.0
99,0.039491232186795365,-0.045171258343869695,-1.0
100,0.03950282481507346,-0.045161120796871464,-1.0
101,0.03951441484100542,-0.045150980274772885,-1.0
102,0.03952600226382774,-0.04514083677824199,-1.0
103,0.039537587082777055,-0.045130690307946995,-1.0
104,0.03954916929709019,-0.045120540864556344,-1.0
105,0.03956074890600413,-0.045110388448738645,-1.0
106,0.03957232590875606,-0.04510023306116271,-1.0
107,0.0395839003045833,-0.045090074702497554,-1.0
108,0.039595472092723356,-0.04507991337341239,-1.0
109,0.03960704127241392,-0.045069749074576615,-1.0
110,0.03961860784289284,-0.04505958180665984,-1.0
111,0.03963017180339813,-0.045049411570331835,-1.0
112,0.039641733153168,-0.0450392383662626,-1.0
113,0.0396532918914408,-0.04502906219512232,-1.0
114,0.03966484801745509,-0.04501888305758139,-1.0
115,0.03967640153044957,-0.04500870095431036,-1.0
116,0.03968795242966314,-0.04499851588598002,-1.0
117,0.03969950071433482,-0.04498832785326133,-1.0
118,0.03971104638370387,-0.04497813685682545,-1.0
119,0.039722589437009674,-0.04496794289734374,-1.0
120,0.039734129873491814,-0.04495774597548776,-1.0
121,0.03974566769239003,-0.04494754609192923,-1.0
122,0.03975720289294425,-0.044937343247340125,-1.0
123,0.03976873547439455,-0.044927137442392566,-1.0
124,0.039780265435981205,-0.044916928677758886,-1.0
125,0.03979179277694464,-0.04490671695411162,-1.0
126,0.039803317496525464,-0.04489650227212349,-1.0
127,0.039814839593964466,-0.044886284632467396,-1.0
128,0.03982635906850259,-0.044876064035816475,-1.0
129,0.03983787591938097,-0.04486584048284402,-1.0
130,0.0398493901458409,-0.04485561397422354,-1.0
131,0.03986090174712386,-0.044845384510628715,-1.0
132,0.039872410722471475,-0.044835152092733456,-1.0
133,0.03988391707112559,-0.04482491672121184,-1.0
134,0.039895420792328176,-0.044814678396738146,-1.0
135,0.039906921885321404,-0.044804437119986856,-1.0
136,0.03991842034934761,-0.04479419289163262,-1.0
137,0.0399299161836493,-0.04478394571235032,-1.0
138,0.03994140938746916,-0.04477369558281503,-1.0
139,0.03995289996005006,-0.04476344250370196,-1.0
140,0.039964387900635015,-0.044753186475686595,-1.0
141,0.03997587320846722,-0.044742927499444564,-1.0
142,0.03998735588279007,-0.044732665575651684,-1.0
143,0.03999883592284713,-0.04472240070498401,-1.0
144,0.040010313327882074,-0.04471213288811776,-1.0
145,0.04002178809713885,-0.04470186212572934,-1.0
146,0.0400332602298615,-0.04469158841849537,-1.0
147,0.040044729725294284,-0.04468131176709265,-1.0
148,0.04005619658268161,-0.04467103217219819,-1.0
149,0.04006766080126807,-0.04466074963448918,-1.0
150,0.04007912238029844,-0.04465046415464301,-1.0
151,0.04009058131901765,-0.044640175733337256,-1.0
152,0.04010203761667083,-0.04462988437124969,-1.0
153,0.04011349127250326,-0.04461959006905829,-1.0
154,0.040124942285760384,-0.044609292827441215,-1.0
155,0.04013639065568786,-0.04459899264707682,-1.0
156,0.04014783638153149,-0.044588689528643644,-1.0
157,0.040159279462537265,-0.04457838347282046,-1.0
158,0.04017071989795134,-0.04456807448028618,-1.0
159,0.04018215768702004,-0.044557762551719934,-1.0
160,0.040193592828989884,-0.04454744768780106,-1.0
161,0.04020502532310756,-0.04453712988920906,-1.0
162,0.04021645516861991,-0.04452680915662366,-1.0
163,0.04022788236477396,-0.04451648549072476,-1.0
164,0.040239306910816924,-0.04450615889219245,-1.0
165,0.040250728805996186,-0.04449582936170702,-1.0
166,0.04026214804955929,-0.04448549689994896,-1.0
167,0.04027356464075398,-0.044475161507598934,-1.0
168,0.04028497857882816,-0.04446482318533783,-1.0
169,0.04029638986302988,-0.0444544819338467,-1.0
170,0.040307798492607426,-0.044444137753806796,-1.0
171,0.04031920446680921,-0.04443379064589957,-1.0
172,0.04033060778488383,-0.04442344061080667,-1.0
173,0.04034200844608008,-0.04441308764920992,-1.0
174,0.04035340644964691,-0.04440273176179135,-1.0
175,0.04036480179483344,-0.04439237294923319,-1.0
176,0.04037619448088898,-0.04438201121221783,-1.0
177,0.040387584507063014,-0.0443716465514279,-1.0
178,0.04039897187260518,-0.044361278967546186,-1.0
179,0.04041035657676532,-0.04435090846125567,-1.0
180,0.04042173861879343,-0.04434053503323954,-1.0
181,0.040433117997939694,-0.044330158684181185,-1.0
182,0.040444494713454474,-0.04431977941476416,-1.0
183,0.040455868764588294,-0.04430939722567222,-1.0
184,0.04046724015059186,-0.044299012117589326,-1.0
185,0.040478608870716054,-0.04428862409119962,-1.0
186,0.040489974924211934,-0.04427823314718744,-1.0
187,0.04050133831033073,-0.04426783928623732,-1.0
188,0.040512699028323856,-0.04425744250903397,-1.0
189,0.0405240570774429,-0.0442470428162623,-1.0
190,0.04053541245693961,-0.044236640208607445,-1.0
191,0.04054676516606594,-0.04422623468675467,-1.0
192,0.04055811520407398,-0.04421582625138947,-1.0
193,0.040569462570216035,-0.04420541490319754,-1.0
194,0.040580807263744564,-0.04419500064286475,-1.0
195,0.04059214928391221,-0.04418458347107716,-1.0
196,0.04060348862997179,-0.04417416338852103,-1.0
197,0.040614825301176286,-0.0441637403958828,-1.0
198,0.040626159296778874,-0.04415331449384912,-1.0
199,0.040637490616032904,-0.04414288568310682,-1.0
200,0.040648819258191894,-0.04413245396434293,-1.0
201,0.04066014522250954,-0.04412201933824464,-1.0
202,0.040671468508239716,-0.044111581805499386,-1.0
203,0.04068278911463647,-0.04410114136679476,-1.0
204,0.04069410704095404,-0.044090698022818536,-1.0
205,0.040705422286446816,-0.044080251774258714,-1.0
206,0.040716734850369384,-0.04406980262180346,-1.0
207,0.040728044731976505,-0.04405935056614113,-1.0
208,0.0407393519305231,-0.044048895607960284,-1.0
209,0.0407506564452643,-0.044038437747949674,-1.0
210,0.040761958275455375,-0.04402797698679823,-1.0
211,0.0407732574203518,-0.04401751332519509,-1.0
212,0.0407845538792092,-0.044007046763829556,-1.0
213,0.04079584765128341,-0.043996577303391154,-1.0
214,0.04080713873583042,-0.04398610494456958,-1.0
215,0.04081842713210639,-0.043975629688054726,-1.0
216,0.04082971283936769,-0.04396515153453668,-1.0
217,0.04084099585687083,-0.04395467048470571,-1.0
218,0.04085227618387252,-0.043944186539252285,-1.0
219,0.040863553819629646,-0.04393369969886706,-1.0
220,0.04087482876339925,-0.04392320996424088,-1.0
221,0.04088610101443857,-0.043912717336064784,-1.0
222,0.040897370572005036,-0.04390222181502999,-1.0
223,0.04090863743535623,-0.04389172340182794,-1.0
224,0.040919901603749906,-0.04388122209715022,-1.0
225,0.04093116307644403,-0.043870717901688644,-1.0
226,0.040942421852696705,-0.04386021081613519,-1.0
227,0.04095367793176624,-0.04384970084118205,-1.0
228,0.040964931312911124,-0.043839187977521586,-1.0
229,0.04097618199539,-0.04382867222584636,-1.0
230,0.0409874299784617,-0.04381815358684913,-1.0
231,0.04099867526138524,-0.043807632061222825,-1.0
232,0.04100991784341981,-0.04379710764966058,-1.0
233,0.041021157723824773,-0.04378658035285572,-1.0
234,0.041032394901859684,-0.04377605017150176,-1.0
235,0.04104362937678425,-0.0437655171062924,-1.0
236,0.04105486114785838,-0.04375498115792153,-1.0
237,0.04106609021434216,-0.04374444232708323,-1.0
238,0.04107731657549584,-0.043733900614471764,-1.0
239,0.04108854023057986,-0.04372335602078162,-1.0
240,0.04109976117885483,-0.043712808546707414,-1.0
241,0.04111097941958155,-0.043702258192944016,-1.0
242,0.04112219495202097,-0.04369170496018644,-1.0
243,0.04113340777543427,-0.043681148849129915,-1.0
244,0.04114461788908275,-0.04367058986046984,-1.0
245,0.041155825292227936,-0.043660027994901825,-1.0
246,0.0411670299841315,-0.043649463253121655,-1.0
247,0.04117823196405531,-0.043638895635825306,-1.0
248,0.041189431231261404,-0.04362832514370896,-1.0
249,0.04120062778501201,-0.043617751777468954,-1.0
250,0.041211821624569524,-0.04360717553780184,-1.0
251,0.04122301274919653,-0.043596596425404366,-1.0
252,0.04123420115815576,-0.043586014440973445,-1.0
253,0.04124538685071018,-0.043575429585206195,-1.0
254,0.0412565698261229,-0.04356484185879992,-1.0
255,0.04126775008365719,-0.04355425126245212,-1.0
256,0.04127892762257655,-0.04354365779686045,-1.0
257,0.04129010244214463,-0.043533061462722816,-1.0
258,0.04130127454162523,-0.043522462260737256,-1.0
259,0.0413124439202824,-0.043511860191602025,-1.0
260,0.04132361057738032,-0.04350125525601555,-1.0
261,0.04133477451218334,-0.043490647454676484,-1.0
262,0.04134593572395603,-0.04348003678828361,-1.0
263,0.041357094211963104,-0.04346942325753595,-1.0
264,0.04136824997546947,-0.0434588068631327,-1.0
265,0.04137940301374022,-0.04344818760577323,-1.0
266,0.041390553326040615,-0.04343756548615712,-1.0
267,0.0414017009116361,-0.04342694050498412,-1.0
268,0.04141284576979232,-0.043416312662954176,-1.0
269,0.04142398789977504,-0.043405681960767425,-1.0
270,0.041435127300850284,-0.04339504839912419,-1.0
271,0.041446263972284195,-0.04338441197872499,-1.0
272,0.04145739791334313,-0.04337377270027052,-1.0
273,0.041468529123293595,-0.04336313056446167,-1.0
274,0.04147965760140232,-0.04335248557199952,-1.0
275,0.041490783346936164,-0.04334183772358533,-1.0
276,0.0415019063591622,-0.04333118701992056,-1.0
277,0.041513026637347676,-0.04332053346170684,-1.0
278,0.04152414418076001,-0.043309877049646006,-1.0
279,0.041535258988666814,-0.04329921778444008,-1.0
280,0.04154637106033587,-0.04328855566679126,-1.0
281,0.041557480395035144,-0.04327789069740194,-1.0
282,0.04156858699203277,-0.04326722287697471,-1.0
283,0.04157969085059708,-0.04325655220621233,-1.0
284,0.04159079196999659,-0.04324587868581776,-1.0
285,0.04160189034949997,-0.043235202316494144,-1.0
286,0.0416129859883761,-0.043224523098944805,-1.0
287,0.041624078885894034,-0.04321384103387329,-1.0
288,0.04163516904132297,-0.04320315612198327,-1.0
289,0.04164625645393234,-0.04319246836397867,-1.0
290,0.04165734112299174,-0.043181777760563554,-1.0
291,0.041668423047770915,-0.0431710843124422,-1.0
292,0.041679502227539834,-0.04316038802031907,-1.0
293,0.041690578661568625,-0.04314968888489879,-1.0
294,0.0417016523491276,-0.043138986906886216,-1.0
295,0.041712723289487254,-0.04312828208698635,-1.0
296,0.04172379148191825,-0.04311757442590441,-1.0
297,0.041734856925691455,-0.04310686392434578,-1.0
298,0.041745919620077905,-0.043096150583016045,-1.0
299,0.041756979564348824,-0.04308543440262096,-1.0
300,0.0417680367577756,-0.04307471538386651,-1.0
301,0.04177909119962981,-0.043063993527458815,-1.0
302,0.04179014288918322,-0.0430532688341042,-1.0
303,0.04180119182570778,-0.043042541304509206,-1.0
304,0.041812238008475604,-0.0430318109393805,-1.0
305,0.04182328143675901,-0.04302107773942499,-1.0
306,0.04183432210983047,-0.04301034170534976,-1.0
307,0.04184536002696265,-0.04299960283786206,-1.0
308,0.041856395187428425,-0.04298886113766935,-1.0
309,0.041867427590500814,-0.04297811660547925,-1.0
310,0.04187845723545301,-0.0429673692419996,-1.0
311,0.04188948412155843,-0.04295661904793839,-1.0
312,0.04190050824809065,-0.04294586602400383,-1.0
313,0.041911529614323415,-0.04293511017090431,-1.0
314,0.04192254821953068,-0.04292435148934838,-1.0
315,0.04193356406298656,-0.0429135899800448,-1.0
316,0.041944577143965364,-0.042902825643702514,-1.0
317,0.041955587461741564,-0.04289205848103066,-1.0
318,0.041966595015589844,-0.04288128849273852,-1.0
319,0.04197759980478505,-0.04287051567953563,-1.0
320,0.041988601828602215,-0.042859740042131646,-1.0
321,0.04199960108631655,-0.04284896158123645,-1.0
322,0.04201059757720345,-0.04283818029756011,-1.0
323,0.0420215913005385,-0.04282739619181286,-1.0
324,0.04203258225559746,-0.04281660926470513,-1.0
325,0.04204357044165626,-0.04280581951694754,-1.0
326,0.042054555857991054,-0.04279502694925089,-1.0
327,0.04206553850387813,-0.042784231562326164,-1.0
328,0.042076518378593976,-0.04277343335688454,-1.0
329,0.042087495481415285,-0.04276263233363736,-1.0
330,0.0420984698116189,-0.04275182849329619,-1.0
331,0.042109441368481854,-0.04274102183657275,-1.0
332,0.04212041015128138,-0.04273021236417895,-1.0
333,0.04213137615929489,-0.042719400076826904,-1.0
334,0.04214233939179994,-0.042708584975228885,-1.0
335,0.04215329984807434,-0.04269776706009737,-1.0
336,0.042164257527396005,-0.042686946332145016,-1.0
337,0.042175212429043096,-0.04267612279208466,-1.0
338,0.042186164552293924,-0.042665296440629344,-1.0
339,0.04219711389642699,-0.04265446727849227,-1.0
340,0.04220806046072098,-0.04264363530638684,-1.0
341,0.042219004244454766,-0.04263280052502662,-1.0
342,0.042229945246907395,-0.0426219629351254,-1.0
343,0.0422408834673581,-0.042611122537397114,-1.0
344,0.0422518189050863,-0.04260027933255593,-1.0
345,0.0422627515593716,-0.042589433321316136,-1.0
346,0.04227368142949377,-0.04257858450439227,-1.0
347,0.0422846085147328,-0.042567732882498995,-1.0
348,0.042295532814368826,-0.042556878456351206,-1.0
349,0.042306454327682194,-0.04254602122666396,-1.0
350,0.0423173730539534,-0.042535161194152515,-1.0
351,0.04232828899246317,-0.042524298359532295,-1.0
352,0.042339202142492385,-0.0425134327235189,-1.0
353,0.04235011250332211,-0.04250256428682816,-1.0
354,0.04236102007423359,-0.042491693050176034,-1.0
355,0.042371924854508275,-0.042480819014278706,-1.0
356,0.04238282684342778,-0.04246994217985253,-1.0
357,0.04239372604027391,-0.04245906254761404,-1.0
358,0.04240462244432865,-0.042448180118279964,-1.0
359,0.042415516054874175,-0.04243729489256721,-1.0
360,0.042426406871192854,-0.042426406871192854,-1.0
361,0.04243729489256721,-0.042415516054874175,-1.0
362,0.042448180118279964,-0.04240462244432865,-1.0
363,0.04245906254761404,-0.04239372604027391,-1.0
364,0.04246994217985254,-0.04238282684342777,-1.0
365,0.04248081901427871,-0.042371924854508275,-1.0
366,0.042491693050176034,-0.042361020074233584,-1.0
367,0.042502564286828165,-0.0423501125033221,-1.0
368,0.0425134327235189,-0.042339202142492385,-1.0
369,0.042524298359532295,-0.04232828899246317,-1.0
370,0.042535161194152515,-0.0423173730539534,-1.0
371,0.04254602122666397,-0.042306454327682194,-1.0
372,0.042556878456351206,-0.042295532814368826,-1.0
373,0.042567732882498995,-0.0422846085147328,-1.0
374,0.04257858450439226,-0.042273681429493774,-1.0
375,0.042589433321316136,-0.0422627515593716,-1.0
376,0.04260027933255593,-0.042251818905086294,-1.0
377,0.04261112253739712,-0.0422408834673581,-1.0
378,0.04262196293512541,-0.04222994524690739,-1.0
379,0.04263280052502662,-0.042219004244454766,-1.0
380,0.04264363530638684,-0.04220806046072098,-1.0
381,0.04265446727849227,-0.04219711389642699,-1.0
382,0.04266529644062935,-0.04218616455229392,-1.0
383,0.042676122792084666,-0.042175212429043096,-1.0
384,0.04268694633214502,-0.042164257527396005,-1.0
385,0.04269776706009737,-0.04215329984807433,-1.0
386,0.04270858497522889,-0.04214233939179994,-1.0
387,0.042719400076826904,-0.04213137615929488,-1.0
388,0.042730212364178954,-0.04212041015128138,-1.0
389,0.04274102183657275,-0.042109441368481854,-1.0
390,0.042751828493296194,-0.0420984698116189,-1.0
391,0.04276263233363736,-0.042087495481415285,-1.0
392,0.04277343335688454,-0.042076518378593976,-1.0
393,0.042784231562326164,-0.042065538503878126,-1.0
394,0.0427950269492509,-0.042054555857991054,-1.0
395,0.04280581951694754,-0.04204357044165626,-1.0
396,0.04281660926470514,-0.04203258225559746,-1.0
397,0.04282739619181287,-0.042021591300538494,-1.0
398,0.04283818029756012,-0.04201059757720344,-1.0
399,0.04284896158123645,-0.04199960108631655,-1.0
400,0.042859740042131646,-0.04198860182860221,-1.0
401,0.04287051567953562,-0.04197759980478505,-1.0
402,0.04288128849273852,-0.041966595015589844,-1.0
403,0.04289205848103066,-0.041955587461741564,-1.0
404,0.04290282564370252,-0.04194457714396536,-1.0
405,0.042913589980044804,-0.04193356406298656,-1.0
406,0.04292435148934839,-0.041922548219530675,-1.0
407,0.04293511017090432,-0.041911529614323415,-1.0
408,0.04294586602400384,-0.04190050824809065,-1.0
409,0.0429566190479384,-0.04188948412155843,-1.0
410,0.0429673692419996,-0.04187845723545301,-1.0
411,0.042978116605479254,-0.04186742759050081,-1.0
412,0.04298886113766935,-0.041856395187428425,-1.0
413,0.04299960283786207,-0.04184536002696265,-1.0
414,0.04301034170534976,-0.04183432210983047,-1.0
415,0.043021077739425,-0.04182328143675901,-1.0
416,0.04303181093938051,-0.041812238008475604,-1.0
417,0.043042541304509206,-0.04180119182570778,-1.0
418,0.0430532688341042,-0.041790142889183216,-1.0
419,0.04306399352745882,-0.04177909119962981,-1.0
420,0.04307471538386651,-0.0417680367577756,-1.0
421,0.04308543440262097,-0.04175697956434882,-1.0
422,0.043096150583016045,-0.041745919620077905,-1.0
423,0.043106863924345776,-0.041734856925691455,-1.0
424,0.04311757442590441,-0.04172379148191825,-1.0
425,0.04312828208698635,-0.04171272328948725,-1.0
426,0.043138986906886216,-0.0417016523491276,-1.0
427,0.04314968888489879,-0.041690578661568625,-1.0
428,0.04316038802031907,-0.041679502227539834,-1.0
429,0.0431710843124422,-0.04166842304777092,-1.0
430,0.04318177776056356,-0.041657341122991735,-1.0
431,0.04319246836397867,-0.04164625645393234,-1.0
432,0.04320315612198327,-0.04163516904132297,-1.0
433,0.04321384103387329,-0.04162407888589403,-1.0
434,0.04322452309894481,-0.0416129859883761,-1.0
435,0.043235202316494144,-0.04160189034949998,-1.0
436,0.04324587868581776,-0.04159079196999659,-1.0
437,0.043256552206212336,-0.04157969085059708,-1.0
438,0.04326722287697471,-0.04156858699203277,-1.0
439,0.04327789069740194,-0.04155748039503514,-1.0
440,0.04328855566679126,-0.04154637106033587,-1.0
441,0.04329921778444008,-0.041535258988666814,-1.0
442,0.043309877049646006,-0.04152414418076001,-1.0
443,0.04332053346170684,-0.04151302663734767,-1.0
444,0.04333118701992056,-0.0415019063591622,-1.0
445,0.04334183772358534,-0.041490783346936164,-1.0
446,0.04335248557199952,-0.04147965760140231,-1.0
447,0.04336313056446167,-0.041468529123293595,-1.0
448,0.04337377270027053,-0.04145739791334312,-1.0
449,0.04338441197872499,-0.041446263972284195,-1.0
450,0.04339504839912419,-0.041435127300850284,-1.0
451,0.043405681960767425,-0.04142398789977504,-1.0
452,0.043416312662954176,-0.04141284576979231,-1.0
453,0.04342694050498412,-0.0414017009116361,-1.0
454,0.04343756548615712,-0.041390553326040615,-1.0
455,0.04344818760577323,-0.04137940301374021,-1.0
456,0.04345880686313271,-0.041368249975469465,-1.0
457,0.04346942325753596,-0.0413570942119631,-1.0
458,0.04348003678828362,-0.04134593572395603,-1.0
459,0.043490647454676484,-0.041334774512183335,-1.0
460,0.04350125525601555,-0.04132361057738032,-1.0
461,0.043511860191602025,-0.0413124439202824,-1.0
462,0.04352246226073726,-0.04130127454162523,-1.0
463,0.043533061462722816,-0.04129010244214462,-1.0
464,0.04354365779686045,-0.041278927622576546,-1.0
465,0.04355425126245212,-0.04126775008365719,-1.0
466,0.04356484185879992,-0.04125656982612289,-1.0
467,0.043575429585206195,-0.04124538685071018,-1.0
468,0.04358601444097345,-0.04123420115815576,-1.0
469,0.043596596425404366,-0.04122301274919652,-1.0
470,0.04360717553780184,-0.041211821624569524,-1.0
471,0.043617751777468954,-0.041200627785012,-1.0
472,0.04362832514370895,-0.041189431231261404,-1.0
473,0.04363889563582531,-0.04117823196405531,-1.0
474,0.043649463253121655,-0.0411670299841315,-1.0
475,0.043660027994901825,-0.041155825292227936,-1.0
476,0.04367058986046984,-0.041144617889082746,-1.0
477,0.043681148849129915,-0.04113340777543426,-1.0
478,0.04369170496018644,-0.04112219495202098,-1.0
479,0.043702258192944016,-0.04111097941958154,-1.0
480,0.043712808546707414,-0.041099761178854825,-1.0
481,0.04372335602078162,-0.04108854023057986,-1.0
482,0.04373390061447177,-0.04107731657549584,-1.0
483,0.04374444232708323,-0.04106609021434216,-1.0
484,0.04375498115792153,-0.04105486114785838,-1.0
485,0.0437655171062924,-0.04104362937678425,-1.0
486,0.04377605017150177,-0.04103239490185968,-1.0
487,0.04378658035285572,-0.04102115772382478,-1.0
488,0.04379710764966058,-0.041009917843419806,-1.0
489,0.043807632061222825,-0.04099867526138524,-1.0
490,0.04381815358684913,-0.0409874299784617,-1.0
491,0.04382867222584636,-0.04097618199539,-1.0
492,0.043839187977521586,-0.040964931312911124,-1.0
493,0.043849700841182046,-0.04095367793176625,-1.0
494,0.0438602108161352,-0.040942421852696705,-1.0
495,0.043870717901688644,-0.040931163076444024,-1.0
496,0.04388122209715023,-0.040919901603749906,-1.0
497,0.043891723401827946,-0.04090863743535623,-1.0
498,0.04390222181503,-0.040897370572005036,-1.0
499,0.04391271733606478,-0.04088610101443857,-1.0
500,0.04392320996424088,-0.04087482876339925,-1.0
501,0.04393369969886706,-0.04086355381962964,-1.0
502,0.043944186539252285,-0.040852276183872514,-1.0
503,0.04395467048470571,-0.04084099585687083,-1.0
504,0.04396515153453669,-0.040829712839367684,-1.0
505,0.043975629688054726,-0.04081842713210639,-1.0
506,0.04398610494456958,-0.04080713873583042,-1.0
507,0.043996577303391154,-0.040795847651283405,-1.0
508,0.04400704676382956,-0.04078455387920919,-1.0
509,0.04401751332519509,-0.040773257420351795,-1.0
510,0.04402797698679824,-0.040761958275455375,-1.0
511,0.044038437747949674,-0.0407506564452643,-1.0
512,0.044048895607960284,-0.0407393519305231,-1.0
513,0.04405935056614113,-0.0407280447319765,-1.0
514,0.04406980262180346,-0.04071673485036938,-1.0
515,0.044080251774258714,-0.040705422286446816,-1.0
516,0.044090698022818536,-0.04069410704095403,-1.0
517,0.04410114136679476,-0.04068278911463647,-1.0
518,0.044111581805499386,-0.04067146850823971,-1.0
519,0.044122019338244646,-0.04066014522250953,-1.0
520,0.04413245396434293,-0.040648819258191894,-1.0
521,0.04414288568310682,-0.040637490616032904,-1.0
522,0.04415331449384912,-0.040626159296778874,-1.0
523,0.0441637403958828,-0.04061482530117628,-1.0
524,0.04417416338852103,-0.04060348862997179,-1.0
525,0.04418458347107716,-0.04059214928391221,-1.0
526,0.04419500064286475,-0.040580807263744564,-1.0
527,0.04420541490319755,-0.040569462570216035,-1.0
528,0.04421582625138947,-0.04055811520407398,-1.0
529,0.04422623468675467,-0.04054676516606593,-1.0
530,0.044236640208607445,-0.04053541245693961,-1.0
531,0.04424704281626231,-0.040524057077442895,-1.0
532,0.04425744250903397,-0.040512699028323856,-1.0
533,0.04426783928623732,-0.040501338310330724,-1.0
534,0.04427823314718744,-0.04048997492421193,-1.0
535,0.04428862409119962,-0.04047860887071605,-1.0
536,0.04429901211758932,-0.04046724015059186,-1.0
537,0.044309397225672224,-0.040455868764588294,-1.0
538,0.04431977941476416,-0.040444494713454474,-1.0
539,0.044330158684181185,-0.040433117997939694,-1.0
540,0.04434053503323954,-0.04042173861879343,-1.0
541,0.044350908461255674,-0.04041035657676531,-1.0
542,0.04436127896754618,-0.04039897187260518,-1.0
543,0.044371646551427904,-0.040387584507063014,-1.0
544,0.04438201121221784,-0.04037619448088898,-1.0
545,0.04439237294923319,-0.040364801794833434,-1.0
546,0.04440273176179136,-0.04035340644964691,-1.0
547,0.044413087649209926,-0.04034200844608008,-1.0
548,0.04442344061080667,-0.040330607784883836,-1.0
549,0.04443379064589957,-0.04031920446680921,-1.0
550,0.0444441377538068,-0.04030779849260742,-1.0
551,0.0444544819338467,-0.04029638986302988,-1.0
552,0.04446482318533783,-0.04028497857882815,-1.0
553,0.044475161507598934,-0.04027356464075398,-1.0
554,0.044485496899948955,-0.0402621480495593,-1.0
555,0.04449582936170702,-0.040250728805996186,-1.0
556,0.04450615889219245,-0.040239306910816924,-1.0
557,0.04451648549072477,-0.040227882364773954,-1.0
558,0.044526809156623666,-0.0402164551686199,-1.0
559,0.04453712988920907,-0.04020502532310756,-1.0
560,0.044547447687801056,-0.04019359282898989,-1.0
561,0.04455776255171994,-0.04018215768702004,-1.0
562,0.04456807448028618,-0.04017071989795134,-1.0
563,0.04457838347282046,-0.040159279462537265,-1.0
564,0.04458868952864365,-0.04014783638153149,-1.0
565,0.04459899264707682,-0.04013639065568785,-1.0
566,0.044609292827441215,-0.04012494228576038,-1.0
567,0.04461959006905829,-0.04011349127250325,-1.0
568,0.04462988437124969,-0.04010203761667083,-1.0
569,0.04464017573333726,-0.04009058131901765,-1.0
570,0.04465046415464301,-0.04007912238029844,-1.0
571,0.04466074963448918,-0.040067660801268064,-1.0
572,0.04467103217219819,-0.04005619658268161,-1.0
573,0.044681311767092655,-0.040044729725294284,-1.0
574,0.04469158841849537,-0.0400332602298615,-1.0
575,0.04470186212572934,-0.04002178809713885,-1.0
576,0.04471213288811776,-0.040010313327882074,-1.0
577,0.04472240070498401,-0.03999883592284712,-1.0
578,0.044732665575651684,-0.03998735588279007,-1.0
579,0.04474292749944456,-0.039975873208467225,-1.0
580,0.044753186475686595,-0.03996438790063501,-1.0
581,0.04476344250370197,-0.03995289996005005,-1.0
582,0.04477369558281503,-0.03994140938746916,-1.0
583,0.04478394571235033,-0.0399299161836493,-1.0
584,0.044794192891632625,-0.0399184203493476,-1.0
585,0.044804437119986856,-0.039906921885321404,-1.0
586,0.044814678396738146,-0.03989542079232817,-1.0
587,0.04482491672121184,-0.03988391707112559,-1.0
588,0.044835152092733456,-0.039872410722471475,-1.0
589,0.04484538451062872,-0.03986090174712386,-1.0
590,0.04485561397422354,-0.0398493901458409,-1.0
591,0.04486584048284402,-0.03983787591938097,-1.0
592,0.04487606403581648,-0.03982635906850259,-1.0
593,0.0448862846324674,-0.039814839593964466,-1.0
594,0.044896502272123495,-0.039803317496525464,-1.0
595,0.04490671695411162,-0.03979179277694464,-1.0
596,0.04491692867775889,-0.0397802654359812,-1.0
597,0.044927137442392566,-0.03976873547439455,-1.0
598,0.044937343247340125,-0.03975720289294425,-1.0
599,0.04494754609192923,-0.039745667692390026,-1.0
600,0.04495774597548776,-0.03973412987349181,-1.0
601,0.04496794289734374,-0.03972258943700967,-1.0
602,0.04497813685682545,-0.03971104638370386,-1.0
603,0.044988327853261324,-0.03969950071433482,-1.0
604,0.04499851588598002,-0.03968795242966313,-1.0
605,0.04500870095431036,-0.039676401530449566,-1.0
606,0.04501888305758139,-0.03966484801745509,-1.0
607,0.04502906219512233,-0.0396532918914408,-1.0
608,0.0450392383662626,-0.03964173315316799,-1.0
609,0.04504941157033183,-0.03963017180339813,-1.0
610,0.04505958180665984,-0.03961860784289284,-1.0
611,0.04506974907457662,-0.03960704127241391,-1.0
612,0.0450799133734124,-0.039595472092723356,-1.0
613,0.045090074702497554,-0.039583900304583294,-1.0
614,0.04510023306116271,-0.039572325908756055,-1.0
615,0.045110388448738645,-0.03956074890600413,-1.0
616,0.045120540864556344,-0.03954916929709019,-1.0
617,0.045130690307946995,-0.03953758708277705,-1.0
618,0.04514083677824199,-0.039526002263827735,-1.0
619,0.045150980274772885,-0.03951441484100542,-1.0
620,0.045161120796871464,-0.03950282481507346,-1.0
621,0.0451712583438697,-0.03949123218679536,-1.0
622,0.04518139291509974,-0.03947963695693483,-1.0
623,0.045191524509893964,-0.039468039126255725,-1.0
624,0.045201653127584916,-0.03945643869552208,-1.0
625,0.04521177876750535,-0.03944483566549812,-1.0
626,0.045221901428988215,-0.039433230036948194,-1.0
627,0.04523202111136666,-0.03942162181063687,-1.0
628,0.045242137813974015,-0.03941001098732887,-1.0
629,0.04525225153614383,-0.039398397567789074,-1.0
630,0.04526236227720983,-0.03938678155278255,-1.0
631,0.04527247003650596,-0.03937516294307453,-1.0
632,0.04528257481336632,-0.039363541739430435,-1.0
633,0.04529267660712526,-0.03935191794261582,-1.0
634,0.04530277541711727,-0.03934029155339644,-1.0
635,0.045312871242677084,-0.039328662572538205,-1.0
636,0.04532296408313962,-0.03931703100080721,-1.0
637,0.045333053937839984,-0.03930539683896971,-1.0
638,0.04534314080611348,-0.03929376008779214,-1.0
639,0.0453532246872956,-0.0392821207480411,-1.0
640,0.04536330558072205,-0.039270478820483345,-1.0
641,0.04537338348572874,-0.03925883430588584,-1.0
642,0.04538345840165175,-0.03924718720501567,-1.0
643,0.045393530327827364,-0.039235537518640125,-1.0
644,0.045403599263592075,-0.03922388524752668,-1.0
645,0.04541366520828258,-0.03921223039244292,-1.0
646,0.04542372816123573,-0.03920057295415667,-1.0
647,0.045433788121788644,-0.03918891293343587,-1.0
648,0.04544384508927857,-0.03917725033104866,-1.0
649,0.04545389906304297,-0.039165585147763346,-1.0
650,0.04546395004241955,-0.0391539173843484,-1.0
651,0.04547399802674615,-0.03914224704157246,-1.0
652,0.045484043015360826,-0.03913057412020434,-1.0
653,0.04549408500760187,-0.039118898621013025,-1.0
654,0.04550412400280772,-0.03910722054476767,-1.0
655,0.04551416000031703,-0.03909553989223759,-1.0
656,0.045524192999468666,-0.03908385666419228,-1.0
657,0.045534222999601685,-0.039072170861401405,-1.0
658,0.04554425000005531,-0.03906048248463479,-1.0
659,0.04555427400016901,-0.039048791534662446,-1.0
660,0.045564294999282426,-0.03903709801225452,-1.0
661,0.0455743129967354,-0.03902540191818138,-1.0
662,0.04558432799186795,-0.03901370325321352,-1.0
663,0.04559433998402035,-0.03900200201812162,-1.0
664,0.04560434897253301,-0.038990298213676534,-1.0
665,0.04561435495674657,-0.03897859184064927,-1.0
666,0.04562435793600186,-0.03896688289981102,-1.0
667,0.045634357909639905,-0.03895517139193313,-1.0
668,0.04564435487700194,-0.03894345731778714,-1.0
669,0.04565434883742939,-0.038931740678144734,-1.0
670,0.04566433979026388,-0.03892002147377777,-1.0
671,0.04567432773484722,-0.038908299705458296,-1.0
672,0.045684312670521435,-0.0388965753739585,-1.0
673,0.04569429459662875,-0.03888484848005074,-1.0
674,0.045704273512511565,-0.03887311902450758,-1.0
675,0.04571424941751251,-0.03886138700810171,-1.0
676,0.045724222310974394,-0.03884965243160601,-1.0
677,0.04573419219224022,-0.03883791529579353,-1.0
678,0.04574415906065321,-0.03882617560143747,-1.0
679,0.04575412291555677,-0.03881443334931122,-1.0
680,0.04576408375629449,-0.038802688540188326,-1.0
681,0.04577404158221019,-0.03879094117484252,-1.0
682,0.045783996392647866,-0.03877919125404766,-1.0
683,0.045793948186951726,-0.03876743877857783,-1.0
684,0.04580389696446618,-0.03875568374920724,-1.0
685,0.04581384272453581,-0.038743926166710276,-1.0
686,0.045823785466505416,-0.03873216603186151,-1.0
687,0.04583372518972001,-0.03872040334543566,-1.0
688,0.045843661893524776,-0.038708638108207634,-1.0
689,0.04585359557726511,-0.03869687032095249,-1.0
690,0.04586352624028661,-0.03868509998444545,-1.0
691,0.04587345388193507,-0.038673327099461925,-1.0
692,0.04588337850155648,-0.03866155166677748,-1.0
693,0.04589330009849702,-0.038649773687167856,-1.0
694,0.045903218672103105,-0.03863799316140895,-1.0
695,0.045913134221721295,-0.03862621009027684,-1.0
696,0.04592304674669841,-0.03861442447454776,-1.0
697,0.04593295624638141,-0.0386026363149981,-1.0
698,0.04594286272011751,-0.038590845612404466,-1.0
699,0.045952766167254064,-0.03857905236754358,-1.0
700,0.04596266658713868,-0.03856725658119235,-1.0
701,0.047222634768901026,-0.03701381857472935,-0.9674683802494792
702,0.04843012431256752,-0.03541924701443068,-0.9538981138415958
703,0.0495837933318356,-0.03378531395186102,-0.9445352127675366
704,0.05068235975129292,-0.032113835181125955,-0.9371020640001012
705,0.05172460273119105,-0.030406668220975208,-0.9308886675553971
706,0.05270936402416793,-0.02866571025053716,-0.9255253575727669
707,0.053635549262411236,-0.02689289600097872,-0.9208121454392004
708,0.05450212917383215,-0.02509019560543348,-0.9165681539211832
709,0.055308140725898194,-0.023259612409587592,-0.9127742191075524
710,0.05605268819585376,-0.021403180745356437,-0.909268095238072
711,0.05673494416613918,-0.019522963670126254,-0.906022016399093
712,0.05735415044390207,-0.017621050674072988,-0.9030258897805854
713,0.05790961890357897,-0.01569955535810643,-0.9002192704737535
714,0.05840073225161118,-0.013760613085019927,-0.8975798917434364
715,0.058826944712444616,-0.011806378606456116,-0.8950973103562501
716,0.05918778263505168,-0.009839023668325765,-0.8927351747882488
717,0.05948284501930089,-0.00786073459734083,-0.8904935808675918
718,0.05971180396158935,-0.005873709871343841,-0.8883534969598161
719,0.05987440501924291,-0.003880157676133692,-0.8863004728008452
720,0.059970467493278966,-0.0018822934515029656,-0.8843353626853575
721,0.05999988462921771,0.00011766257078612996,-0.8824367694237456
722,0.05996262373571869,0.0021174878343511536,-0.880603152466998
723,0.059858726220910756,0.004114959928122176,-0.8788349447881896
724,0.059688307546375094,0.006107859056113054,-0.8771130332669613
725,0.05945155709883249,0.008093970504286502,-0.8754381560486533
726,0.05914873797967737,0.010071087101771682,-0.8738129513498177
727,0.05878018671259249,0.012037011673698948,-0.8722227028035743
728,0.058346312869569344,0.013989559482926057,-0.870670553960985
729,0.05784759861574968,0.015926560657942315,-0.8691480573850238
730,0.05728459817359413,0.017845862604252458,-0.8676591200690383
731,0.05665793720697334,0.019745332396560598,-0.8661923830734373
732,0.05596831212586607,0.021622859149095723,-0.8647492357171909
733,0.05521648931243694,0.023476356361444527,-0.8633297987692585
734,0.05440330426935393,0.025303764237284868,-0.8619281773403493
735,0.05352966069129204,0.027103051973442847,-0.8605436433912331
736,0.05259652946065507,0.02887222001672963,-0.8591735745217655
737,0.051604947568631425,0.030609302286050258,-0.8578165030531192
738,0.05055601696278309,0.03231236835731464,-0.8564737539218621
739,0.0494509033224484,0.03397952560872299,-0.8551413782557336
740,0.04829083476331954,0.035608921324041386,-0.8538192760972985
741,0.04707710047263433,0.037198744751530156,-0.8524995975381697
742,0.0458110492764991,0.038747229116237084,-0.8511916088407278
743,0.044494088140934654,0.04025265358341904,-0.8498877062429149
744,0.04312768060831126,0.041713345170910146,-0.8485863841551206
745,0.041713345170910125,0.04312768060831128,-0.8472876279603749
746,0.04025265358341903,0.044494088140934675,-0.8459899517461735
747,0.03874722911623706,0.045811049276499115,-0.8446939275717068
748,0.03719874475153013,0.047077100472634345,-0.8433968243686315
749,0.035608921324041365,0.04829083476331955,-0.8420984984598738
750,0.033979525608722964,0.04945090332244842,-0.840792079359845
751,0.03231236835731461,0.05055601696278311,-0.8394843167812555
752,0.03060930228605023,0.051604947568631446,-0.8381673183069624
753,0.028872220016729615,0.05259652946065508,-0.8368464660613624
754,0.02710305197344281,0.05352966069129205,-0.8355118368792742
755,0.025303764237284844,0.05440330426935394,-0.8341655719055785
756,0.023476356361444503,0.05521648931243695,-0.8328095267918764
757,0.021622859149095706,0.055968312125866074,-0.8314331181657579
758,0.019745332396560573,0.056657937206973354,-0.8300370401382002
759,0.01784586260425243,0.05728459817359413,-0.828623666150671
760,0.01592656065794229,0.05784759861574969,-0.8271809959859467
761,0.01398955948292604,0.058346312869569344,-0.825711258262115
762,0.012037011673698937,0.05878018671259249,-0.8242048431933431
763,0.010071087101771655,0.059148737979677374,-0.8226621021468252
764,0.008093970504286481,0.05945155709883249,-0.8210652744596126
765,0.006107859056113036,0.059688307546375094,-0.8194142656990713
766,0.004114959928122147,0.059858726220910756,-0.8176832719905516
767,0.00211748783435113,0.05996262373571869,-0.8158562031199166
768,0.00011766257078611365,0.05999988462921771,-0.46043266700274355
769,-0.0018822934515029756,0.059970467493278966,-0.08479770303740186
770,-0.003880157676133722,0.05987440501924291,-0.044063875592682135
771,-0.005873709871343865,0.05971180396158935,-0.025160801942816464
772,-0.007860734597340846,0.05948284501930089,-0.005838319833257294
773,-0.009839023668325774,0.05918778263505168,0.014164665144564489
774,-0.011806378606456145,0.05882694471244461,0.03493253590202385
775,-0.013760613085019949,0.05840073225161117,0.05678750416358147
776,-0.015699555358106448,0.05790961890357897,0.07984652960574978
777,-0.017621050674072998,0.05735415044390207,0.10436196435207123
778,-0.019522963670126278,0.05673494416613917,0.13059750270571124
779,-0.021403180745356458,0.05605268819585375,0.15880804470210075
780,-0.0232596124095876,0.05530814072589819,0.18988602464617296
781,-0.02509019560543351,0.05450212917383214,0.22341708222391776
782,-0.026892896000978744,0.05363554926241123,0.26093727173495906
783,-0.028665710250537175,0.052709364024167926,0.3033452621739597
784,-0.030406668220975215,0.05172460273119104,0.35195230621143125
785,-0.032113835181125976,0.050682359751292906,0.40852497671111504
786,-0.03378531395186104,0.04958379333183559,0.47677008546631533
787,-0.035419247014430694,0.048430124312567505,0.565149574781125
788,-0.03701381857472936,0.047222634768901026,0.6901718961644928
789,-0.03856725658119236,0.04596266658713868,1.0
790,-0.03857905236754359,0.045952766167254064,1.0
791,-0.03859084561240447,0.0459428627201175,1.0
792,-0.03860263631499811,0.045932956246381405,1.0
793,-0.038614424474547764,0.0459230467466984,1.0
794,-0.03862621009027685,0.04591313422172129,1.0
795,-0.038637993161408965,0.04590321867210309,1.0
796,-0.03864977368716785,0.04589330009849703,1.0
797,-0.038661551666777476,0.04588337850155648,1.0
798,-0.038673327099461925,0.045873453881935075,1.0
799,-0.03868509998444545,0.04586352624028661,1.0
800,-0.03869687032095249,0.04585359557726511,1.0
801,-0.038708638108207634,0.045843661893524776,1.0
802,-0.03872040334543567,0.04583372518972001,1.0
803,-0.03873216603186152,0.04582378546650541,1.0
804,-0.03874392616671029,0.0458138427245358,1.0
805,-0.038755683749207244,0.04580389696446617,1.0
806,-0.038767438778577835,0.045793948186951726,1.0
807,-0.038779191254047676,0.04578399639264785,1.0
808,-0.038790941174842504,0.0457740415822102,1.0
809,-0.038802688540188326,0.045764083756294496,1.0
810,-0.038814433349311214,0.04575412291555677,1.0
811,-0.03882617560143747,0.04574415906065321,1.0
812,-0.03883791529579353,0.045734192192240224,1.0
813,-0.03884965243160602,0.045724222310974394,1.0
814,-0.03886138700810171,0.04571424941751251,1.0
815,-0.03887311902450758,0.045704273512511565,1.0
816,-0.03888484848005075,0.04569429459662874,1.0
817,-0.038896575373958506,0.04568431267052143,1.0
818,-0.0389082997054583,0.04567432773484721,1.0
819,-0.03892002147377779,0.045664339790263866,1.0
820,-0.03893174067814473,0.0456543488374294,1.0
821,-0.03894345731778713,0.04564435487700195,1.0
822,-0.03895517139193313,0.045634357909639905,1.0
823,-0.03896688289981101,0.04562435793600186,1.0
824,-0.038978591840649265,0.04561435495674657,1.0
825,-0.038990298213676534,0.045604348972533,1.0
826,-0.03900200201812162,0.04559433998402034,1.0
827,-0.03901370325321353,0.04558432799186795,1.0
828,-0.039025401918181386,0.045574312996735394,1.0
829,-0.03903709801225454,0.045564294999282426,1.0
830,-0.039048791534662446,0.045554274000169,1.0
831,-0.0390604824846348,0.045544250000055304,1.0
832,-0.03907217086140139,0.04553422299960169,1.0
833,-0.03908385666419228,0.04552419299946868,1.0
834,-0.03909553989223759,0.045514160000317036,1.0
835,-0.03910722054476767,0.04550412400280772,1.0
836,-0.039118898621013025,0.04549408500760187,1.0
837,-0.039130574120204334,0.045484043015360826,1.0
838,-0.03914224704157246,0.04547399802674614,1.0
839,-0.0391539173843484,0.04546395004241954,1.0
840,-0.03916558514776335,0.045453899063042966,1.0
841,-0.039177250331048664,0.04544384508927856,1.0
842,-0.03918891293343588,0.04543378812178864,1.0
843,-0.03920057295415668,0.04542372816123573,1.0
844,-0.03921223039244291,0.045413665208282585,1.0
845,-0.03922388524752667,0.04540359926359208,1.0
846,-0.039235537518640125,0.04539353032782737,1.0
847,-0.03924718720501566,0.04538345840165175,1.0
848,-0.03925883430588583,0.045373383485728745,1.0
849,-0.039270478820483345,0.04536330558072205,1.0
850,-0.0392821207480411,0.04535322468729559,1.0
851,-0.039293760087792146,0.04534314080611348,1.0
852,-0.03930539683896972,0.045333053937839984,1.0
853,-0.03931703100080722,0.045322964083139614,1.0
854,-0.03932866257253821,0.04531287124267708,1.0
855,-0.039340291553396446,0.04530277541711726,1.0
856,-0.03935191794261581,0.04529267660712526,1.0
857,-0.03936354173943043,0.045282574813366325,1.0
858,-0.03937516294307453,0.04527247003650596,1.0
859,-0.03938678155278255,0.04526236227720984,1.0
860,-0.03939839756778907,0.04525225153614384,1.0
861,-0.03941001098732886,0.045242137813974015,1.0
862,-0.03942162181063687,0.04523202111136666,1.0
863,-0.039433230036948194,0.045221901428988215,1.0
864,-0.03944483566549812,0.04521177876750535,1.0
865,-0.039456438695522095,0.04520165312758491,1.0
866,-0.03946803912625573,0.045191524509893964,1.0
867,-0.039479636956934835,0.04518139291509973,1.0
868,-0.03949123218679535,0.04517125834386971,1.0
869,-0.039502824815073445,0.04516112079687147,1.0
870,-0.039514414841005416,0.04515098027477289,1.0
871,-0.039526002263827735,0.045140836778241995,1.0
872,-0.03953758708277705,0.045130690307947,1.0
873,-0.03954916929709018,0.045120540864556344,1.0
874,-0.03956074890600413,0.045110388448738645,1.0
875,-0.039572325908756055,0.04510023306116271,1.0
876,-0.039583900304583294,0.045090074702497554,1.0
877,-0.03959547209272336,0.04507991337341239,1.0
878,-0.03960704127241393,0.045069749074576615,1.0
879,-0.039618607842892846,0.04505958180665983,1.0
880,-0.03963017180339812,0.04504941157033184,1.0
881,-0.039641733153167984,0.045039238366262606,1.0
882,-0.039653291891440796,0.04502906219512234,1.0
883,-0.03966484801745508,0.045018883057581394,1.0
884,-0.039676401530449566,0.045008700954310366,1.0
885,-0.03968795242966313,0.04499851588598002,1.0
886,-0.03969950071433482,0.04498832785326133,1.0
887,-0.03971104638370387,0.044978136856825446,1.0
888,-0.039722589437009674,0.04496794289734374,1.0
889,-0.039734129873491814,0.04495774597548775,1.0
890,-0.03974566769239003,0.044947546091929226,1.0
891,-0.03975720289294426,0.044937343247340125,1.0
892,-0.03976873547439456,0.04492713744239256,1.0
893,-0.03978026543598119,0.0449169286777589,1.0
894,-0.039791792776944626,0.04490671695411163,1.0
895,-0.03980331749652546,0.044896502272123495,1.0
896,-0.03981483959396446,0.0448862846324674,1.0
897,-0.039826359068502584,0.04487606403581648,1.0
898,-0.03983787591938097,0.04486584048284402,1.0
899,-0.0398493901458409,0.04485561397422354,1.0
900,-0.03986090174712386,0.04484538451062872,1.0
901,-0.03987241072247148,0.04483515209273345,1.0
902,-0.039883917071125596,0.04482491672121183,1.0
903,-0.039895420792328176,0.04481467839673814,1.0
904,-0.039906921885321404,0.04480443711998684,1.0
905,-0.039918420349347596,0.04479419289163263,1.0
906,-0.03992991618364929,0.04478394571235034,1.0
907,-0.03994140938746915,0.044773695582815035,1.0
908,-0.03995289996005005,0.04476344250370197,1.0
909,-0.03996438790063501,0.044753186475686595,1.0
910,-0.03997587320846722,0.044742927499444564,1.0
911,-0.03998735588279007,0.044732665575651684,1.0
912,-0.03999883592284713,0.04472240070498401,1.0
913,-0.04001031332788208,0.044712132888117755,1.0
914,-0.04002178809713885,0.04470186212572933,1.0
915,-0.040033260229861506,0.04469158841849536,1.0
916,-0.04004472972529429,0.04468131176709264,1.0
917,-0.0400561965826816,0.044671032172198206,1.0
918,-0.04006766080126806,0.04466074963448919,1.0
919,-0.040079122380298426,0.044650464154643014,1.0
920,-0.04009058131901765,0.04464017573333726,1.0
921,-0.040102037616670826,0.0446298843712497,1.0
922,-0.04011349127250325,0.044619590069058294,1.0
923,-0.040124942285760384,0.044609292827441215,1.0
924,-0.04013639065568786,0.04459899264707682,1.0
925,-0.04014783638153149,0.04458868952864365,1.0
926,-0.04015927946253727,0.044578383472820456,1.0
927,-0.04017071989795134,0.04456807448028618,1.0
928,-0.04018215768702005,0.04455776255171993,1.0
929,-0.04019359282898988,0.04454744768780107,1.0
930,-0.040205025323107546,0.044537129889209076,1.0
931,-0.040216455168619894,0.04452680915662367,1.0
932,-0.040227882364773954,0.04451648549072477,1.0
933,-0.04023930691081692,0.044506158892192456,1.0
934,-0.04025072880599618,0.04449582936170702,1.0
935,-0.04026214804955929,0.044485496899948955,1.0
936,-0.04027356464075398,0.044475161507598934,1.0
937,-0.04028497857882816,0.04446482318533783,1.0
938,-0.040296389863029886,0.0444544819338467,1.0
939,-0.040307798492607426,0.044444137753806796,1.0
940,-0.040319204466809214,0.04443379064589957,1.0
941,-0.04033060778488382,0.044423440610806685,1.0
942,-0.040342008446080074,0.04441308764920993,1.0
943,-0.040353406449646904,0.04440273176179137,1.0
944,-0.040364801794833434,0.04439237294923319,1.0
945,-0.04037619448088898,0.04438201121221784,1.0
946,-0.04038758450706301,0.044371646551427904,1.0
947,-0.04039897187260518,0.044361278967546186,1.0
948,-0.04041035657676532,0.044350908461255674,1.0
949,-0.04042173861879343,0.04434053503323954,1.0
950,-0.0404331179979397,0.04433015868418118,1.0
951,-0.04044449471345448,0.04431977941476415,1.0
952,-0.0404558687645883,0.04430939722567221,1.0
953,-0.04046724015059185,0.04429901211758933,1.0
954,-0.04047860887071604,0.04428862409119963,1.0
955,-0.04048997492421192,0.04427823314718745,1.0
956,-0.040501338310330724,0.04426783928623732,1.0
957,-0.04051269902832385,0.04425744250903397,1.0
958,-0.040524057077442895,0.04424704281626231,1.0
959,-0.04053541245693961,0.044236640208607445,1.0
960,-0.04054676516606594,0.04422623468675467,1.0
961,-0.04055811520407398,0.04421582625138947,1.0
962,-0.040569462570216035,0.04420541490319754,1.0
963,-0.04058080726374457,0.044195000642864746,1.0
964,-0.040592149283912214,0.044184583471077156,1.0
965,-0.0406034886299718,0.04417416338852102,1.0
966,-0.04061482530117627,0.044163740395882806,1.0
967,-0.04062615929677887,0.04415331449384913,1.0
968,-0.0406374906160329,0.04414288568310683,1.0
969,-0.040648819258191894,0.044132453964342934,1.0
970,-0.04066014522250953,0.044122019338244646,1.0
971,-0.04067146850823971,0.04411158180549939,1.0
972,-0.04068278911463647,0.04410114136679476,1.0
973,-0.04069410704095404,0.044090698022818536,1.0
974,-0.040705422286446816,0.044080251774258714,1.0
975,-0.040716734850369384,0.044069802621803454,1.0
976,-0.04072804473197651,0.044059350566141124,1.0
977,-0.04073935193052311,0.044048895607960284,1.0
978,-0.04075065644526429,0.04403843774794969,1.0
979,-0.04076195827545537,0.044027976986798244,1.0
980,-0.04077325742035179,0.04401751332519509,1.0
981,-0.04078455387920919,0.04400704676382956,1.0
982,-0.040795847651283405,0.04399657730339116,1.0
983,-0.04080713873583041,0.04398610494456959,1.0
984,-0.04081842713210639,0.043975629688054726,1.0
985,-0.04082971283936769,0.04396515153453668,1.0
986,-0.04084099585687083,0.04395467048470571,1.0
987,-0.04085227618387252,0.04394418653925228,1.0
988,-0.040863553819629646,0.043933699698867054,1.0
989,-0.040874828763399255,0.04392320996424087,1.0
990,-0.04088610101443856,0.04391271733606479,1.0
991,-0.04089737057200503,0.04390222181503001,1.0
992,-0.040908637435356214,0.04389172340182795,1.0
993,-0.0409199016037499,0.04388122209715023,1.0
994,-0.040931163076444024,0.04387071790168865,1.0
995,-0.0409424218526967,0.0438602108161352,1.0
996,-0.04095367793176624,0.04384970084118205,1.0
997,-0.040964931312911124,0.043839187977521586,1.0
998,-0.04097618199539,0.043828672225846355,1.0
999,-0.040987429978461706,0.04381815358684912,1.0
1000,-0.040998675261385245,0.04380763206122282,1.0
1001,-0.04100991784341982,0.04379710764966058,1.0
1002,-0.04102115772382477,0.04378658035285573,1.0
1003,-0.04103239490185967,0.043776050171501775,1.0
1004,-0.041043629376784234,0.04376551710629241,1.0
1005,-0.041054861147858376,0.043754981157921535,1.0
1006,-0.041066090214342155,0.04374444232708323,1.0
1007,-0.04107731657549584,0.04373390061447177,1.0
1008,-0.04108854023057986,0.04372335602078162,1.0
1009,-0.041099761178854825,0.043712808546707414,1.0
1010,-0.04111097941958154,0.043702258192944016,1.0
1011,-0.04112219495202098,0.043691704960186435,1.0
1012,-0.04113340777543427,0.04368114884912991,1.0
1013,-0.04114461788908275,0.04367058986046983,1.0
1014,-0.04115582529222792,0.04366002799490184,1.0
1015,-0.041167029984131485,0.04364946325312166,1.0
1016,-0.041178231964055304,0.04363889563582532,1.0
1017,-0.0411894312312614,0.043628325143708964,1.0
1018,-0.041200627785012,0.043617751777468954,1.0
1019,-0.041211821624569524,0.04360717553780184,1.0
1020,-0.04122301274919652,0.04359659642540437,1.0
1021,-0.04123420115815576,0.043586014440973445,1.0
1022,-0.04124538685071018,0.043575429585206195,1.0
1023,-0.04125656982612289,0.04356484185879992,1.0
1024,-0.0412677500836572,0.04355425126245211,1.0
1025,-0.04127892762257655,0.04354365779686045,1.0
1026,-0.04129010244214461,0.04353306146272283,1.0
1027,-0.04130127454162523,0.04352246226073726,1.0
1028,-0.041312443920282396,0.04351186019160203,1.0
1029,-0.041323610577380314,0.043501255256015565,1.0
1030,-0.041334774512183335,0.04349064745467649,1.0
1031,-0.04134593572395602,0.04348003678828362,1.0
1032,-0.0413570942119631,0.04346942325753596,1.0
1033,-0.041368249975469465,0.0434588068631327,1.0
1034,-0.04137940301374022,0.04344818760577323,1.0
1035,-0.041390553326040615,0.04343756548615712,1.0
1036,-0.041401700911636106,0.043426940504984114,1.0
1037,-0.04141284576979232,0.04341631266295417,1.0
1038,-0.04142398789977503,0.04340568196076744,1.0
1039,-0.04143512730085027,0.043395048399124204,1.0
1040,-0.04144626397228419,0.043384411978725,1.0
1041,-0.041457397913343116,0.043373772700270534,1.0
1042,-0.041468529123293595,0.04336313056446168,1.0
1043,-0.04147965760140231,0.04335248557199953,1.0
1044,-0.04149078334693616,0.04334183772358534,1.0
1045,-0.0415019063591622,0.04333118701992056,1.0
1046,-0.041513026637347676,0.04332053346170684,1.0
1047,-0.04152414418076001,0.043309877049646006,1.0
1048,-0.04153525898866682,0.043299217784440076,1.0
1049,-0.041546371060335874,0.043288555666791254,1.0
1050,-0.041557480395035123,0.043277890697401955,1.0
1051,-0.04156858699203276,0.043267222876974716,1.0
1052,-0.041579690850597074,0.04325655220621234,1.0
1053,-0.041590791969996585,0.043245878685817765,1.0
1054,-0.04160189034949997,0.04323520231649415,1.0
1055,-0.0416129859883761,0.04322452309894481,1.0
1056,-0.04162407888589403,0.04321384103387329,1.0
1057,-0.041635169041322966,0.04320315612198327,1.0
1058,-0.04164625645393234,0.043192468363978664,1.0
1059,-0.04165734112299174,0.043181777760563554,1.0
1060,-0.04166842304777092,0.043171084312442196,1.0
1061,-0.04167950222753984,0.04316038802031906,1.0
1062,-0.04169057866156863,0.043149688884898785,1.0
1063,-0.04170165234912759,0.04313898690688623,1.0
1064,-0.04171272328948724,0.04312828208698636,1.0
1065,-0.04172379148191824,0.043117574425904415,1.0
1066,-0.04173485692569145,0.04310686392434578,1.0
1067,-0.041745919620077905,0.043096150583016045,1.0
1068,-0.04175697956434882,0.04308543440262098,1.0
1069,-0.041768036757775594,0.043074715383866514,1.0
1070,-0.04177909119962981,0.043063993527458815,1.0
1071,-0.04179014288918322,0.0430532688341042,1.0
1072,-0.04180119182570778,0.0430425413045092,1.0
1073,-0.04181223800847561,0.043031810939380494,1.0
1074,-0.041823281436759015,0.04302107773942499,1.0
1075,-0.04183432210983046,0.04301034170534977,1.0
1076,-0.041845360026962646,0.042999602837862076,1.0
1077,-0.04185639518742842,0.04298886113766936,1.0
1078,-0.0418674275905008,0.04297811660547926,1.0
1079,-0.041878457235453005,0.042967369241999606,1.0
1080,-0.04188948412155842,0.0429566190479384,1.0
1081,-0.04190050824809065,0.04294586602400384,1.0
1082,-0.041911529614323415,0.04293511017090431,1.0
1083,-0.04192254821953068,0.04292435148934838,1.0
1084,-0.04193356406298656,0.0429135899800448,1.0
1085,-0.041944577143965364,0.042902825643702514,1.0
1086,-0.04195558746174157,0.04289205848103065,1.0
1087,-0.04196659501558983,0.042881288492738534,1.0
1088,-0.041977599804785035,0.042870515679535634,1.0
1089,-0.0419886018286022,0.04285974004213165,1.0
1090,-0.041999601086316535,0.04284896158123647,1.0
1091,-0.04201059757720344,0.04283818029756012,1.0
1092,-0.042021591300538494,0.04282739619181287,1.0
1093,-0.04203258225559745,0.04281660926470514,1.0
1094,-0.04204357044165626,0.04280581951694754,1.0
1095,-0.042054555857991054,0.04279502694925089,1.0
1096,-0.042065538503878126,0.042784231562326164,1.0
1097,-0.04207651837859398,0.042773433356884535,1.0
1098,-0.04208749548141529,0.042762632333637356,1.0
1099,-0.04209846981161889,0.04275182849329621,1.0
1100,-0.04210944136848185,0.04274102183657276,1.0
1101,-0.04212041015128137,0.04273021236417896,1.0
1102,-0.042131376159294874,0.04271940007682691,1.0
1103,-0.04214233939179994,0.042708584975228885,1.0
1104,-0.04215329984807433,0.042697767060097376,1.0
1105,-0.042164257527396,0.04268694633214502,1.0
1106,-0.04217521242904309,0.042676122792084666,1.0
1107,-0.042186164552293924,0.042665296440629344,1.0
1108,-0.04219711389642699,0.04265446727849227,1.0
1109,-0.04220806046072099,0.04264363530638683,1.0
1110,-0.04221900424445477,0.04263280052502662,1.0
1111,-0.042229945246907374,0.042621962935125414,1.0
1112,-0.04224088346735809,0.04261112253739713,1.0
1113,-0.04225181890508629,0.04260027933255593,1.0
1114,-0.04226275155937159,0.04258943332131614,1.0
1115,-0.04227368142949377,0.04257858450439227,1.0
1116,-0.04228460851473279,0.042567732882499,1.0
1117,-0.04229553281436882,0.042556878456351206,1.0
1118,-0.04230645432768219,0.04254602122666397,1.0
1119,-0.0423173730539534,0.042535161194152515,1.0
1120,-0.04232828899246317,0.04252429835953229,1.0
1121,-0.04233920214249239,0.0425134327235189,1.0
1122,-0.04235011250332211,0.04250256428682815,1.0
1123,-0.04236102007423358,0.04249169305017605,1.0
1124,-0.04237192485450826,0.04248081901427872,1.0
1125,-0.042382826843427764,0.042469942179852546,1.0
1126,-0.0423937260402739,0.04245906254761405,1.0
1127,-0.042404622444328646,0.04244818011827997,1.0
1128,-0.04241551605487417,0.04243729489256721,1.0
1129,-0.04242640687119285,0.042426406871192854,1.0
1130,-0.0424372948925672,0.04241551605487418,1.0
1131,-0.042448180118279964,0.04240462244432865,1.0
1132,-0.04245906254761404,0.04239372604027391,1.0
1133,-0.04246994217985254,0.04238282684342777,1.0
1134,-0.04248081901427871,0.042371924854508275,1.0
1135,-0.04249169305017604,0.042361020074233584,1.0
1136,-0.042502564286828144,0.042350112503322115,1.0
1137,-0.042513432723518894,0.0423392021424924,1.0
1138,-0.04252429835953228,0.04232828899246319,1.0
1139,-0.04253516119415251,0.04231737305395341,1.0
1140,-0.04254602122666396,0.042306454327682194,1.0
1141,-0.0425568784563512,0.04229553281436883,1.0
1142,-0.04256773288249899,0.042284608514732806,1.0
1143,-0.04257858450439226,0.042273681429493774,1.0
1144,-0.042589433321316136,0.0422627515593716,1.0
1145,-0.04260027933255593,0.042251818905086294,1.0
1146,-0.04261112253739712,0.04224088346735809,1.0
1147,-0.042621962935125386,0.04222994524690741,1.0
1148,-0.042632800525026604,0.04221900424445478,1.0
1149,-0.042643635306386825,0.042208060460720995,1.0
1150,-0.042654467278492265,0.042197113896427,1.0
1151,-0.04266529644062934,0.04218616455229393,1.0
1152,-0.04267612279208466,0.042175212429043096,1.0
1153,-0.042686946332145016,0.04216425752739601,1.0
1154,-0.04269776706009737,0.04215329984807434,1.0
1155,-0.04270858497522888,0.04214233939179994,1.0
1156,-0.042719400076826904,0.04213137615929488,1.0
1157,-0.042730212364178954,0.04212041015128138,1.0
1158,-0.04274102183657275,0.042109441368481854,1.0
1159,-0.042751828493296194,0.0420984698116189,1.0
1160,-0.04276263233363735,0.0420874954814153,1.0
1161,-0.04277343335688453,0.04207651837859399,1.0
1162,-0.04278423156232616,0.04206553850387814,1.0
1163,-0.042795026949250886,0.04205455585799106,1.0
1164,-0.042805819516947535,0.04204357044165627,1.0
1165,-0.04281660926470513,0.04203258225559746,1.0
1166,-0.04282739619181286,0.0420215913005385,1.0
1167,-0.04283818029756011,0.04201059757720345,1.0
1168,-0.04284896158123645,0.04199960108631655,1.0
1169,-0.042859740042131646,0.04198860182860221,1.0
1170,-0.04287051567953563,0.04197759980478505,1.0
1171,-0.04288128849273852,0.04196659501558984,1.0
1172,-0.04289205848103064,0.04195558746174158,1.0
1173,-0.04290282564370251,0.041944577143965364,1.0
1174,-0.04291358998004479,0.04193356406298657,1.0
1175,-0.042924351489348374,0.04192254821953069,1.0
1176,-0.0429351101709043,0.04191152961432342,1.0
1177,-0.04294586602400383,0.041900508248090655,1.0
1178,-0.04295661904793839,0.041889484121558435,1.0
1179,-0.0429673692419996,0.04187845723545301,1.0
1180,-0.042978116605479254,0.041867427590500814,1.0
1181,-0.04298886113766935,0.041856395187428425,1.0
1182,-0.04299960283786207,0.04184536002696265,1.0
1183,-0.043010341705349765,0.041834322109830464,1.0
1184,-0.04302107773942498,0.04182328143675902,1.0
1185,-0.04303181093938049,0.04181223800847562,1.0
1186,-0.04304254130450919,0.04180119182570779,1.0
1187,-0.043053268834104194,0.04179014288918323,1.0
1188,-0.04306399352745881,0.04177909119962982,1.0
1189,-0.04307471538386651,0.0417680367577756,1.0
1190,-0.04308543440262096,0.041756979564348824,1.0
1191,-0.04309615058301604,0.04174591962007791,1.0
1192,-0.043106863924345776,0.041734856925691455,1.0
1193,-0.04311757442590441,0.04172379148191825,1.0
1194,-0.04312828208698635,0.04171272328948725,1.0
1195,-0.043138986906886216,0.041701652349127594,1.0
1196,-0.04314968888489878,0.04169057866156864,1.0
1197,-0.04316038802031906,0.04167950222753985,1.0
1198,-0.04317108431244219,0.04166842304777093,1.0
1199,-0.04318177776056355,0.04165734112299175,1.0
1200,-0.04319246836397866,0.04164625645393235,1.0
1201,-0.04320315612198326,0.04163516904132298,1.0
1202,-0.04321384103387328,0.041624078885894034,1.0
1203,-0.043224523098944805,0.04161298598837611,1.0
1204,-0.04323520231649414,0.04160189034949998,1.0
1205,-0.04324587868581776,0.04159079196999659,1.0
1206,-0.043256552206212336,0.04157969085059708,1.0
1207,-0.04326722287697471,0.041568586992032766,1.0
1208,-0.04327789069740193,0.04155748039503515,1.0
1209,-0.04328855566679125,0.04154637106033588,1.0
1210,-0.04329921778444007,0.04153525898866683,1.0
1211,-0.043309877049646,0.04152414418076002,1.0
1212,-0.043320533461706834,0.04151302663734768,1.0
1213,-0.04333118701992055,0.041501906359162205,1.0
1214,-0.04334183772358533,0.041490783346936164,1.0
1215,-0.04335248557199951,0.04147965760140232,1.0
1216,-0.04336313056446167,0.0414685291232936,1.0
1217,-0.04337377270027053,0.04145739791334312,1.0
1218,-0.04338441197872499,0.041446263972284195,1.0
1219,-0.0433950483991242,0.04143512730085028,1.0
1220,-0.04340568196076741,0.041423987899775055,1.0
1221,-0.04341631266295416,0.04141284576979233,1.0
1222,-0.04342694050498411,0.04140170091163611,1.0
1223,-0.043437565486157105,0.04139055332604062,1.0
1224,-0.04344818760577322,0.041379403013740226,1.0
1225,-0.04345880686313269,0.04136824997546947,1.0
1226,-0.04346942325753595,0.041357094211963104,1.0
1227,-0.04348003678828361,0.04134593572395603,1.0
1228,-0.043490647454676484,0.04133477451218334,1.0
1229,-0.04350125525601555,0.04132361057738032,1.0
1230,-0.043511860191602025,0.0413124439202824,1.0
1231,-0.043522462260737256,0.04130127454162523,1.0
1232,-0.043533061462722816,0.041290102442144615,1.0
1233,-0.04354365779686044,0.04127892762257656,1.0
1234,-0.043554251262452104,0.041267750083657205,1.0
1235,-0.043564841858799906,0.041256569826122906,1.0
1236,-0.04357542958520619,0.04124538685071019,1.0
1237,-0.04358601444097344,0.041234201158155764,1.0
1238,-0.043596596425404366,0.04122301274919653,1.0
1239,-0.04360717553780184,0.04121182162456953,1.0
1240,-0.04361775177746895,0.04120062778501201,1.0
1241,-0.04362832514370895,0.041189431231261404,1.0
1242,-0.04363889563582531,0.04117823196405531,1.0
1243,-0.043649463253121655,0.0411670299841315,1.0
1244,-0.04366002799490181,0.04115582529222795,1.0
1245,-0.04367058986046983,0.04114461788908277,1.0
1246,-0.0436811488491299,0.041133407775434276,1.0
1247,-0.04369170496018643,0.041122194952020984,1.0
1248,-0.04370225819294401,0.041110979419581556,1.0
1249,-0.04371280854670741,0.04109976117885484,1.0
1250,-0.04372335602078161,0.04108854023057987,1.0
1251,-0.043733900614471764,0.04107731657549585,1.0
1252,-0.04374444232708322,0.04106609021434216,1.0
1253,-0.04375498115792152,0.04105486114785838,1.0
1254,-0.0437655171062924,0.04104362937678425,1.0
1255,-0.04377605017150177,0.04103239490185968,1.0
1256,-0.04378658035285572,0.041021157723824773,1.0
1257,-0.04379710764966056,0.04100991784341983,1.0
1258,-0.04380763206122281,0.04099867526138525,1.0
1259,-0.043818153586849116,0.04098742997846171,1.0
1260,-0.04382867222584635,0.04097618199539001,1.0
1261,-0.04383918797752158,0.04096493131291113,1.0
1262,-0.043849700841182046,0.040953677931766255,1.0
1263,-0.04386021081613519,0.04094242185269671,1.0
1264,-0.043870717901688644,0.04093116307644403,1.0
1265,-0.04388122209715022,0.040919901603749906,1.0
1266,-0.043891723401827946,0.04090863743535623,1.0
1267,-0.04390222181503,0.040897370572005036,1.0
1268,-0.043912717336064784,0.04088610101443857,1.0
1269,-0.043923209964240865,0.04087482876339926,1.0
1270,-0.04393369969886705,0.04086355381962965,1.0
1271,-0.04394418653925227,0.040852276183872535,1.0
1272,-0.0439546704847057,0.040840995856870836,1.0
1273,-0.04396515153453667,0.0408297128393677,1.0
1274,-0.043975629688054726,0.0408184271321064,1.0
1275,-0.04398610494456958,0.040807138735830424,1.0
1276,-0.043996577303391154,0.04079584765128341,1.0
1277,-0.044007046763829556,0.0407845538792092,1.0
1278,-0.04401751332519509,0.0407732574203518,1.0
1279,-0.04402797698679824,0.040761958275455375,1.0
1280,-0.04403843774794968,0.040750656445264294,1.0
1281,-0.04404889560796027,0.04073935193052312,1.0
1282,-0.04405935056614112,0.04072804473197652,1.0
1283,-0.04406980262180345,0.0407167348503694,1.0
1284,-0.04408025177425871,0.04070542228644682,1.0
1285,-0.04409069802281853,0.040694107040954046,1.0
1286,-0.04410114136679476,0.04068278911463648,1.0
1287,-0.044111581805499386,0.040671468508239716,1.0
1288,-0.04412201933824464,0.04066014522250954,1.0
1289,-0.04413245396434293,0.0406488192581919,1.0
1290,-0.04414288568310682,0.040637490616032904,1.0
1291,-0.04415331449384912,0.040626159296778874,1.0
1292,-0.0441637403958828,0.04061482530117628,1.0
1293,-0.044174163388521016,0.040603488629971804,1.0
1294,-0.04418458347107715,0.04059214928391222,1.0
1295,-0.04419500064286474,0.04058080726374458,1.0
1296,-0.044205414903197536,0.04056946257021605,1.0
1297,-0.044215826251389465,0.040558115204073986,1.0
1298,-0.04422623468675466,0.040546765166065944,1.0
1299,-0.04423664020860744,0.04053541245693962,1.0
1300,-0.0442470428162623,0.0405240570774429,1.0
1301,-0.04425744250903396,0.04051269902832386,1.0
1302,-0.044267839286237315,0.04050133831033073,1.0
1303,-0.04427823314718744,0.04048997492421193,1.0
1304,-0.04428862409119962,0.04047860887071605,1.0
1305,-0.044299012117589326,0.04046724015059186,1.0
1306,-0.044309397225672204,0.04045586876458831,1.0
1307,-0.04431977941476414,0.04044449471345449,1.0
1308,-0.04433015868418117,0.04043311799793971,1.0
1309,-0.044340535033239536,0.04042173861879344,1.0
1310,-0.04435090846125566,0.040410356576765324,1.0
1311,-0.04436127896754618,0.04039897187260519,1.0
1312,-0.0443716465514279,0.04038758450706302,1.0
1313,-0.04438201121221783,0.040376194480888986,1.0
1314,-0.04439237294923319,0.04036480179483344,1.0
1315,-0.04440273176179136,0.04035340644964691,1.0
1316,-0.044413087649209926,0.04034200844608008,1.0
1317,-0.04442344061080666,0.04033060778488385,1.0
1318,-0.044433790645899564,0.04031920446680922,1.0
1319,-0.04444413775380679,0.04030779849260744,1.0
1320,-0.04445448193384669,0.04029638986302989,1.0
1321,-0.04446482318533782,0.040284978578828165,1.0
1322,-0.044475161507598934,0.04027356464075399,1.0
1323,-0.04448549689994895,0.040262148049559306,1.0
1324,-0.04449582936170701,0.040250728805996186,1.0
1325,-0.04450615889219244,0.04023930691081693,1.0
1326,-0.04451648549072476,0.04022788236477396,1.0
1327,-0.044526809156623666,0.0402164551686199,1.0
1328,-0.04453712988920907,0.04020502532310756,1.0
1329,-0.04454744768780106,0.040193592828989884,1.0
1330,-0.04455776255171992,0.040182157687020055,1.0
1331,-0.044568074480286164,0.04017071989795135,1.0
1332,-0.04457838347282045,0.04015927946253728,1.0
1333,-0.044588689528643644,0.0401478363815315,1.0
1334,-0.04459899264707681,0.040136390655687866,1.0
1335,-0.04460929282744121,0.04012494228576039,1.0
1336,-0.04461959006905829,0.04011349127250326,1.0
1337,-0.04462988437124969,0.04010203761667083,1.0
1338,-0.044640175733337256,0.04009058131901765,1.0
1339,-0.04465046415464301,0.04007912238029844,1.0
1340,-0.04466074963448918,0.040067660801268064,1.0
1341,-0.04467103217219818,0.04005619658268162,1.0
1342,-0.04468131176709264,0.0400447297252943,1.0
1343,-0.044691588418495354,0.04003326022986151,1.0
1344,-0.044701862125729325,0.04002178809713886,1.0
1345,-0.04471213288811775,0.04001031332788209,1.0
1346,-0.044722400704984004,0.039998835922847135,1.0
1347,-0.044732665575651684,0.039987355882790086,1.0
1348,-0.04474292749944456,0.039975873208467225,1.0
1349,-0.04475318647568659,0.039964387900635015,1.0
1350,-0.04476344250370196,0.03995289996005006,1.0
1351,-0.04477369558281502,0.03994140938746916,1.0
1352,-0.04478394571235033,0.0399299161836493,1.0
1353,-0.044794192891632625,0.0399184203493476,1.0
1354,-0.044804437119986835,0.03990692188532141,1.0
1355,-0.04481467839673813,0.03989542079232819,1.0
1356,-0.044824916721211826,0.0398839170711256,1.0
1357,-0.04483515209273344,0.03987241072247149,1.0
1358,-0.044845384510628715,0.03986090174712386,1.0
1359,-0.04485561397422353,0.03984939014584091,1.0
1360,-0.04486584048284402,0.039837875919380976,1.0
1361,-0.044876064035816475,0.03982635906850259,1.0
1362,-0.044886284632467396,0.03981483959396447,1.0
1363,-0.04489650227212349,0.039803317496525464,1.0
1364,-0.04490671695411162,0.03979179277694464,1.0
1365,-0.04491692867775889,0.0397802654359812,1.0
1366,-0.04492713744239255,0.03976873547439457,1.0
1367,-0.04493734324734012,0.03975720289294426,1.0
1368,-0.04494754609192922,0.039745667692390046,1.0
1369,-0.044957745975487746,0.03973412987349183,1.0
1370,-0.04496794289734373,0.03972258943700968,1.0
1371,-0.04497813685682544,0.039711046383703874,1.0
1372,-0.044988327853261324,0.039699500714334826,1.0
1373,-0.044998515885980014,0.03968795242966314,1.0
1374,-0.04500870095431036,0.03967640153044957,1.0
1375,-0.04501888305758139,0.039664848017455095,1.0
1376,-0.04502906219512233,0.0396532918914408,1.0
1377,-0.0450392383662626,0.039641733153168,1.0
1378,-0.04504941157033182,0.039630171803398145,1.0
1379,-0.045059581806659824,0.03961860784289285,1.0
1380,-0.04506974907457661,0.039607041272413934,1.0
1381,-0.045079913373412384,0.03959547209272337,1.0
1382,-0.04509007470249755,0.03958390030458331,1.0
1383,-0.0451002330611627,0.03957232590875607,1.0
1384,-0.04511038844873864,0.03956074890600413,1.0
1385,-0.04512054086455634,0.039549169297090195,1.0
1386,-0.045130690307946995,0.039537587082777055,1.0
1387,-0.04514083677824199,0.03952600226382774,1.0
1388,-0.045150980274772885,0.03951441484100542,1.0
1389,-0.045161120796871464,0.03950282481507346,1.0
1390,-0.04517125834386968,0.039491232186795386,1.0
1391,-0.045181392915099726,0.03947963695693484,1.0
1392,-0.04519152450989395,0.03946803912625574,1.0
1393,-0.0452016531275849,0.0394564386955221,1.0
1394,-0.04521177876750534,0.039444835665498126,1.0
1395,-0.04522190142898821,0.0394332300369482,1.0
1396,-0.04523202111136665,0.03942162181063688,1.0
1397,-0.04524213781397401,0.039410010987328874,1.0
1398,-0.04525225153614383,0.03939839756778908,1.0
1399,-0.04526236227720983,0.03938678155278256,1.0
1400,-0.04527247003650595,0.03937516294307454,1.0
1401,-0.04528257481336632,0.039363541739430435,1.0
1402,-0.04529267660712526,0.03935191794261582,1.0
1403,-0.045302775417117254,0.03934029155339645,1.0
1404,-0.04531287124267707,0.03932866257253822,1.0
1405,-0.045322964083139614,0.039317031000807225,1.0
1406,-0.04533305393783998,0.039305396838969726,1.0
1407,-0.045343140806113465,0.03929376008779215,1.0
1408,-0.045353224687295586,0.039282120748041105,1.0
1409,-0.045363305580722046,0.03927047882048335,1.0
1410,-0.04537338348572873,0.039258834305885844,1.0
1411,-0.04538345840165174,0.039247187205015674,1.0
1412,-0.045393530327827364,0.03923553751864013,1.0
1413,-0.045403599263592075,0.03922388524752668,1.0
1414,-0.04541366520828256,0.03921223039244294,1.0
1415,-0.04542372816123572,0.03920057295415668,1.0
1416,-0.04543378812178863,0.03918891293343589,1.0
1417,-0.04544384508927855,0.03917725033104868,1.0
1418,-0.045453899063042966,0.03916558514776336,1.0
1419,-0.045463950042419536,0.03915391738434841,1.0
1420,-0.045473998026746135,0.03914224704157247,1.0
1421,-0.04548404301536082,0.03913057412020435,1.0
1422,-0.04549408500760186,0.03911889862101303,1.0
1423,-0.04550412400280771,0.03910722054476767,1.0
1424,-0.04551416000031703,0.039095539892237595,1.0
1425,-0.045524192999468666,0.03908385666419228,1.0
1426,-0.045534222999601685,0.039072170861401405,1.0
1427,-0.0455442500000553,0.03906048248463481,1.0
1428,-0.045554274000168996,0.03904879153466245,1.0
1429,-0.04556429499928242,0.039037098012254544,1.0
1430,-0.04557431299673539,0.03902540191818139,1.0
1431,-0.04558432799186794,0.03901370325321354,1.0
1432,-0.045594339984020335,0.03900200201812164,1.0
1433,-0.045604348972532995,0.03899029821367654,1.0
1434,-0.04561435495674656,0.03897859184064928,1.0
1435,-0.04562435793600186,0.038966882899811026,1.0
1436,-0.0456343579096399,0.038955171391933135,1.0
1437,-0.04564435487700194,0.03894345731778714,1.0
1438,-0.04565434883742937,0.03893174067814475,1.0
1439,-0.04566433979026386,0.038920021473777794,1.0
1440,-0.045674327734847205,0.03890829970545832,1.0
1441,-0.04568431267052142,0.03889657537395851,1.0
1442,-0.045694294596628736,0.038884848480050756,1.0
1443,-0.04570427351251155,0.03887311902450759,1.0
1444,-0.0457142494175125,0.03886138700810172,1.0
1445,-0.04572422231097439,0.03884965243160603,1.0
1446,-0.04573419219224022,0.038837915295793536,1.0
1447,-0.045744159060653204,0.038826175601437474,1.0
1448,-0.045754122915556764,0.03881443334931123,1.0
1449,-0.04576408375629449,0.03880268854018833,1.0
1450,-0.04577404158221019,0.03879094117484252,1.0
1451,-0.04578399639264785,0.03877919125404768,1.0
1452,-0.04579394818695171,0.03876743877857784,1.0
1453,-0.04580389696446616,0.03875568374920725,1.0
1454,-0.0458138427245358,0.03874392616671029,1.0
1455,-0.0458237854665054,0.03873216603186152,1.0
1456,-0.04583372518972,0.038720403345435674,1.0
1457,-0.04584366189352477,0.03870863810820765,1.0
1458,-0.0458535955772651,0.038696870320952495,1.0
1459,-0.045863526240286605,0.038685099984445456,1.0
1460,-0.04587345388193507,0.03867332709946193,1.0
1461,-0.04588337850155647,0.03866155166677749,1.0
1462,-0.04589330009849702,0.038649773687167856,1.0
1463,-0.045903218672103084,0.03863799316140897,1.0
1464,-0.04591313422172128,0.03862621009027686,1.0
1465,-0.04592304674669839,0.038614424474547764,1.0
1466,-0.0459329562463814,0.038602636314998114,1.0
1467,-0.045942862720117494,0.03859084561240448,1.0
1468,-0.04595276616725406,0.038579052367543595,1.0
1469,-0.04596266658713867,0.038567256581192366,1.0
1470,-0.04722370218647935,0.037012456711257434,0.6564238888349079
1471,-0.04843216713511257,0.035416453614055175,0.5183129337424512
1472,-0.04958671613849837,0.03378102400164899,0.418198222531972
1473,-0.05068606392272619,0.03210798847672202,0.33720168009471263
1474,-0.05172898666531504,0.030399209505835162,0.26880251101093855
1475,-0.052714323357604495,0.028656589346080823,0.20884098364880968
1476,-0.05364097709721969,0.02688206792744101,0.15517398662212195
1477,-0.054507916309171414,0.025077620693207018,0.10669582089287587
1478,-0.05531417589423226,0.023245256400864552,0.06205347531169206
1479,-0.056058858303310075,0.021387014885892848,0.020615524092526465
1480,-0.0567411345366229,0.01950496479096693,-0.017973410162876527
1481,-0.05736024506656305,0.01760120126309079,-0.05430325877398024
1482,-0.05791550068322297,0.015677843621225426,-0.08860573106120957
1483,-0.058406283261641566,0.013737032997008064,-0.1210316894611981
1484,-0.058832046449916936,0.011780929951188708,-0.1519803754547495
1485,-0.05919231627741957,0.009811712068437914,-0.18152089346641676
1486,-0.05948669168242862,0.007831571533203094,-0.20968629633311855
1487,-0.05971484495860434,0.005842712689311836,-0.23674102422967508
1488,-0.059876522119799214,0.0038473495860391134,-0.2627070974390544
1489,-0.05997154318280195,0.001847703513370223,-0.28757679539599446
1490,-0.05999980236769946,-0.00015399947079678596,-0.31157103916191226
1491,-0.059961268215633814,-0.0021555310187566885,-0.3346805468224484
1492,-0.05985598362382302,-0.004154662973651493,-0.35691201957897567
1493,-0.059684065797806767,-0.006149169849912397,-0.378368799987019
1494,-0.059445706120970186,-0.008136831310728232,-0.39906361322445594
1495,-0.05914116994149084,-0.010115434639781939,-0.4190544642842865
1496,-0.0587707962769463,-0.012082777204503709,-0.4383635779989414
1497,-0.05833499743691097,-0.014036668908098881,-0.4569645916160579
1498,-0.057834258563962355,-0.01597493462762044,-0.47495948998285653
1499,-0.05726913709360777,-0.01789541663537226,-0.49231169590240365
1500,-0.056640262133732654,-0.019795977000947703,-0.5091442129183967
1501,-0.05594833376426135,-0.02167449997122916,-0.5253615338462977
1502,-0.05519412225780999,-0.023528894325699278,-0.5410492580589422
1503,-0.054378467222199,-0.025357095704441956,-0.5562503104737547
1504,-0.05350227666577989,-0.027157068906241404,-0.5709052694840344
1505,-0.05256652598661681,-0.028926810154220925,-0.5851455517083138
1506,-0.05157225688664813,-0.030664349326499245,-0.5989104864835515
1507,-0.050520576212036726,-0.032367752149381465,-0.6122340318439793
1508,-0.04941265472100022,-0.03403512235064264,-0.6251533263974314
1509,-0.04824972578049251,-0.03566460377050719,-0.637637638457603
1510,-0.04703308399318763,-0.037254382427974256,-0.6497965973555685
1511,-0.045764083756294496,-0.03880268854018832,-0.6615724373106032
1512,-0.04444413775380682,-0.040307798492607405,-0.6730152326834604
1513,-0.043074715383866535,-0.04176803675777557,-0.684157307578954
1514,-0.04165734112299175,-0.04318177776056355,-0.6949636662997589
1515,-0.040193592828989905,-0.04454744768780104,-0.7055208838519753
1516,-0.03868509998444548,-0.045863526240286584,-0.7158161187509285
1517,-0.03713354188273769,-0.047128548325223917,-0.7258327539949725
1518,-0.03554064575860759,-0.04834110568720132,-0.735650708236642
1519,-0.033908184865355497,-0.049499848475898146,-0.7452526142298307
1520,-0.03223797650080945,-0.05060348674877313,-0.7546420604803029
1521,-0.0305318799842619,-0.05165079190706206,-0.7638712299197145
1522,-0.02879179458662754,-0.05264059806348561,-0.7729090997137804
1523,-0.027019657416125487,-0.053571803340145406,-0.7818225512974064
1524,-0.02521744126184,-0.05444337109516317,-0.7906046762269898
1525,-0.023387152397560756,-0.05525433107669722,-0.7992464666972319
1526,-0.021530828348346687,-0.05600378050305203,-0.8078157142660929
1527,-0.019650535622300038,-0.05669088506767836,-0.8162781818879004
1528,-0.017748367410076224,-0.0573148798679448,-0.8246925466142642
1529,-0.015826441254689544,-0.0578750702566473,-0.8330176123557473
1530,-0.013886896694209179,-0.058370832615308496,-0.841324601990787
1531,-0.0119318928799702,-0.058801615048405906,-0.8495903307818129
1532,-0.009963606172950123,-0.059166937997756394,-0.8578236202458167
1533,-0.007984227720987242,-0.059466394776372805,-0.8660743460660718
1534,-0.005995961019538298,-0.05969965202119839,-0.8742898145183577
1535,-0.004001019458690009,-0.059866450064215294,-0.8824900681551859
1536,-0.0020016238591556283,-0.05996660322151372,-0.8905614712732276
1537,0.002,-0.05896498468575661,-0.8916209500438173
1538,0.002,-0.057963311969253424,-0.8915827689090831
1539,0.002,-0.05696163925275024,-0.8915164839991431
1540,0.002,-0.055959966536247054,-0.8914164994581556
1541,0.002,-0.05495829381974387,-0.8912852323747881
1542,0.002,-0.05395662110324068,-0.8911185039610011
1543,0.002,-0.0529549483867375,-0.8909102247520063
1544,0.002,-0.05195327567023431,-0.8906700454219717
1545,0.002,-0.050951602953731134,-0.8903892205987588
1546,0.002,-0.04994993023722795,-0.8900729563368058
1547,0.002,-0.048948257520724764,-0.889710865704862
1548,0.002,-0.04794658480422157,-0.8893134780099825
1549,0.002,-0.04694491208771839,-0.8888686909243052
1550,0.002,-0.04594323937121521,-0.8883812107614306
1551,0.002,-0.04494156665471202,-0.8878588767259392
1552,0.002,-0.04393989393820884,-0.8872892661370505
1553,0.002,-0.04293822122170565,-0.8866782786764226
1554,0.002,-0.04193654850520247,-0.8860204326724953
1555,0.002,-0.04093487578869928,-0.8853206353165675
1556,0.002,-0.0399332030721961,-0.8845733942300622
1557,0.002,-0.03893153035569291,-0.8837826935333105
1558,0.002,-0.037929857639189726,-0.8829449990331979
1559,0.002,-0.03692818492268654,-0.882061693011789
1560,0.002,-0.035926512206183356,-0.8811329413113491
1561,0.002,-0.03492483948968017,-0.8801588330469028
1562,0.002,-0.033923166773176985,-0.8791349221081731
1563,0.002,-0.0329214940566738,-0.8780636435480733
1564,0.002,-0.031919821340170615,-0.8769511763202686
1565,0.002,-0.03091814862366743,-0.8757850878103403
1566,0.002,-0.029916475907164248,-0.8745668924867713
1567,0.002,-0.028914803190661063,-0.8733058190974518
1568,0.002,-0.027913130474157874,-0.8719856831927404
1569,0.002,-0.02691145775765469,-0.8706107082760166
1570,0.002,-0.025909785041151503,-0.8691934878653809
1571,0.002,-0.024908112324648325,-0.8677150592717331
1572,0.002,-0.02390643960814514,-0.8661975637825686
1573,0.002,-0.022904766891641955,-0.8646255984012464
1574,0.002,-0.02190309417513877,-0.8630531965999169
1575,0.002,-0.020901421458635577,-0.8615086096865578
1576,0.002,-0.0198997487421324,-0.860074343704452
1577,0.0030061393967755674,-0.01977278751029186,-0.8608026108670022
1578,0.004004549741313995,-0.019594988680000355,-0.8616134791419454
1579,0.004992664031660772,-0.019366809387892495,-0.8624061027449974
1580,0.005967941737934111,-0.019088836303259138,-0.863181776137966
1581,0.006927875334253609,-0.018761784119668376,-0.8639179632305922
1582,0.007869996745812721,-0.01838649371742468,-0.8646137804269654
1583,0.008791883694518991,-0.017963930001590717,-0.865254907495871
1584,0.009691165926886866,-0.01749517942113047,-0.8658509106903572
1585,0.010565531308170575,-0.01698144717555213,-0.8663880131879569
1586,0.01141273176706859,-0.016424054116232798,-0.8668625340704492
1587,0.012230589075715233,-0.015824433350391895,-0.8672823599470193
1588,0.013017000450098619,-0.015184126556444804,-0.8676372915649246
1589,0.013769943956505689,-0.01450478002021032,-0.8679429343152072
1590,0.014487483710093951,-0.013788140402163099,-0.86817630646518
1591,0.015167774852223898,-0.01303605024661398,-0.868362496772787
1592,0.01580906829375494,-0.012250443244364355,-0.8684873926894
1593,0.016409715212109443,-0.011433339261014863,-0.8685493237032732
1594,0.016968171290542476,-0.010586839143710936,-0.868560130109499
1595,0.017483000688717762,-0.009713119319677601,-0.8685199705594129
1596,0.017952879734381123,-0.00881442620043118,-0.8684434544566354
1597,0.01837660032663977,-0.00789307040605512,-0.8683294584506625
1598,0.018753073042097366,-0.0069514208243898635,-0.8681645365471542
1599,0.01908132993585862,-0.005991898520411171,-0.8679908604347752
1600,0.01936052703020188,-0.0050169705114563295,-0.8677737749504537
1601,0.019589946484521028,-0.004029143424302775,-0.8675745763238637
1602,0.019768998440957655,-0.0030309570504073115,-0.8673425365246978
1603,0.01989722254097818,-0.002024977815875954,-0.867131330498089
1604,0.01997428910899664,-0.0010137921829537762,-0.8669437390740521
1605,0.02,0.0,-0.8668483985797089
1606,0.01997428910899664,0.001013792182953775,-0.8664740694176042
1607,0.01989722254097818,0.002024977815875952,-0.8657451010838773
1608,0.01976899844095766,0.0030309570504073085,-0.8648394879020891
1609,0.019589946484521028,0.004029143424302776,-0.8637972644749264
1610,0.01936052703020188,0.0050169705114563295,-0.8626263165764279
1611,0.01908132993585862,0.00599189852041117,-0.861385998716224
1612,0.018753073042097366,0.006951420824389863,-0.8600440495840607
1613,0.01837660032663977,0.007893070406055117,-0.8586678566598058
1614,0.017952879734381123,0.00881442620043118,-0.8572040270783202
1615,0.017483000688717762,0.009713119319677601,-0.8557287379565106
1616,0.01696817129054248,0.010586839143710933,-0.854225493025597
1617,0.016409715212109443,0.011433339261014863,-0.852658374261809
1618,0.015809068293754943,0.012250443244364353,-0.8511103568094216
1619,0.0151677748522239,0.013036050246613978,-0.8494968434188328
1620,0.014487483710093953,0.013788140402163099,-0.8479024144250018
1621,0.01376994395650569,0.014504780020210318,-0.8463186782524734
1622,0.013017000450098619,0.015184126556444804,-0.8447035410118378
1623,0.012230589075715234,0.015824433350391895,-0.8431020497263111
1624,0.01141273176706859,0.016424054116232798,-0.8414619112980287
1625,0.010565531308170575,0.01698144717555213,-0.8398655307572531
1626,0.00969116592688687,0.017495179421130467,-0.8382970973550279
1627,0.008791883694518995,0.017963930001590717,-0.8367116488087953
1628,0.007869996745812721,0.01838649371742468,-0.8351684634058831
1629,0.006927875334253609,0.018761784119668376,-0.8336455431800712
1630,0.005967941737934111,0.019088836303259138,-0.8320823787642735
1631,0.004992664031660776,0.01936680938789249,-0.8306021782609793
1632,0.004004549741313995,0.019594988680000355,-0.829145558536971
1633,0.0030061393967755674,0.01977278751029186,-0.8276258311118235
1634,0.002,0.0198997487421324,-0.8259453883975101
1635,0.002,0.020901421458635584,-0.8266940247833825
1636,0.002,0.02190309417513877,-0.8269206174218977
1637,0.002,0.022904766891641955,-0.826904673864199
1638,0.002,0.02390643960814514,-0.8267786031560933
1639,0.002,0.024908112324648325,-0.8265597202752873
1640,0.002,0.02590978504115151,-0.8262866693270964
1641,0.002,0.026911457757654696,-0.825970863351595
1642,0.002,0.02791313047415788,-0.8256220485668173
1643,0.002,0.028914803190661063,-0.8252446377396481
1644,0.002,0.029916475907164248,-0.8248552171382318
1645,0.002,0.030918148623667433,-0.8244497540400504
1646,0.002,0.03191982134017062,-0.8240372548322916
1647,0.002,0.0329214940566738,-0.8236178178347064
1648,0.002,0.033923166773176985,-0.823196780263262
1649,0.002,0.03492483948968017,-0.8227743258543971
1650,0.002,0.035926512206183356,-0.8223554759183891
1651,0.002,0.03692818492268654,-0.8219381517075814
1652,0.002,0.037929857639189726,-0.8215291960397215
1653,0.002,0.03893153035569291,-0.8211236963033838
1654,0.002,0.0399332030721961,-0.8207299631018615
1655,0.002,0.04093487578869928,-0.8203421224903378
1656,0.002,0.04193654850520247,-0.8199655928268117
1657,0.002,0.04293822122170565,-0.8196019354697366
1658,0.002,0.04393989393820884,-0.8192462991881585
1659,0.002,0.04494156665471202,-0.8189036116140846
1660,0.002,0.04594323937121521,-0.8185756571550228
1661,0.002,0.04694491208771839,-0.8182623861636
1662,0.002,0.04794658480422158,-0.8179645823310323
1663,0.002,0.048948257520724764,-0.8176833316095032
1664,0.002,0.04994993023722795,-0.8174141316866249
1665,0.002,0.050951602953731134,-0.817163476356516
1666,0.002,0.05195327567023432,-0.8169317417427936
1667,0.002,0.052954948386737505,-0.8167106019508502
1668,0.002,0.05395662110324069,-0.8165116357015858
1669,0.002,0.05495829381974387,-0.8163348559614545
1670,0.002,0.055959966536247054,-0.8161727746772683
1671,0.002,0.05696163925275024,-0.8160328013016478
1672,0.002,0.057963311969253424,-0.8159137644243106
1673,0.002,0.058964984685756616,-0.8158166798183253
1674,-0.002,-0.05896498468575661,-0.8905334345420167
1675,-0.002,-0.057963311969253424,-0.8904712656217868
1676,-0.002,-0.05696163925275024,-0.890379535976273
1677,-0.002,-0.055959966536247054,-0.8902581277058507
1678,-0.002,-0.05495829381974387,-0.890101867671529
1679,-0.002,-0.05395662110324068,-0.8899077741343416
1680,-0.002,-0.0529549483867375,-0.8896788769885202
1681,-0.002,-0.05195327567023431,-0.8894142166727821
1682,-0.002,-0.050951602953731134,-0.8891122601906037
1683,-0.002,-0.04994993023722795,-0.8887699144996959
1684,-0.002,-0.048948257520724764,-0.8883931887892169
1685,-0.002,-0.04794658480422157,-0.8879770253164939
1686,-0.002,-0.04694491208771839,-0.8875162308864815
1687,-0.002,-0.04594323937121521,-0.8870160043883226
1688,-0.002,-0.04494156665471202,-0.8864743419570185
1689,-0.002,-0.04393989393820884,-0.8858903813542274
1690,-0.002,-0.04293822122170565,-0.8852627687144644
1691,-0.002,-0.04193654850520247,-0.8845954157123586
1692,-0.002,-0.04093487578869928,-0.8838830644622617
1693,-0.002,-0.0399332030721961,-0.883127151348188
1694,-0.002,-0.03893153035569291,-0.8823261469336076
1695,-0.002,-0.037929857639189726,-0.8814828769136261
1696,-0.002,-0.03692818492268654,-0.8805946660354176
1697,-0.002,-0.035926512206183356,-0.879661174940368
1698,-0.002,-0.03492483948968017,-0.878681222156616
1699,-0.002,-0.033923166773176985,-0.8776568686389548
1700,-0.002,-0.0329214940566738,-0.8765858992303547
1701,-0.002,-0.031919821340170615,-0.8754679581894687
1702,-0.002,-0.03091814862366743,-0.8743013251658798
1703,-0.002,-0.029916475907164248,-0.8730850607408451
1704,-0.002,-0.028914803190661063,-0.871822652058843
1705,-0.002,-0.027913130474157874,-0.8704958802590945
1706,-0.002,-0.02691145775765469,-0.8691165995220693
1707,-0.002,-0.025909785041151503,-0.867670752859159
1708,-0.002,-0.024908112324648325,-0.8661554869066023
1709,-0.002,-0.02390643960814514,-0.8645430211781644
1710,-0.002,-0.022904766891641955,-0.8628177813631975
1711,-0.002,-0.02190309417513877,-0.8609129857201575
1712,-0.002,-0.020901421458635577,-0.8586626216077553
1713,-0.002,-0.0198997487421324,-0.8556603749290906
1714,-0.0030061393967755674,-0.01977278751029186,-0.8524729692575498
1715,-0.004004549741313995,-0.019594988680000355,-0.8500830566564853
1716,-0.004992664031660772,-0.019366809387892495,-0.8479243243526954
1717,-0.005967941737934111,-0.019088836303259138,-0.845977469167182
1718,-0.006927875334253609,-0.018761784119668376,-0.8440918063561555
1719,-0.007869996745812721,-0.01838649371742468,-0.8422810525172645
1720,-0.008791883694518991,-0.017963930001590717,-0.8405035873080025
1721,-0.009691165926886866,-0.01749517942113047,-0.8387655535040299
1722,-0.010565531308170575,-0.01698144717555213,-0.8370237114915877
1723,-0.01141273176706859,-0.016424054116232798,-0.8353012658748552
1724,-0.012230589075715233,-0.015824433350391895,-0.833592048878462
1725,-0.013017000450098619,-0.015184126556444804,-0.8318681537779014
1726,-0.013769943956505689,-0.01450478002021032,-0.8301529378239623
1727,-0.014487483710093951,-0.013788140402163099,-0.8284073300001842
1728,-0.015167774852223898,-0.01303605024661398,-0.8266435192943737
1729,-0.01580906829375494,-0.012250443244364355,-0.8248399749612956
1730,-0.016409715212109443,-0.011433339261014863,-0.8230378438748148
1731,-0.016968171290542476,-0.010586839143710936,-0.8212263140543521
1732,-0.017483000688717762,-0.009713119319677601,-0.8193297099597793
1733,-0.017952879734381123,-0.00881442620043118,-0.8174181560075042
1734,-0.01837660032663977,-0.00789307040605512,-0.8154040617462311
1735,-0.018753073042097366,-0.0069514208243898635,-0.8133525731634123
1736,-0.01908132993585862,-0.005991898520411171,-0.8111696877797648
1737,-0.01936052703020188,-0.0050169705114563295,-0.8089461487476527
1738,-0.019589946484521028,-0.004029143424302775,-0.8063443222547461
1739,-0.019768998440957655,-0.0030309570504073115,-0.8036533439407322
1740,-0.01989722254097818,-0.002024977815875954,-0.8006394058953764
1741,-0.01997428910899664,-0.0010137921829537762,-0.7973887253771874
1742,-0.02,0.0,-0.7895928579592746
1743,-0.01997428910899664,0.001013792182953775,-0.6427968236447655
1744,-0.01989722254097818,0.002024977815875952,-0.5710088421999219
1745,-0.01976899844095766,0.0030309570504073085,-0.5155547377401402
1746,-0.019589946484521028,0.004029143424302776,-0.46770872499044835
1747,-0.01936052703020188,0.0050169705114563295,-0.42446074948859924
1748,-0.01908132993585862,0.00599189852041117,-0.38437515369552433
1749,-0.018753073042097366,0.006951420824389863,-0.3493184853423732
1750,-0.01837660032663977,0.007893070406055117,-0.316614092378426
1751,-0.017952879734381123,0.00881442620043118,-0.2877772530736659
1752,-0.017483000688717762,0.009713119319677601,-0.26089604312661496
1753,-0.01696817129054248,0.010586839143710933,-0.23729930159059542
1754,-0.016409715212109443,0.011433339261014863,-0.21565245269377958
1755,-0.015809068293754943,0.012250443244364353,-0.19618201527993254
1756,-0.0151677748522239,0.013036050246613978,-0.1797906407072652
1757,-0.014487483710093953,0.013788140402163099,-0.16538522120582777
1758,-0.01376994395650569,0.014504780020210318,-0.15363319674812126
1759,-0.013017000450098619,0.015184126556444804,-0.14394979178282563
1760,-0.012230589075715234,0.015824433350391895,-0.136790425277423
1761,-0.01141273176706859,0.016424054116232798,-0.13130610603388138
1762,-0.010565531308170575,0.01698144717555213,-0.1279503653570388
1763,-0.00969116592688687,0.017495179421130467,-0.12687868330527524
1764,-0.008791883694518995,0.017963930001590717,-0.1277073845414784
1765,-0.007869996745812721,0.01838649371742468,-0.13039807321537478
1766,-0.006927875334253609,0.018761784119668376,-0.13469642139298435
1767,-0.005967941737934111,0.019088836303259138,-0.14047129630784688
1768,-0.004992664031660776,0.01936680938789249,-0.14835770212481447
1769,-0.004004549741313995,0.019594988680000355,-0.1575721234351266
1770,-0.0030061393967755674,0.01977278751029186,-0.16916135552328682
1771,-0.002,0.0198997487421324,-0.18533249991581105
1772,-0.002,0.020901421458635584,-0.17444785263638266
1773,-0.002,0.02190309417513877,-0.16780223782582074
1774,-0.002,0.022904766891641955,-0.1623888049296487
1775,-0.002,0.02390643960814514,-0.15722955854487974
1776,-0.002,0.024908112324648325,-0.1522024651861082
1777,-0.002,0.02590978504115151,-0.1472196806525078
1778,-0.002,0.026911457757654696,-0.14218384196348519
1779,-0.002,0.02791313047415788,-0.1371320536861358
1780,-0.002,0.028914803190661063,-0.1321155040353092
1781,-0.002,0.029916475907164248,-0.1270429441769139
1782,-0.002,0.030918148623667433,-0.12207034700728348
1783,-0.002,0.03191982134017062,-0.11708588321508377
1784,-0.002,0.0329214940566738,-0.11224375690193848
1785,-0.002,0.033923166773176985,-0.10747073004666771
1786,-0.002,0.03492483948968017,-0.10289692717690196
1787,-0.002,0.035926512206183356,-0.09844794926471279
1788,-0.002,0.03692818492268654,-0.09423278782190894
1789,-0.002,0.037929857639189726,-0.09015627196341382
1790,-0.002,0.03893153035569291,-0.08636225314597273
1791,-0.002,0.0399332030721961,-0.08276917174390586
1792,-0.002,0.04093487578869928,-0.07945153033210836
1793,-0.002,0.04193654850520247,-0.07637632071376728
1794,-0.002,0.04293822122170565,-0.07355219998527635
1795,-0.002,0.04393989393820884,-0.07098869288345143
1796,-0.002,0.04494156665471202,-0.06870788784792284
1797,-0.002,0.04594323937121521,-0.06668979578922608
1798,-0.002,0.04694491208771839,-0.06495564450813557
1799,-0.002,0.04794658480422158,-0.06348226012648228
1800,-0.002,0.048948257520724764,-0.06227755571592203
1801,-0.002,0.04994993023722795,-0.06133049107190699
1802,-0.002,0.050951602953731134,-0.06060571315313987
1803,-0.002,0.05195327567023432,-0.06010764782026734
1804,-0.002,0.052954948386737505,-0.0598125319725667
1805,-0.002,0.05395662110324069,-0.05971183608216824
1806,-0.002,0.05495829381974387,-0.05977701207189342
1807,-0.002,0.055959966536247054,-0.060015117967012005
1808,-0.002,0.05696163925275024,-0.06035473111566897
1809,-0.002,0.057963311969253424,-0.06080854781299466
1810,-0.002,0.058964984685756616,-0.0613265855004563
1811,-0.01999,0.0,-0.7904909221602764
1812,-0.018964871794871795,0.0,-0.800260528128466
1813,-0.017939743589743592,0.0,-0.8051992306060077
1814,-0.016914615384615386,0.0,-0.8093881558144946
1815,-0.01588948717948718,0.0,-0.812912839608033
1816,-0.014864358974358977,0.0,-0.8161068740401922
1817,-0.01383923076923077,0.0,-0.8189838284469884
1818,-0.012814102564102564,0.0,-0.821679384944306
1819,-0.01178897435897436,0.0,-0.8241935435321455
1820,-0.010763846153846155,0.0,-0.8265814539103522
1821,-0.00973871794871795,0.0,-0.8288507948112079
1822,-0.008713589743589744,0.0,-0.8310223695082181
1823,-0.007688461538461538,0.0,-0.8330873056824626
1824,-0.006663333333333334,0.0,-0.8350890819533295
1825,-0.005638205128205129,0.0,-0.8370213048849239
1826,-0.004613076923076925,0.0,-0.8388754729092917
1827,-0.0035879487179487184,0.0,-0.840686978571452
1828,-0.002562820512820512,0.0,-0.8424359120728915
1829,-0.0015376923076923094,0.0,-0.8441204713467217
1830,-0.0005125641025641031,0.0,-0.8457516263863122
1831,0.0005125641025640996,0.0,-0.8473230087745248
1832,0.0015376923076923059,0.0,-0.848834389312469
1833,0.002562820512820512,0.0,-0.8502944100215739
1834,0.0035879487179487184,0.0,-0.8517054023796696
1835,0.004613076923076925,0.0,-0.8530644480642147
1836,0.005638205128205127,0.0,-0.8543700557579232
1837,0.006663333333333334,0.0,-0.855625285913704
1838,0.007688461538461536,0.0,-0.8568252046368781
1839,0.008713589743589743,0.0,-0.8579786029575944
1840,0.009738717948717949,0.0,-0.8590877818916941
1841,0.010763846153846152,0.0,-0.8601394390685378
1842,0.011788974358974358,0.0,-0.8611335744881257
1843,0.012814102564102564,0.0,-0.8620859675460398
1844,0.01383923076923077,0.0,-0.8629785119446782
1845,0.014864358974358977,0.0,-0.8638086826621222
1846,0.015889487179487176,0.0,-0.8645749576466395
1847,0.016914615384615382,0.0,-0.8652655837772639
1848,0.01793974358974359,0.0,-0.8658805278490755
1849,0.018964871794871795,0.0,-0.8664264263142994
1850,0.01999,0.0,-0.8668417785786102
1851,0.002,-0.05996508987014356,-0.8916266351602667
1852,0.002,0.05996481277781299,-0.8157398904567642
1853,-0.0019999999999999996,-0.05996663031534769,-0.8905668334941546
1854,-0.002,0.059964807858295034,-0.06190099497358176
1855,-0.0019999999999999996,-0.05947834906534769,-0.89055508525107
1856,-0.0019999999999999996,-0.05972248969034769,-0.8905621527408889
1857,-0.0019999999999999996,-0.05984456000284769,-0.8905647731822559
1858,-0.0019999999999999996,-0.05990559515909769,-0.8905659703744214
1859,-0.0019999999999999996,-0.05993611273722269,-0.8905664361799714
1860,-0.0019999999999999996,-0.05995137152628519,-0.8905666590489842
1861,-0.0019999999999999996,-0.05995900092081644,-0.8905667621365254
1862,-0.0019999999999999996,-0.05996281561808207,-0.8905668084627226
1863,-0.0030013216589228186,-0.05991652664286451,-0.8865667843477942
1864,-0.002501472759039223,-0.05994156493218911,-0.8885992214422845
1865,-0.0022515483090974255,-0.05995408407685142,-0.8895962311074379
1866,-0.0010235734012957543,-0.059982921839190136,-0.8907825071594974
1867,-0.0021265860841265267,-0.05996034364918257,-0.8900883619544586
1868,-0.001511786700647877,-0.059974776077268914,-0.8906686004971911
1869,-0.0020641049716410773,-0.05996347343534814,-0.8903294856770481
1870,-0.0017558933503239384,-0.0599707031963083,-0.8906158323282607
1871,-0.0020328644153983525,-0.059965038328430934,-0.8904476655188643
1872,-0.001877946675161969,-0.059968666755828,-0.8905905946230854
1873,-0.0020172441372769906,-0.059965820774972325,-0.8905054464517476
1874,-0.0019389733375809843,-0.05996764853558785,-0.8905783311338373
1875,-0.001969486668790492,-0.05996713942546777,-0.8905724449872376
1876,-0.0019847433343952456,-0.05996688487040773,-0.8905695806273211
1877,-0.001991320265107517,-0.059960908269449255,-0.8905683510368427
1878,-0.0019768578563549946,-0.059951600240959656,-0.89057095323557
1879,-0.01998714455449832,-0.0005068960914768881,-0.7953489842564507
1880,-0.01998714455449832,0.0005068960914768875,-0.6900124481783819
1881,0.01998714455449832,-0.0005068960914768881,-0.8668714661165647
1882,0.01998714455449832,0.0005068960914768875,-0.8667559559998543
1883,-0.0020091790409002865,-0.05996112218830116,-0.8905339207211145
1884,-0.019993572277249162,-0.000253448045738444,-0.7933150496585102
1885,-0.019993572277249162,0.0002534480457384437,-0.7239845255900728
1886,0.019993572277249162,-0.000253448045738444,-0.8668455311113545
1887,0.019993572277249162,0.0002534480457384437,-0.8668435175497883
1888,-0.0020240263196118708,-0.059944908060322585,-0.8904778545005996
1889,-0.01999678613862458,-0.00012672402286922205,-0.792177369843634
1890,-0.01999678613862458,0.0001267240228692219,-0.7443220266988638
1891,0.01999678613862458,-0.00012672402286922205,-0.8668404042004033
1892,0.01999678613862458,0.0001267240228692219,-0.8668631716267013
1893,-0.01999839306931229,-6.336201143461106e-05,-0.7913743015074417
1894,-0.01999839306931229,6.3362011434611e-05,-0.7583855100202815
1895,0.01999839306931229,-6.336201143461106e-05,-0.8668407433678882
1896,0.01999839306931229,6.3362011434611e-05,-0.8668655380410077
1897,-0.019999196534656143,-3.168100571730557e-05,-0.790832591496358
1898,-0.019999196534656143,3.168100571730554e-05,-0.7686719106218118
1899,0.019999196534656143,-3.168100571730557e-05,-0.8668422000287752
1900,0.019999196534656143,3.168100571730554e-05,-0.8668625281764178
1901,-0.01999959826732807,-1.584050285865283e-05,-0.7904674507388086
1902,-0.01999959826732807,1.5840502858652814e-05,-0.7762649833632702
1903,0.01999959826732807,-1.584050285865283e-05,-0.866844017578458
1904,0.01999959826732807,1.5840502858652814e-05,-0.8668575111109433
1905,-0.04566768655678156,0.038852101961271965,0.9913756501775213
1906,-0.04462473101829603,0.04004568395972587,0.9959145243662906
1907,-0.043540010364558054,0.041222456497784006,0.9966904298413789
1908,-0.04238074598782497,0.0424133916560911,0.9969022146320694
1909,-0.04123363038304008,0.04352942852476187,0.9967808481053945
1910,-0.040068585990858746,0.04460416840330821,0.9961908809988953
1911,-0.03885210196127194,0.045667686556781564,0.9921276551170054
1912,0.03854648414050133,-0.045925940193572504,-0.9973488473915679
1913,0.039758520164195774,-0.04488076978629888,-0.9995705181642927
1914,0.040930984451377564,-0.043814129388801124,-0.999663735610298
1915,0.0420748439820423,-0.04271686933922382,-0.9996879013521403
1916,0.04318929936609941,-0.041589756461452916,-0.9996809854748049
1917,0.04427357176264548,-0.04043357844212404,-0.9996335112141153
1918,0.04532690342425962,-0.03924914328014512,-0.9994497751137106
1919,-0.01996989170800452,-2.3012457280823873e-05,-0.7913844401665302
1920,-0.02004247121270508,-9.002462548693085e-06,-0.7725175487572921
1921,-0.019477435897435898,0.0,-0.7972806540946684
1922,0.01996989170800452,-2.3012457280823863e-05,-0.8668330940467238
1923,0.020042069480033148,-2.4842965407336525e-05,-0.8668634496693659
1924,0.019477435897435898,0.0,-0.8666514547186095
1925,-0.04515521579351507,0.03944654495514919,0.9948877694718201
1926,-0.04541744771876371,0.03914433375305913,0.9938546030629501
1927,-0.04554780594197731,0.038992573602283524,0.9929592083944643
1928,-0.04560780033084544,0.03892238393571559,0.9923406485545189
1929,-0.045637756973062625,0.03888725447656589,0.9919396407054781
1930,-0.04567187822130386,0.038875879424975626,0.9953446267288109
1931,-0.04569182844103712,0.03885242946125354,0.9951703922874985
1932,-0.045717509018127635,0.03879346325651962,0.9905435566274736
1933,-0.04464885580975385,0.04004664950038468,0.9977418301423214
1934,-0.044676086098045166,0.039988382728207116,0.99585812216738
1935,-0.04409672610191976,0.04062637283034,0.9964333215718144
1936,-0.044366854903869574,0.04033119894320654,0.9962214960800221
1937,-0.04450117913226516,0.04018293764890228,0.9960875092288963
1938,-0.044563007917837794,0.04011435837168837,0.9960008072258022
1939,-0.044593882687860964,0.040080033047376756,0.9959596625601962
1940,-0.04462829269594442,0.040069563915420464,0.9977549498880798
1941,-0.04356410079132101,0.04122406558759672,0.9981731166132557
1942,-0.04359287652501806,0.041166546351765386,0.9966744944364981
1943,-0.04297523768069576,0.041810912075022084,0.9968312608684232
1944,-0.04326395237284904,0.04151209278436067,0.9967725650864087
1945,-0.04341283917833483,0.04135636367880469,0.9967293814392013
1946,-0.04347647632560076,0.041289459049096214,0.9967125683471858
1947,-0.04352612938295109,0.04125170641613853,0.9974982453679908
1948,-0.04181091207502208,0.04297523768069577,0.9968921286786198
1949,-0.042096766379161245,0.04269526534260958,0.996907486946809
1950,-0.04224991223428388,0.042543722668013324,0.9969090043656166
1951,-0.042326280711556474,0.04246774521191406,0.9969049624939734
1952,-0.04236605963690535,0.042442245606787395,0.9976528085485755
1953,-0.04240478256154787,0.04241566782728638,0.9982912850308405
1954,-0.04243514146569537,0.042358968248104645,0.9968997593347454
1955,-0.0412575976426337,0.04353234542366627,0.9982258980603169
1956,-0.04128945904909623,0.04347647632560077,0.9967942943708837
1957,-0.040660315183051784,0.04406543079867036,0.9965646259358905
1958,-0.040953470258022595,0.04379311242744432,0.9966875397590641
1959,-0.04109936469038527,0.043656221140912235,0.9967331568953273
1960,-0.04117773380781236,0.04358230903371761,0.9967687560305654
1961,-0.041218179149187656,0.04355788021621523,0.9975566020350868
1962,-0.04009246777173054,0.04460771782213926,0.9979036281572111
1963,-0.04012579486219891,0.044552710455529526,0.9962339718202361
1964,-0.03946971938009075,0.045134960665922895,0.9952815426467997
1965,-0.039770038225115115,0.044870563645115956,0.9958256769574104
1966,-0.03991953432570432,0.04473761506245535,0.9960405274347263
1967,-0.03999984824619853,0.04466582096568478,0.9961229918056748
1968,-0.04005238807756661,0.04463220172239639,0.9970922081884267
1969,-0.03887587942497561,0.045671878221303856,0.9957164418610884
1970,-0.03891067667907879,0.04561778888365496,0.9926785436535951
1971,-0.03854648414050133,0.045925940193572504,0.9739391697652238
1972,-0.03871126175569544,0.045787133952012664,0.9894642928415587
1973,-0.038793463256519604,0.04571750901812762,0.9914144420835548
1974,-0.03883515452515535,0.04569527321629653,0.9938332614091216
1975,0.0385702331026625,-0.04593029043815346,-0.9986667174375072
1976,0.038605390534609305,-0.04587643451629406,-0.9984463108271547
1977,0.039190941585652554,-0.04537723570125761,-0.9994334407153425
1978,0.03948130269269537,-0.04512482864172768,-0.9995207732424979
1979,0.03963164879455218,-0.044992842053851095,-0.9995497679790785
1980,0.03970089058692026,-0.044931756129300233,-0.9995625646822808
1981,0.0397421283709598,-0.04490869018186608,-0.9996722464154626
1982,0.03978237677439436,-0.044884484618930194,-0.9997638248726596
1983,0.039816084261712625,-0.04482970952751892,-0.9995771810191939
1984,0.04095493092156322,-0.0438172123090554,-0.9998147907405976
1985,0.040987178731807225,-0.04376156534979537,-0.9996661072026314
1986,0.040388103046764774,-0.04431506013243613,-0.9996320215738259
1987,0.04067162394441867,-0.04405499322416597,-0.9996493628967574
1988,0.040807119879124734,-0.0439295161529041,-0.9996567654634012
1989,0.040874722760215004,-0.04386662126871729,-0.9996610196782382
1990,0.04091533642036136,-0.04384247332112244,-0.9997443568735147
1991,0.04209886357714355,-0.042719318192591865,-0.9998278938317697
1992,0.04212962917382235,-0.04266283825454816,-0.9996880956120877
1993,0.0415342960909131,-0.04324263718241385,-0.9996812114799193
1994,0.04181091207502209,-0.04297523768069577,-0.9996857294857009
1995,0.04194307697184719,-0.042846256737213616,-0.9996870174204316
1996,0.04201998949566528,-0.042770830071927515,-0.999687694974533
1997,0.042059950648925086,-0.04274561700004656,-0.9997633843130688
1998,0.04267365009537139,-0.04211867768336664,-0.9996878288853418
1999,0.042932289270088096,-0.04185501117294081,-0.9996855014820129
2000,0.043060998563905446,-0.041722581714664454,-0.9996834938454656
2001,0.04312520010261543,-0.041656218483761775,-0.9996824563493201
2002,0.0431751711391373,-0.04161888776037737,-0.9997586542495831
2003,0.043213375299941244,-0.041591569536545255,-0.9998239547731298
2004,0.043242637182413834,-0.0415342960909131,-0.9996799722714369
2005,0.043772083926170054,-0.040975945273023825,-0.9996639144998817
2006,0.044023663090015326,-0.040705534149478244,-0.9996525901578364
2007,0.04415923825540308,-0.04055841588326726,-0.999643911950723
2008,0.044221645681347455,-0.04049036274832425,-0.9996371762959176
2009,0.04426021851539749,-0.04046307302064373,-0.9997232165035373
2010,0.04429768720968032,-0.040434754471867104,-0.9997975642691581
2011,0.04432542492818152,-0.0403767275443871,-0.9996304264702935
2012,0.0448399274885025,-0.03980457668514208,-0.999568821815725
2013,0.04509441473555578,-0.039516037021887815,-0.9995205618459034
2014,0.04521590976188661,-0.03937695933744056,-0.9994887995224361
2015,0.045276496496729234,-0.0393072803337904,-0.9994665644574809
2016,0.045314334488687665,-0.03927898052587435,-0.9995879420722549
2017,0.04535104153132599,-0.039249681442666474,-0.99969470632966
2018,0.04537723570125759,-0.03919094158565255,-0.999431304137996
2019,-0.020023998630308976,8.533977428639492e-06,-0.7734284852419393
2020,-0.020022938525808918,-2.4357783249573222e-05,-0.7814064765984854
2021,0.020042069480033148,2.48429654073365e-05,-0.8668701536760458
2022,0.020023340258480845,-8.517280390925562e-06,-0.8668574469002762
2023,-0.04517935132263453,0.039447188434574315,0.9971669986409404
2024,-0.04520580154338002,0.039388563429986374,0.994753872465082
2025,-0.04492156477799462,0.039712421736201785,0.995456977217315
2026,-0.04504366548673218,0.03957387549605032,0.9952064020371195
2027,-0.04510455567587636,0.03950446151435669,0.9950216987629896
2028,-0.04514251678845899,0.03947632707469607,0.9961643267211877
2029,-0.04544158700458014,0.03914481615529731,0.9965817227362945
2030,-0.045467645415993026,0.03908601594666621,0.9935566653805852
2031,-0.04531682800814135,0.03926077586520744,0.994352915616969
2032,-0.04536717522188131,0.03920258709121939,0.9941109082983026
2033,-0.045404947740541296,0.039174199953328964,0.9954173425849788
2034,-0.045571946703027714,0.0389929754574238,0.996074843653403
2035,-0.0455177682308968,0.03902763376808642,0.9931935511784739
2036,-0.04555192435231664,0.039016363863482666,0.9961578799188724
2037,-0.045631941682125095,0.03892274861370899,0.9957031550388272
2038,-0.04559544614784395,0.03895231073869362,0.9943832823532328
2039,-0.045705690800259144,0.038823808272424334,0.9932325764497476
2040,-0.04574165130279366,0.038793759774227714,0.9946644792075758
2041,-0.04576725618563865,0.03873476066139611,0.9893053253207393
2042,-0.044663469884024004,0.040018404743589434,0.9969369532956707
2043,-0.04470021210874426,0.039989317308002696,0.9977092963346371
2044,-0.04472736759911673,0.03993101563836062,0.9957954722768095
2045,-0.044120836188011416,0.04062765407204207,0.9980296761623486
2046,-0.044148826831900904,0.040569748725181244,0.9964012818703615
2047,-0.0438561286696126,0.040885980486860075,0.9965734141549762
2048,-0.043981848978683916,0.040750710210667035,0.9965112333476529
2049,-0.04404455274743008,0.040682930026441896,0.9964662009139262
2050,-0.044083244287816716,0.040655808863744855,0.9973062096425052
2051,-0.044390973003183454,0.040332319263309054,0.9979121917309399
2052,-0.04441857660590954,0.04027422841672407,0.9961783914516374
2053,-0.04426319237691198,0.04044494063368128,0.9963124103975769
2054,-0.04432542492818149,0.04037672754438707,0.9962622549922587
2055,-0.04437026327988907,0.04035510126118109,0.9979205692011897
2056,-0.044525300835441296,0.04018397748904784,0.9978358489352566
2057,-0.044470225153373774,0.04021719156114414,0.9961231472680968
2058,-0.044504667243044596,0.04020682846125426,0.9978484257191054
2059,-0.04458713119376002,0.040115361063279543,0.9977868651997004
2060,-0.04454986698080617,0.04014394815283069,0.9969945350774676
2061,-0.043579463514825285,0.041196220943951464,0.9975314189580817
2062,-0.04361696899693652,0.041168124524286136,0.9981643585404377
2063,-0.04364567089077786,0.04111056840705835,0.9966589695427361
2064,-0.042999303990269785,0.041812848715188276,0.9982517872834047
2065,-0.043028859488912344,0.0417557262341461,0.9968238571570732
2066,-0.042706068747600565,0.042085806566854976,0.9968746038821206
2067,-0.0428462567372136,0.04194307697184718,0.9968528981856484
2068,-0.04291079809233103,0.041877044180991564,0.9968414532270735
2069,-0.04294303061691466,0.04184399053259919,0.9968366075222014
2070,-0.042977834447026644,0.04183491612960187,0.998253344636793
2071,-0.04328803152531458,0.041513862600223356,0.9982187247673193
2072,-0.04331719045956393,0.04145653667333278,0.996759326433928
2073,-0.043146577895202765,0.04163407544536949,0.996801646709209
2074,-0.043210643033151176,0.04156758052760711,0.9967848393601246
2075,-0.043249876507773025,0.04154124941990871,0.9975573157030083
2076,-0.043436924534855495,0.04135804695920882,0.9981946114436409
2077,-0.04337035720561612,0.041400912286020816,0.9967425647825139
2078,-0.043415688398298874,0.0413803390782225,0.9981977108784924
2079,-0.043500564245805895,0.04129110523615667,0.9981852152905917
2080,-0.04346255031570266,0.04131868755611312,0.9975127345898618
2081,-0.041834916129601864,0.04297783444702665,0.998286392708361
2082,-0.0418660290559802,0.04292154509499091,0.9968961750444448
2083,-0.041556488452768416,0.04322131059711683,0.9968583038350942
2084,-0.04168941245798102,0.04309311210815316,0.9968774492978495
2085,-0.04175572623414609,0.04302885948891235,0.9968869881116929
2086,-0.041795841940414295,0.04300389305396189,0.997642967858151
2087,-0.042120787228172876,0.04269770186562552,0.9982945714502344
2088,-0.04215152382783236,0.04264120614205463,0.9969089092856018
2089,-0.041987043580009986,0.0428031727056285,0.9969037377100266
2090,-0.04204193959978839,0.042749254226772934,0.9969061228328067
2091,-0.042081887805103704,0.042724020644870804,0.9976556917766578
2092,-0.042273941683417304,0.04254607286076926,0.9982951372164847
2093,-0.04220621185561965,0.04258707671414024,0.9969093624018222
2094,-0.042235137083204345,0.042572531248066765,0.9976571798075976
2095,-0.042350314344407246,0.04247005222809068,0.9982928398140614
2096,-0.042293568079874964,0.0425003237791255,0.9969075321751524
2097,-0.04232850752300545,0.042491786408689926,0.9982934984667795
2098,-0.04242091113598452,0.04238825967996045,0.99769514409488
2099,-0.04245918094070366,0.04236121357056991,0.9982898692653308
2100,-0.04248946705558176,0.042304475077586674,0.9968965398425882
2101,-0.041274451997581306,0.04350537751361566,0.9976119430531749
2102,-0.041313430032297385,0.04347936246420042,0.9982334684613882
2103,-0.041345219714034556,0.04342345252344321,0.9968083039106614
2104,-0.04068424220828516,0.044068661169411986,0.9981078544044671
2105,-0.04071683218900236,0.04401321391071265,0.9965889197385052
2106,-0.04039947588847643,0.04430469241732674,0.9964194709731187
2107,-0.04053574218452868,0.044180052374425065,0.9964929859743116
2108,-0.04060373121214344,0.04411757511366109,0.9965367269644289
2109,-0.04064449285180961,0.044093677802196085,0.9973882475819408
2110,-0.040977418307615136,0.04379618305480035,0.9981745359425809
2111,-0.04100963754823926,0.04374051954903559,0.9967017565964097
2112,-0.040840933426907366,0.04389808172433551,0.996644754300753
2113,-0.04090848785901404,0.04383513480470228,0.9966703753534304
2114,-0.040954930921563215,0.0438172123090554,0.9981713607930035
2115,-0.04112332285228459,0.04365921184485149,0.998200789706262
2116,-0.04105452275585499,0.04369839337488855,0.9967214439955777
2117,-0.04108382589895453,0.04368462510780052,0.9975191774589787
2118,-0.0412016973043259,0.04358525668812282,0.9982190941681889
2119,-0.04114416330456492,0.0436140028915578,0.9967557782875602
2120,-0.041179318164001055,0.043606401099779174,0.9982155349726014
2121,-0.040110029094256254,0.04458120485541829,0.9971873499821069
2122,-0.04014968117848042,0.04455622922323238,0.9979268595308751
2123,-0.040182937648902274,0.044501179132265145,0.9962711270548699
2124,-0.039493551662538554,0.04513882850058527,0.9974084032675969
2125,-0.039527609926202405,0.0450842708245293,0.9953879534724801
2126,-0.03919094158565254,0.045377235701257596,0.9944006122887219
2127,-0.03934213149853523,0.04524621654248542,0.9949555750155675
2128,-0.039411763829857054,0.04518557617290158,0.9951613550480061
2129,-0.039453148770083546,0.04516277530699747,0.9963906962349065
2130,-0.03979389578799938,0.044874272354442676,0.997704774004858
2131,-0.03982758921530026,0.04481948861326753,0.995896555647121
2132,-0.03965473984345096,0.044972491927907886,0.9956302704428902
2133,-0.03972395026932953,0.04491137046736998,0.9957296523551276
2134,-0.03977085514002702,0.044894693926541454,0.9976874434839438
2135,-0.03994340413045699,0.044741244146736046,0.997822335356932
2136,-0.03987358278466637,0.04477857543705333,0.9959869295359839
2137,-0.03992043175043677,0.044761742483794914,0.9978106215009263
2138,-0.0400237245326614,0.04466940715814896,0.9978662266114668
2139,-0.039965443789979405,0.04469660753264742,0.9960961744862021
2140,-0.040000789018291516,0.044689946735714275,0.9978570298610575
2141,-0.03889414880679345,0.04564584810141952,0.9944105325657511
2142,-0.03893445950249123,0.045621950030393515,0.9960087580348254
2143,-0.03896918731347139,0.04556781608092602,0.9931383959514408
2144,-0.03857023310266249,0.045930290438153464,0.9868781781713478
2145,-0.03860539053460934,0.04587643451629404,0.9845166021430178
2146,-0.03873502619634232,0.045791398830954344,0.9943112117345517
2147,-0.03866423334808993,0.04582685328344036,0.9879275072702459
2148,-0.03871151489741157,0.04581127673045506,0.9940195521042526
2149,-0.03881723532135455,0.04572173119353022,0.9953312475684319
2150,-0.03875824936010501,0.04574736635914084,0.9906413990181041
2151,-0.03879375977422769,0.04574165130279366,0.9951233662327212
2152,0.0385886757836563,-0.04590438281435349,-0.9986156750124096
2153,0.03862914506001326,-0.045880754279537556,-0.9991814217943633
2154,0.03866423334808995,-0.04582685328344036,-0.9987927248765336
2155,0.039214749590283635,-0.04538125026812506,-0.9996894819970589
2156,0.0392491432801451,-0.045326903424259615,-0.9994527111455047
2157,0.03893408862824427,-0.04559780877350949,-0.9992845866748847
2158,0.0390626707945146,-0.045487703532459116,-0.9993720378080722
2159,0.03913267534616722,-0.04542749324482914,-0.9994110343350835
2160,0.039174199953328936,-0.045404947740541296,-0.9995644576733497
2161,0.03950513596710005,-0.045128690359324534,-0.9997367875162442
2162,0.03953918022653808,-0.045074123943465154,-0.9995309757972651
2163,0.03936535265084034,-0.04522601500168345,-0.9994859990192502
2164,0.039423360135653535,-0.045175459022262096,-0.9995057199457937
2165,0.039464739222308386,-0.045152647534999306,-0.9996327371896667
2166,0.03965549482149591,-0.04499662422659241,-0.9997525696624292
2167,0.03958543537284987,-0.045033506732203826,-0.9995425058959966
2168,0.03963239138461383,-0.04501697473691052,-0.9997509258583214
2169,0.039724742410117586,-0.0449355015747756,-0.999759574111039
2170,0.03968446297610171,-0.044959655465796174,-0.9996645835167398
2171,0.039800121408192446,-0.04485809398755139,-0.9996837497200939
2172,0.03983994561962215,-0.04483339374118809,-0.9997674632378682
2173,0.03987358278466639,-0.044778575437053346,-0.9995837818912456
2174,0.040971971757483745,-0.04379036184603653,-0.9997510459567147
2175,0.04101112913867771,-0.04376461753628784,-0.9998160561849003
2176,0.041043305508955505,-0.04370892923826962,-0.9996680381310142
2177,0.04041200971912764,-0.0443184378310877,-0.9997974413943029
2178,0.04044494063368128,-0.04426319237691196,-0.9996356689876501
2179,0.040137228709323625,-0.044542410058201455,-0.9996107471141533
2180,0.04027422841672405,-0.044418576605909546,-0.9996230695413588
2181,0.04034258508075265,-0.044356501792406404,-0.9996289987299258
2182,0.040372107015679774,-0.044343209135325155,-0.9997199440118771
2183,0.040695551797990455,-0.0440582174535458,-0.9998068802048512
2184,0.0407281275462045,-0.044002761831930706,-0.9996518877877287
2185,0.04055841588326726,-0.04415923825540308,-0.9996423412043396
2186,0.040615053359050204,-0.04410715206062418,-0.9996462537015365
2187,0.04065580886374487,-0.04408324428781674,-0.9997333749970968
2188,0.04083105754979012,-0.043932666669490694,-0.9998109771458721
2189,0.04077328213691509,-0.04396092453578565,-0.9996551259091566
2190,0.040808500121600005,-0.04395362077408668,-0.9998104109330352
2191,0.0408986652542775,-0.043869734917656,-0.9998133273125405
2192,0.040859038367466335,-0.04389494509611095,-0.9997417743042238
2193,0.04211518870614082,-0.04269202666246946,-0.9997679936310229
2194,0.04215365189183117,-0.042665256280833126,-0.9998279978335622
2195,0.042184344980777694,-0.04260873690688629,-0.9996882663418184
2196,0.041558282988899437,-0.0432453879198858,-0.99982427619043
2197,0.04158975646145294,-0.04318929936609939,-0.9996821257609277
2198,0.041300616625113654,-0.043465877290616226,-0.9996760165883307
2199,0.041423170228239145,-0.04334909907368134,-0.9996789098688317
2200,0.04148987853896193,-0.043285256162805666,-0.9996801305028762
2201,0.04153607826714475,-0.04326671542320353,-0.9998240753790452
2202,0.04183491612960188,-0.04297783444702663,-0.9998267340855105
2203,0.0418660290559802,-0.04292154509499092,-0.99968625120418
2204,0.0417115280433771,-0.04307170591634473,-0.9996842400899983
2205,0.041766768906753786,-0.04301814079370873,-0.9996850806813533
2206,0.041812848715188276,-0.04299930399026979,-0.9998266144574495
2207,0.041967088910580506,-0.042848779559029264,-0.9998274412708447
2208,0.041910073000601795,-0.04287854012605545,-0.9996867684474189
2209,0.04194508772677048,-0.042870316967808623,-0.9998273413748614
2210,0.042044005928300224,-0.0427733097483455,-0.9998277834599022
2211,0.04198704358000999,-0.042803172705628494,-0.999687459983308
2212,0.042022043475433195,-0.04279488665104342,-0.99982771501106
2213,0.04269770186562551,-0.04212078722817288,-0.9998278016421536
2214,0.04272766711676782,-0.042063878625445354,-0.9996875084563527
2215,0.04243514146569537,-0.042358968248104645,-0.9996885764571184
2216,0.04255456538533973,-0.04223899131279493,-0.9996884033760518
2217,0.04261956279318235,-0.04217340737449971,-0.9996881255175325
2218,0.04265916405291423,-0.042147632716574165,-0.9997634782147499
2219,0.0429563535786998,-0.04185697252010206,-0.9998264878338536
2220,0.04298596770736578,-0.04179988041273353,-0.9996849066032116
2221,0.042835489961448335,-0.04195407277035425,-0.9996866557246913
2222,0.042889295607155015,-0.04189906615402771,-0.9996860145738133
2223,0.04291798186392901,-0.041884054890043106,-0.9997618031611437
2224,0.043085068799301525,-0.04172446893474268,-0.9998253411124679
2225,0.04302885948891237,-0.04175572623414607,-0.9996839924382045
2226,0.04306364461293764,-0.04174658038663117,-0.9998255269375196
2227,0.04314927321578015,-0.041658068633540955,-0.9998247528356425
2228,0.04311102703032879,-0.04168532799073247,-0.999759595622914
2229,0.04322897331314385,-0.04156385601209726,-0.9997622814589785
2230,0.043266715423203525,-0.041536078267144734,-0.9998233960685947
2231,0.04329590378085008,-0.04147876731602438,-0.9996789048769554
2232,0.04379618305480035,-0.04097741830761512,-0.9998144590530942
2233,0.04382463354027966,-0.04091973750304016,-0.9996620998234688
2234,0.04354001036455806,-0.04122245649778401,-0.9996727363220629
2235,0.04365622114091226,-0.04109936469038526,-0.9996686395665777
2236,0.04371946222221703,-0.04103208555822697,-0.9996658606745012
2237,0.04375836832913296,-0.04100527310574355,-0.9997458252161335
2238,0.04404777083523574,-0.040706858706775775,-0.9998081824030178
2239,0.044075865470255694,-0.040649003743086255,-0.9996502733827755
2240,0.04392951615290409,-0.040807119879124706,-0.9996576438407321
2241,0.043981848978683916,-0.04075071021066704,-0.9996548503180389
2242,0.044026868894036994,-0.04072946447860724,-0.9998086537056535
2243,0.04418335028601197,-0.040559659994018914,-0.9998030153812212
2244,0.04411757511366108,-0.040603731212143446,-0.9996467985390232
2245,0.04414580178865428,-0.04058787264370398,-0.999731277057936
2246,0.04424575959928976,-0.04049156972517503,-0.9997995107506332
2247,0.04420825459381859,-0.04051984016593355,-0.9997268415059175
2248,0.04431254720636409,-0.04040663832078347,-0.9997260290604315
2249,0.044349541864592265,-0.040377872625085534,-0.999795820574761
2250,0.044377205092556604,-0.04031981014874311,-0.999626752513989
2251,0.04486405713375165,-0.03980541218008326,-0.999761524105792
2252,0.04489097297085029,-0.039746999484085714,-0.9995622011910413
2253,0.0446144511803457,-0.040057136294723725,-0.9996033216712039
2254,0.04472736759911674,-0.039931015638360615,-0.9995865970089197
2255,0.044788808157640775,-0.03986208833058765,-0.9995759401237048
2256,0.044826991922076724,-0.03983425682151921,-0.9996752322738068
2257,0.04511854924509987,-0.039516717669163114,-0.9997345647172861
2258,0.045145089716741124,-0.039458133467320994,-0.9995106343246729
2259,0.044992842053851095,-0.03963164879455216,-0.9995449005558446
2260,0.04504366548673221,-0.0395738754960503,-0.9995319368468176
2261,0.045081669881219415,-0.0395457995497049,-0.9996398247998199
2262,0.045240046253341895,-0.03937756564748942,-0.9997165849849514
2263,0.04518557617290158,-0.039411763829857054,-0.9994965671799234
2264,0.045219826523866434,-0.039400783627718344,-0.99971941498653
2265,0.045300633893278534,-0.03930784947302505,-0.9997041212959167
2266,0.04526388928047544,-0.03933710142485776,-0.9996025579523615
2267,0.04536515312653217,-0.039221182314014266,-0.9995824395160116
2268,0.0454013744790871,-0.039191448770574296,-0.9996840266874258
2269,0.04542749324482913,-0.0391326753461672,-0.9994069367842733
2270,-0.04519358713402114,0.03941875115046764,0.996136475797719
2271,-0.045229937878421084,0.03938917593503349,0.9970914037224494
2272,-0.045256312842159696,0.039330517034360093,0.9945961545334837
2273,-0.044945696087920976,0.039713207683327444,0.9974870438115455
2274,-0.04497249192790788,0.03965473984345097,0.9953802453704553
2275,-0.04482970952751892,0.03981608426171261,0.9956377675142908
2276,-0.04488076978629887,0.03975852016419575,0.9955377421848347
2277,-0.044925304101393004,0.03973627451994225,0.9975033577614164
2278,-0.0450677991029072,0.03957458711530481,0.9973439943749984
2279,-0.04501318032373621,0.039608547302322675,0.9952694655795278
2280,-0.04504747825868029,0.03959771664958194,0.9973671926756602
2281,-0.045128690359324534,0.03950513596710004,0.997240848152396
2282,-0.04509181846099061,0.039534227312365035,0.9962839462177668
2283,-0.04545563272936138,0.03911628450500211,0.9952976330160168
2284,-0.045491785301012784,0.03908646736983796,0.9964068475786351
2285,-0.045340965976284585,0.039261320223143985,0.9968626054159015
2286,-0.04530425141477499,0.03929060988393465,0.9957839969111704
2287,-0.04539131386873853,0.03920310047172952,0.9967272280326955
2288,-0.045371183677909696,0.039226396125469326,0.9967792083192991
2289,-0.045521868321558794,0.0390514271934012,0.9962824740272074
2290,-0.04575547692017077,0.038765120818985956,0.9924198690187824
2291,-0.04579139883095434,0.03873502619634232,0.9939192319675734
2292,-0.04581692797738423,0.038675994272580845,0.9873530706870669
2293,-0.044714789923637005,0.03996105381978643,0.9968906180922902
2294,-0.04475149478932308,0.039931919255753796,0.9976744348953468
2295,-0.04413581872270179,0.040599603027365413,0.9973327323091363
2296,-0.044172938542394576,0.0405709990246319,0.9980117345566083
2297,-0.044200854851567065,0.040513057804221826,0.9963651726883205
2298,-0.04388023077206187,0.040887404034952474,0.9981083986525804
2299,-0.04390856276000679,0.04082966493382067,0.9965544482974518
2300,-0.043761565349795396,0.04098717873180727,0.9966158937710259
2301,-0.04381412938880114,0.04093098445137757,0.9965934695885938
2302,-0.043859236173223,0.04090992377930198,0.9981124723193039
2303,-0.04400595535132365,0.0407520595178227,0.9980728216832029
2304,-0.043950457969940175,0.040784564071349866,0.9965267162467666
2305,-0.043985030212606566,0.04077464381846812,0.9980785615568377
2306,-0.04406866116941197,0.04068424220828516,0.9980477269548076
2307,-0.04403103316828479,0.040712348733990884,0.9973355133746848
2308,-0.044405768012120865,0.04030416886075883,0.9971711846605005
2309,-0.04444269612310332,0.04027531778442411,0.9978861921894704
2310,-0.044287307521305545,0.04044612285300246,0.997961456717995
2311,-0.04424983155984645,0.04047443178390403,0.9972185629211077
2312,-0.04434954186459225,0.04037787262508554,0.9979341525540826
2313,-0.044312109543206336,0.04040623923524143,0.9971801573295852
2314,-0.044473694867238484,0.04024108505225247,0.9978672700011807
2315,-0.043632295973924116,0.041140260188126464,0.9975197072954904
2316,-0.04366976536817305,0.04111211565968802,0.9981558829219009
2317,-0.043698393374888546,0.041054522755855,0.9966443217391527
2318,-0.04301504405976266,0.041785215625141044,0.9976402585324957
2319,-0.043052928264016924,0.041757631987700945,0.9982474033180007
2320,-0.04308241043132903,0.041700471624239836,0.9968146852012867
2321,-0.04273012213507012,0.04208789759121787,0.9982757277700992
2322,-0.04276004355781194,0.04203096593217367,0.9968688691076915
2323,-0.042608736906886276,0.04218434498077771,0.9968843792610327
2324,-0.04266283825454814,0.042129629173822354,0.996878855932944
2325,-0.042691605004759006,0.04211477274570432,0.9976325686053044
2326,-0.04287031696780862,0.041945087726770476,0.9982631036237419
2327,-0.042803172705628494,0.04198704358000999,0.9968592288358448
2328,-0.04283188972496459,0.04197209124993841,0.9976169707415663
2329,-0.042934861390949666,0.04187901788087672,0.9982570688447446
2330,-0.042896475778984436,0.04190608054981621,0.997608960861956
2331,-0.04330357972151965,0.04148612109615512,0.9975939110631021
2332,-0.043341271863458805,0.04145827558623979,0.9982108179637434
2333,-0.043170651954937016,0.04163591323740294,0.9982347190708454
2334,-0.04313241976762814,0.04166319222399797,0.997579143632087
2335,-0.04323471989453055,0.04156938124351066,0.9982255448200317
2336,-0.04319652976208167,0.04159671907516595,0.9975681777668319
2337,-0.043394440821279766,0.041402620293108316,0.9982021838871921
2338,-0.043373181809397046,0.04142489059799489,0.9982051130909398
2339,-0.04185140906323739,0.042950643996620415,0.997690697796154
2340,-0.04189003642330149,0.04292411105406058,0.9982885674214915
2341,-0.04192107708624631,0.042867781820226186,0.9968998667365734
2342,-0.04158047675963625,0.04322404902098138,0.9982680998089651
2343,-0.041611921435987256,0.04316794431824084,0.9968655962462818
2344,-0.04145653667333275,0.043317190459563934,0.9968356361668067
2345,-0.04151209278436066,0.043263952372849045,0.9968492543740743
2346,-0.04155828298889943,0.043245387919885796,0.998266418675515
2347,-0.04171340908538057,0.043095776635333316,0.9982784200016454
2348,-0.04165621848376178,0.043125200102615426,0.996873527665904
2349,-0.04169128114346369,0.04311718378956958,0.9982771529411966
2350,-0.041779726936451225,0.04303148705822775,0.9982836689714558
2351,-0.04174061933764846,0.043057495498626155,0.9976376265247855
2352,-0.04213709834540049,0.04267040195888601,0.9977007906628657
2353,-0.04217554778392662,0.042643611836388505,0.9982952105771672
2354,-0.04201105809617911,0.04280567087391945,0.9982924900580488
2355,-0.0419720912499384,0.04283188972496459,0.9976522531430155
2356,-0.04206595730215658,0.04275172157445817,0.9982938732589908
2357,-0.04204400592830021,0.0427733097483455,0.9982933598267102
2358,-0.042208370782130196,0.04261112410210587,0.9982953657781287
2359,-0.04229577637898743,0.042524366683415055,0.9982946471100362
2360,-0.04247527432816179,0.04233378474753064,0.9976930372634059
2361,-0.042513509392283926,0.04230668954762401,0.9982879410203074
2362,-0.0425437226680133,0.04224991223428387,0.9968917383047242
2363,-0.041330249764638484,0.04345237294665799,0.9976226472601886
2364,-0.04136919438136456,0.043426307896984824,0.998241039725528
2365,-0.04140091228602075,0.04337035720561608,0.9968212984616938
2366,-0.04070144811831525,0.04404191618645748,0.9974566394168645
2367,-0.040740763340164174,0.04401641357252532,0.9981211600765234
2368,-0.040773282136915084,0.04396092453578566,0.996613352677479
2369,-0.040423383426992476,0.044308063979835555,0.9980278764459077
2370,-0.040456300160828136,0.044252810075231346,0.9964449045723107
2371,-0.04029702459206554,0.0443978966988752,0.9963472853340141
2372,-0.04035396856063137,0.04434614575884915,0.9963894091585288
2373,-0.04040063334902187,0.044328808762753295,0.9980221162833403
2374,-0.04055965999401892,0.04418335028601195,0.9980686517746753
2375,-0.04050171161034817,0.044211251722719946,0.9964765393502182
2376,-0.04053697391763685,0.04420416504049908,0.9980629236439996
2377,-0.04062765407204205,0.0441208361880114,0.9980928328757133
2378,-0.04058787264370396,0.04414580178865426,0.9973616477868801
2379,-0.040994445358085586,0.043769323847710886,0.9975430562063309
2380,-0.041033589518739505,0.043743559440613006,0.9981831515810605
2381,-0.040864873516368305,0.04390121380802668,0.9981518033704476
2382,-0.040825227229514385,0.043926393466379623,0.9974490605295678
2383,-0.04093243274348267,0.04383823001704242,0.9981655880938042
2384,-0.040892825280208954,0.04386347070065235,0.9974697605794307
2385,-0.04105603908604536,0.04372248981807838,0.9981897057067013
2386,-0.04114572910943826,0.043638096170428596,0.9982083205865759
2387,-0.04016720846165989,0.04452969374137232,0.9972169628409135
2388,-0.04020682846125424,0.0445046672430446,0.9979469693749758
2389,-0.040240014256858324,0.04444957451838383,0.9963062277128141
2390,-0.03951146526936095,0.04511255227285353,0.9965397527254077
2391,-0.03955144715273323,0.045088108071324115,0.9974675824362407
2392,-0.03958543537284986,0.045033506732203826,0.9954992790778234
2393,-0.03921474959028363,0.04538125026812507,0.9969321094385031
2394,-0.0392491432801451,0.045326903424259615,0.9945921662444368
2395,-0.03908601594666621,0.04546764541599305,0.9938840506177389
2396,-0.03914433375305914,0.04541744771876373,0.994207503258107
2397,-0.03917419995332897,0.04540494774054129,0.9956873750126838
2398,-0.03936595276585096,0.04525015164796294,0.997232537795074
2399,-0.03929565809892656,0.045286583850294854,0.994821435409124
2400,-0.03934271922335122,0.045270353493643084,0.997203525192857
2401,-0.03943559112897153,0.04518947458906151,0.997344053848392
2402,-0.03939515753813241,0.04521336952551106,0.9962714928066739
2403,-0.03981163364763351,0.044847877169487856,0.9969292281407257
2404,-0.039851451518036436,0.044823166702414555,0.9977468081659071
2405,-0.03967858780876359,0.04497626185921957,0.9975989643459313
2406,-0.0396382835980433,0.04500037438406231,0.996656404562728
2407,-0.039747804012041706,0.04491510366844515,0.9976553992064511
2408,-0.03970753698230068,0.0449392782330102,0.9967372760600348
2409,-0.039897448850988684,0.0447822290256927,0.9977922720001259
2410,-0.0398744554381689,0.044802703767031,0.9977769056138289
2411,-0.03996636598499583,0.04472073401991762,0.9978409171534627
2412,-0.038952695464031566,0.045595896486298734,0.9947677766184541
2413,-0.038992975457423786,0.04557194670302771,0.9962586656047885
2414,-0.03858867578365629,0.045904382814353474,0.9863207449443477
2415,-0.03862914506001327,0.045880754279537576,0.9919027797429469
2416,-0.03868799339761446,0.04583114255823208,0.9934971064295368
2417,-0.03866446170314912,0.04585099630905055,0.993069940222998
2418,-0.03875852728821126,0.04577150886496796,0.9947083068602252
2419,0.03864755447778978,-0.045854823009026296,-0.9990191163310336
2420,0.03868799339761447,-0.04583114255823208,-0.9993543779802185
2421,0.0387230124840328,-0.04577719657666861,-0.9989808388460815
2422,0.039232824717398085,-0.04535508488578511,-0.9995875381689511
2423,0.03927295641718507,-0.04533088743429509,-0.9996999357767762
2424,0.03930728033379039,-0.04527649649672925,-0.9994695529544277
2425,0.03895787358457342,-0.04560195771121289,-0.9996093381409427
2426,0.03899257360228352,-0.04554780594197734,-0.9993238333557404
2427,0.03884037933618825,-0.04567765706862075,-0.9991791945763348
2428,0.03889896685910507,-0.04562777443127992,-0.9992495216300167
2429,0.03893445950249122,-0.04562195003039351,-0.9995990925100929
2430,0.03908646736983797,-0.04549178530101279,-0.9996564595214713
2431,0.03902763376808642,-0.04551776823089686,-0.9993529919967676
2432,0.03906310982584872,-0.045511843646028345,-0.9996502791675218
2433,0.039156478179179145,-0.04543153836191682,-0.9996775376892115
2434,0.03911589816393899,-0.045455183776254154,-0.999542144799076
2435,0.03952304282911643,-0.04510240953464331,-0.9996485678796369
2436,0.03956301843717478,-0.04507795507192646,-0.9997425918660684
2437,0.03938917593503349,-0.0452299378784211,-0.9997185757368404
2438,0.03934871783343061,-0.04525379129056199,-0.9996054502267729
2439,0.03944718843457431,-0.04517935132263453,-0.9997289243000554
2440,0.03942399122545178,-0.04519959487852023,-0.999725357717752
2441,0.03960927750420534,-0.04503731338481134,-0.9997484408307841
2442,0.039586153186361155,-0.04505764016493541,-0.9997464339877893
2443,0.03985765637091965,-0.044806980359320604,-0.9996885393304215
2444,0.03989744885098869,-0.04478222902569272,-0.9997711081328969
2445,0.03993101563836064,-0.04472736759911673,-0.9995900615109128
2446,0.04102813550256146,-0.04373774522636383,-0.9997526158684547
2447,0.04106725981306604,-0.04371195068597353,-0.9998170914474748
2448,0.04109936469038526,-0.04365622114091223,-0.9996697593551238
2449,0.04042938005038382,-0.044291799343044086,-0.9997281053359725
2450,0.04046885162105971,-0.04426653939263273,-0.9997993821101129
2451,0.040161115927966604,-0.04454592269498162,-0.9997857637795299
2452,0.040194358267802925,-0.04449086407002031,-0.9996150974629415
2453,0.040034228986619735,-0.044635007916482054,-0.9996003034163139
2454,0.04009147746352364,-0.04458359403468161,-0.9996060068071434
2455,0.04013824378403484,-0.04456653281623152,-0.9997848209094151
2456,0.04029812634094467,-0.04442201565368363,-0.9997925041131301
2457,0.0402400142568583,-0.044449574518383834,-0.9996205912699674
2458,0.040275317784424086,-0.04444269612310333,-0.999791676761478
2459,0.04032656015852759,-0.04438463435790973,-0.9997169970207662
2460,0.0407127508429243,-0.04403146805529908,-0.9997404312198189
2461,0.040752059517822695,-0.04400595535132362,-0.9998083680324404
2462,0.04058233538253013,-0.044162523888775826,-0.9998031480525095
2463,0.04050171161034819,-0.04421125172271996,-0.9996388166484205
2464,0.04054252834387211,-0.04418744863409756,-0.9997278728055368
2465,0.04063897705516793,-0.04411040699468083,-0.9998052192425161
2466,0.040616328412469135,-0.04413126247477296,-0.9998044989848272
2467,0.04077464381846812,-0.043985030212606566,-0.9998094460343897
2468,0.042169941983346414,-0.04263794382265696,-0.9997681238091286
2469,0.04220837078213022,-0.04261112410210586,-0.9998280896356364
2470,0.042238991312794946,-0.04255456538533975,-0.9996884036404425
2471,0.04157495005345241,-0.04321830385792334,-0.9997633389044817
2472,0.04161374686979067,-0.043192019318200915,-0.9998247792903361
2473,0.04164514833630412,-0.04313589041975075,-0.9996829964788645
2474,0.04132458834829906,-0.043468757276582906,-0.999821438211812
2475,0.04135636367880471,-0.043412839178334835,-0.9996772719986868
2476,0.04121127989689683,-0.04355058933604855,-0.9996725480036454
2477,0.04125597000371464,-0.04350825624304101,-0.9996743854759403
2478,0.041302268994671515,-0.04348996478750757,-0.9998211494349829
2479,0.0414471499870138,-0.043351911368252664,-0.9998230104430663
2480,0.0414078432850008,-0.04337761791280724,-0.9997562339348498
2481,0.04151386260022334,-0.04328803152531458,-0.9998237100678413
2482,0.04147459553279042,-0.04331379857154214,-0.9997572360500123
2483,0.04185140906323741,-0.04295064399662041,-0.9997665356560966
2484,0.0418900364233015,-0.04292411105406057,-0.9998270222676664
2485,0.041735526035402336,-0.04307435812493444,-0.9998259321784695
2486,0.04167835054532925,-0.04310381094611209,-0.9996836582330143
2487,0.041713409085380584,-0.043095776635333316,-0.9998257481689679
2488,0.04179077028267621,-0.04302076220277184,-0.9998263948520457
2489,0.04176868083788357,-0.04304220907887825,-0.9998262260710067
2490,0.041912065228596605,-0.042902601897795364,-0.9998271944629444
2491,0.04198907903564825,-0.04282723085917343,-0.9998275851465911
2492,0.0427136401162824,-0.04209326796911313,-0.9997677017441583
2493,0.042751721574458175,-0.04206595730215657,-0.9998276175127887
2494,0.04245918094070366,-0.04236121357056991,-0.9998282494819446
2495,0.042489467055581764,-0.04230447507758664,-0.9996885429819068
2496,0.042337179346378,-0.04245688009322097,-0.9996885858282207
2497,0.04239163067013932,-0.04240251255980029,-0.9996885952571253
2498,0.0424374299753359,-0.04238300365022885,-0.9998282576276416
2499,0.04257861110380717,-0.04224116875510906,-0.9998281167811092
2500,0.04253999765120726,-0.04226790533182316,-0.999763863516016
2501,0.04264361183638851,-0.042175547783926626,-0.9998279672812341
2502,0.04260503960379179,-0.042202343793491096,-0.9997637036777163
2503,0.04297212200979847,-0.04182935560438204,-0.9997658332223698
2504,0.043010034513216916,-0.041801810875830986,-0.9998261242623809
2505,0.04285954967515827,-0.041956089700656,-0.9998271170734739
2506,0.042781613768409055,-0.042009010290986304,-0.9996871014496533
2507,0.042821115502692,-0.0419830833599653,-0.9997626249930258
2508,0.042891843079836206,-0.04192307549001573,-0.9998268974670486
2509,0.043031487058227735,-0.041779726936451225,-0.9998258199280065
2510,0.04328227785796489,-0.04150834474811997,-0.9997615283800634
2511,0.04331998428893229,-0.04148051859046018,-0.9998227818181258
2512,0.04334909907368136,-0.04142317022823916,-0.9996775842261094
2513,0.04381138830516949,-0.040949487360362836,-0.99974921778238
2514,0.043848734539454544,-0.0409211796092842,-0.9998134501822775
2515,0.04387711097800002,-0.040863462340846625,-0.9996601252109898
2516,0.043564100791321024,-0.0412240655875967,-0.9998193363092875
2517,0.04359287652501808,-0.04116654635176541,-0.9996709935520565
2518,0.043444670631079554,-0.04132292361407326,-0.9996754256606912
2519,0.04349766580251116,-0.04126713573766144,-0.9996739034194313
2520,0.04352612938295112,-0.041251706416138526,-0.9997523796429656
2521,0.04368031601464102,-0.04110090575872932,-0.999817033079028
2522,0.04364242279659572,-0.04112865368265612,-0.9997494377737974
2523,0.043743559440613006,-0.04103358951873951,-0.9998155190264866
2524,0.04370570899918733,-0.04106139576515927,-0.999747574218881
2525,0.04406280374397634,-0.040678834625916725,-0.9997405845485569
2526,0.04409997489546824,-0.04065029736110083,-0.9998067439648859
2527,0.04395362077408668,-0.0408085001216,-0.9998108558410873
2528,0.043915913569129106,-0.04083650029928449,-0.9997412567674133
2529,0.04400595535132365,-0.040752059517822695,-0.9998094155673134
2530,0.04398503021260658,-0.04077464381846811,-0.9998098996203181
2531,0.0441208361880114,-0.04062765407204205,-0.9998055871557849
2532,0.04436436576673969,-0.040349737426875414,-0.9997235417139192
2533,0.04440132347862422,-0.04032092427851109,-0.9997937084805066
2534,0.044428912170492184,-0.04026282634893149,-0.9996223624390631
2535,0.04487851875759252,-0.03977708906427508,-0.9996762665701404
2536,0.044915103668445144,-0.039747804012041706,-0.9997578326575678
2537,0.04463857572318734,-0.04005810802736597,-0.9997805227559784
2538,0.044665820965684805,-0.03999984824619853,-0.9995961834791542
2539,0.04452180046120028,-0.04016008847040284,-0.9996134087521298
2540,0.04457330244444789,-0.04010291923854541,-0.999607842484324
2541,0.04460134822758849,-0.04008674291565823,-0.9997010416756293
2542,0.04475149478932309,-0.03993191925575378,-0.9997711997725525
2543,0.044714348287635694,-0.0399606591351631,-0.9996890525370373
2544,0.04481293671080421,-0.039862954791137974,-0.999765397006031
2545,0.04477583451245823,-0.03989175184192391,-0.9996817577007788
2546,0.045132828832903565,-0.039488302341866836,-0.9996388120980882
2547,0.04516922507990625,-0.039458783141496145,-0.9997285745032136
2548,0.04501697473691051,-0.039632391384613844,-0.9997476489298434
2549,0.044941944520615444,-0.03968935682224444,-0.9995548731547597
2550,0.04498002085126901,-0.03966137851265492,-0.9996581297503649
2551,0.045067799102907216,-0.03957458711530481,-0.9997407401167026
2552,0.045047478258680294,-0.03959771664958193,-0.9997431955334656
2553,0.045189474589061515,-0.03943559112897151,-0.99972389141464
2554,0.04541544948888663,-0.039162931555557015,-0.9995664579988295
2555,0.04545163265366673,-0.03913315155265403,-0.9996698490305238
2556,0.0454776759722032,-0.0390743446576499,-0.9993761274823076
2557,-0.045244137183665725,0.0393607204051005,0.9960289298501679
2558,-0.045280449943371326,0.03933109856402051,0.9969972872938491
2559,-0.04496009952465468,0.03968485493278258,0.9965858038873829
2560,-0.044996624226592404,0.0396554948214959,0.9974400707286957
2561,-0.04485383895753007,0.03981692594988732,0.9975826514333721
2562,-0.044778575437053346,0.039873582784666385,0.995726764165574
2563,-0.04481676634363548,0.039845761076991185,0.9967205910544429
2564,-0.044904900276603876,0.03975933088565641,0.9975305737854058
2565,-0.04488448461893018,0.039782376774394355,0.9975482659481169
2566,-0.04501697473691053,0.03963239138461385,0.9974031910646054
2567,-0.04580518768371662,0.038706369521854515,0.9912149015781865
2568,-0.04584107094358818,0.038676228824327835,0.9926910794104097
2569,-0.04586652431155815,0.03861716418685832,0.9837378842140263
2570,-0.04476603632082968,0.03990363708266468,0.9968426180035731
2571,-0.04418788506600074,0.040542928775518496,0.9973076689387943
2572,-0.04422496814675227,0.04051427715936196,0.9979901657539624
2573,-0.04389537863900652,0.0408594419252283,0.9974428849718441
2574,-0.043932666669490694,0.040831057549790134,0.9980967273537574
2575,-0.04378566409955388,0.0409886579517785,0.9981312028840915
2576,-0.04372999232603691,0.041020862904408414,0.9966296271893116
2577,-0.04376461753628786,0.04101112913867772,0.9981360073771487
2578,-0.04383823001704242,0.04093243274348269,0.9981192185659683
2579,-0.0438172123090554,0.04095493092156323,0.9981234014098621
2580,-0.04395362077408669,0.04080850012160001,0.9980874950858029
2581,-0.043685056573401396,0.04108423167690466,0.9975085563626662
2582,-0.04372248981807837,0.04105603908604537,0.998146564654896
2583,-0.04306863285817546,0.04172997872070561,0.9976338342451575
2584,-0.0431064816323244,0.041702346488044675,0.9982418468760257
2585,-0.04274603919122431,0.04206036606789311,0.9976731088146255
2586,-0.04278409960894855,0.04203302608638141,0.9982721096355429
2587,-0.04263278539992983,0.04218649156270739,0.9982810362963874
2588,-0.04259420629097736,0.04221327767120611,0.997640299068741
2589,-0.04266525628083313,0.04215365189183117,0.9982791444509955
2590,-0.04280567087391944,0.04201105809617912,0.9982689002957849
2591,-0.041906494449035436,0.04289689946016865,0.9976934476076045
2592,-0.04194508772677049,0.04287031696780864,0.9982904697808294
2593,-0.041597129918874584,0.04319695640684797,0.9976670850237641
2594,-0.04163591323740292,0.04317065195493701,0.9982722251850755
2595,-0.04148051859046019,0.04331998428893228,0.9982562802628152
2596,-0.04144123169409068,0.043345721091952984,0.9975973731170804
2597,-0.041536078267144734,0.04326671542320353,0.9982633557830041
2598,-0.04151386260022335,0.04328803152531459,0.9982610164480579
2599,-0.04165806863354097,0.043149273215780146,0.998274865631398
2600,-0.04252956756625872,0.042279240094044844,0.9976899473369873
2601,-0.04256776782681316,0.04225209584824617,0.9982848361225775
2602,-0.04138597946339814,0.043399296816400645,0.9976323585614595
2603,-0.041424890597994854,0.04337318180939702,0.9982483515678627
2604,-0.04075793491338726,0.04398964653073425,0.9974742836749496
2605,-0.04079721737459232,0.04396409348339978,0.9981351375059693
2606,-0.04044074692048065,0.04428142103429486,0.9973493086108087
2607,-0.04048021200648432,0.04425615095370286,0.9980428020370824
2608,-0.040320924278511104,0.044401323478624265,0.9979902081817691
2609,-0.04028097079559124,0.044426012797339945,0.997219220576143
2610,-0.04037787262508553,0.04434954186459225,0.9980119663367307
2611,-0.04035510126118109,0.04437026327988907,0.9980047593123407
2612,-0.04050292477638358,0.04423536533007798,0.9980533335606847
2613,-0.04022432167622115,0.04447810928974772,0.9972428543862912
2614,-0.04026390952593411,0.04445303196649519,0.9979669433806548
2615,-0.03956932702373351,0.04506180887616125,0.9966211305738143
2616,-0.039609277504205335,0.04503731338481134,0.9975310528661342
2617,-0.03923282471739808,0.045355084885785116,0.9959281551646335
2618,-0.039272956417185076,0.045330887434295086,0.9970425861452924
2619,-0.039109814614157135,0.04547171496846268,0.9966592932586502
2620,-0.039027633768086406,0.04551776823089683,0.9935512510321644
2621,-0.03906921034440576,0.045495318708294166,0.9952745778689487
2622,-0.03914481615529731,0.045441587004580154,0.9967700819674593
2623,-0.03931947531365655,0.045290543410138114,0.9971576022772342
2624,-0.039296221042891905,0.045310721392127835,0.9971188478135435
2625,-0.03901117796865317,0.04554586977763105,0.9950928620661341
2626,0.03870636952185454,-0.04580518768371665,-0.9991942677334833
2627,0.03874677801854662,-0.045781455355944335,-0.9994505404280463
2628,0.03878172784563239,-0.04572746447776021,-0.9990974950414065
2629,0.03929099795059563,-0.04530469887714901,-0.9996010755574378
2630,0.039331098564020506,-0.04528044994337133,-0.9997090811678532
2631,0.03897609616959031,-0.04557589480944619,-0.9994870647219435
2632,0.03901636386348265,-0.04555192435231665,-0.9996323354434813
2633,0.038864155723250686,-0.04568185483587299,-0.9995555482408028
2634,0.038823424820070625,-0.045705239377395325,-0.9993553075602002
2635,0.03889931914451961,-0.04565191596657977,-0.99957963660027
2636,0.039915125690617115,-0.04475579293683768,-0.999693468391324
2637,0.03995488637378983,-0.04473099055670908,-0.9997744905672177
2638,0.04108423167690465,-0.043685056573401396,-0.9997539166326886
2639,0.04112332285228459,-0.04365921184485149,-0.999818026730977
2640,0.04048618775204165,-0.04423987863465823,-0.9997304947926723
2641,0.04017863639981108,-0.04451938271533682,-0.9997125854819924
2642,0.0402182499746476,-0.04449434604872412,-0.9997883244986658
2643,0.040058108027365966,-0.04463857572318734,-0.9997802138213142
2644,0.0399883827282071,-0.04467608609804518,-0.9995958724319405
2645,0.04001800949252637,-0.044663028754896965,-0.9996953416663981
2646,0.040115361063279543,-0.04458713119376004,-0.9997832246537561
2647,0.040092467771730554,-0.04460771782213926,-0.9997821892162629
2648,0.040241085052252455,-0.0444736948672385,-0.9997901534401723
2649,0.04052562687336229,-0.04421456804999762,-0.9998011569297851
2650,0.04222462580933469,-0.04258379076085782,-0.9997682400317731
2651,0.04226302015792216,-0.04255692174556236,-0.999828161151749
2652,0.04163037916283014,-0.04316491388919767,-0.9997640210168119
2653,0.04166914221548262,-0.043138579582002186,-0.9998252802975476
2654,0.04134140115279289,-0.04344176344287495,-0.9997596142538286
2655,0.04138033907822249,-0.0434156883982989,-0.9998221623658697
2656,0.04123524565599479,-0.043553518537732566,-0.9998196117406388
2657,0.041155356183770524,-0.043603441144530124,-0.9996712551013102
2658,0.041195814059913384,-0.04357903309213878,-0.9997514314615026
2659,0.04127993875748832,-0.04351116083839717,-0.9998206015562391
2660,0.041257597642633696,-0.04353234542366627,-0.9998202312761825
2661,0.042767624495700235,-0.04203841761172315,-0.9997674296872261
2662,0.04247527432816179,-0.04233378474753059,-0.9997683898585619
2663,0.04251350939228393,-0.042306689547623996,-0.9998281989069802
2664,0.04236121357056993,-0.04245918094070366,-0.9998282416781168
2665,0.04229356807987498,-0.04250032377912551,-0.9996885137791222
2666,0.042322463379883477,-0.042485718950761635,-0.9997639266114469
2667,0.04241566782728638,-0.04240478256154789,-0.9998282631778643
2668,0.0423938945022896,-0.04242655029878803,-0.9998282506556576
2669,0.042805670873919455,-0.042011058096179124,-0.9998273857584403
2670,0.04333551111962204,-0.041452765122534006,-0.9997606180665509
2671,0.04337318180939702,-0.04142489059799487,-0.9998220483279923
2672,0.04386390393268066,-0.04089322917167848,-0.9997478315588227
2673,0.043901213808026675,-0.04086487351636829,-0.9998123077703025
2674,0.043579463514825306,-0.04119622094395148,-0.9997558325810795
2675,0.04361696899693653,-0.04116812452428614,-0.9998183019094611
2676,0.0434687572765829,-0.041324588348299066,-0.9998208315938445
2677,0.043402222973298474,-0.041367504919122264,-0.999676294071072
2678,0.04343072211941423,-0.04135214138942392,-0.9997543140662316
2679,0.04350056424580592,-0.04129110523615668,-0.999820310197131
2680,0.04441611126182129,-0.04029277007951137,-0.9997204182122097
2681,0.04445303196649521,-0.04026390952593411,-0.9997912726466422
2682,0.04492952893247367,-0.03971946236052123,-0.9996711603104322
2683,0.044653197046446644,-0.04002986702243791,-0.9997017933882527
2684,0.04468994673571429,-0.04000078901829153,-0.9997763234867826
2685,0.04454592269498162,-0.040161115927966604,-0.9997862867795555
2686,0.04448054607682994,-0.040205776238800894,-0.9996178636096067
2687,0.04452530083544127,-0.040183977489047826,-0.999787270968453
2688,0.04457683347330026,-0.04012680374538333,-0.9997843605637726
2689,0.044966076230814285,-0.03969013038189029,-0.9997535317355128
2690,0.04546567105487894,-0.03910461629823772,-0.9995449700354746
2691,0.04550181597229282,-0.0390747898849175,-0.999652562606745
2692,0.04552778380073203,-0.03901594961616748,-0.9993425694489098
2693,-0.044802703767031,0.03987445543816893,0.9976344506718849
2694,-0.045854823009026296,0.03864755447778978,0.989072827170774
2695,-0.045890667558888376,0.03861736775501985,0.9901918749207241
2696,-0.045916045106478204,0.0385582705011179,0.9740811817835249
2697,-0.039051427193401184,0.04552186832155881,0.996478710735656
2698,0.03876512081898594,-0.04575547692017077,-0.9992995965032453
2699,0.03880549882599517,-0.04573169275450604,-0.9995108076760315
2700,0.03997252927263656,-0.04470453180440506,-0.999697769875404
2701,0.041140260188126436,-0.0436322959739241,-0.9997551328836032
2702,0.04227924009404484,-0.04252956756625872,-0.9997683229695824
2703,0.04117931816400108,-0.04360640109977919,-0.9998188238251431
2704,0.04338867301044349,-0.041397117226875446,-0.9997596125391024
2705,0.04446778360638736,-0.040235736372512966,-0.9997170866727085
2706,0.0445046672430446,-0.04020682846125426,-0.9997887605391083
2707,0.04551581774179737,-0.03904623663809792,-0.9995207150409211
2708,0.04555192435231664,-0.039016363863482624,-0.9996333115768307
2709,0.04557781664789128,-0.03895749031789298,-0.999299683180858
2710,-0.045904382814353474,0.03858867578365629,0.9840811533653147
2711,-0.04594018859517239,0.0385584430853587,0.9809522959091193
2712,0.045565889467053526,-0.03898779267128517,-0.9994923712968726
2713,0.04560195771121289,-0.03895787358457343,-0.9996082653602023
2714,0.04562777443127994,-0.038898966859105065,-0.999244018068076
2715,0.045615886148182405,-0.03892928449405299,-0.9994541257063616
2716,0.045651915966579776,-0.03889931914451962,-0.9995766614646321
2717,0.04567765706862075,-0.03884037933618825,-0.9991795070160993
2718,0.04566580770284271,-0.038870712202760664,-0.9994086100076094
2719,0.04570179903613924,-0.03884070063975666,-0.9995391497089979
2720,0.045727464477760195,-0.038781727845632406,-0.9990918456821043
2721,0.04571565404881677,-0.03881207589387299,-0.9993518254505712
2722,0.04575160683773704,-0.03878201816682553,-0.9994872121979776
2723,0.045777196576668594,-0.0387230124840328,-0.9989694775018836
2724,0.04576542510401085,-0.0387533756639603,-0.9992702683996693
2725,0.045801339289342866,-0.038723271822372514,-0.9994139320595734
2726,0.04582685328344036,-0.03866423334808993,-0.9987801392874381
2727,0.04581512078645513,-0.03869461160969808,-0.9991528687100367
2728,0.04585099630905054,-0.038664461703149126,-0.9992940002281837
2729,0.04587643451629408,-0.038605390534609346,-0.9984177752026933
2730,0.045864741014304024,-0.038635783827867066,-0.9989413830173471
2731,0.04590057781507812,-0.0386055879060119,-0.999030007772566
2732,0.045925940193572504,-0.038546484140501325,-0.9972723373750196
2733,0.04591428570583613,-0.03857689241535278,-0.99837958189384
2734,-0.020080475615788553,4.952828727456514e-05,-0.753667797667404
2735,-0.020074069936041515,-6.929842463831167e-05,-0.7730509911433687
2736,-0.045560435201399026,0.03895920083489594,0.9906868684118109
2737,-0.044514686138586244,0.040149910378701956,0.9949129332577397
2738,-0.043490809715688396,0.04125678193592445,0.995745387216119
2739,-0.04342722287404272,0.04132370867774165,0.9957668397506049
2740,-0.0400167738764276,0.044634408184241664,0.9950156223990922
2741,0.03964883185403623,-0.044961569345886895,-0.9994230154850263
2742,0.04082347028646407,-0.04389780016361662,-0.999558106883288
2743,0.0431398097497554,-0.04162366394479881,-0.9995892823040649
2744,0.043075658327574345,-0.041690049713099586,-0.9995906422604601
2745,0.04417302451420658,-0.04052550420046541,-0.9995369555894581
2746,0.04522882123159496,-0.03934369473543457,-0.9993320928608235
2747,-0.045056721977279425,0.03954066754743502,0.9937454377547018
2748,-0.04548046204851937,0.0390463123584929,0.9907839490877761
2749,-0.04532979740376037,0.039221121915083486,0.9920062397914997
2750,-0.043995778710103337,0.04071785899487178,0.9954779960349924
2751,-0.044276894117276436,0.04041199367467703,0.9952118918789288
2752,-0.04443243826577509,0.04023487749082737,0.9946498731361723
2753,-0.042861083304217354,0.04191062065185352,0.995928860833751
2754,-0.04333210746248224,0.041417573562483004,0.9954852926215292
2755,-0.043161170829127675,0.04160151341109478,0.995862338409593
2756,-0.0417051164552989,0.043061071130251614,0.9959697230691709
2757,-0.04200318300817142,0.04276469986011668,0.99569940774769
2758,-0.04216751501663824,0.04260267144517344,0.9957058370385029
2759,-0.040552287650459026,0.04414843770451073,0.9954848939188733
2760,-0.04085725940814745,0.04386635315466728,0.9956786868179255
2761,-0.03935951486897438,0.04521505473527176,0.9935614169219802
2762,-0.03967190684738591,0.04494121040344788,0.9944038074769734
2763,-0.03862441303107268,0.04583930251376989,0.9815495361222201
2764,0.03908024579021473,-0.045456649397101895,-0.999203944897987
2765,0.03938375304468726,-0.045188570823371854,-0.9992996058275605
2766,0.04029096022477161,-0.04438706015947114,-0.9995151802320277
2767,0.04057581033317717,-0.04412131630799151,-0.999505811670824
2768,0.04143907129832471,-0.04331715543946765,-0.9995858101102862
2769,0.041727914004435956,-0.043033337423237304,-0.9995618533138193
2770,0.0425696165162957,-0.04220663851919699,-0.999597389369417
2771,0.042850855982272035,-0.04191528454550186,-0.9995642518592472
2772,0.043670411814205036,-0.04106662534726202,-0.9995709249108999
2773,0.043943851494897185,-0.04076793902980909,-0.9995221661319127
2774,0.044740687897546434,-0.039897912625712365,-0.9994619641789084
2775,0.04500613669871138,-0.03959210270244191,-0.999358773728745
2776,-0.04526919015349128,0.039297239194143026,0.9929017167914831
2777,-0.04484316646205677,0.03977659309946084,0.9938621835175285
2778,-0.04421460731386222,0.0404801319849083,0.9952778401178252
2779,-0.04377606147276776,0.040948057083044394,0.9952817020073821
2780,-0.04309705349334541,0.0416679321016338,0.9958785142905903
2781,-0.042624311771534765,0.04214564014161859,0.9956674400722076
2782,-0.04193660815581797,0.042835656663812505,0.9959973383003566
2783,-0.0414731488490329,0.04327891936601201,0.9956140079568162
2784,-0.04255878210233767,0.04221756330486607,0.9959806283242729
2785,-0.0407896569606596,0.0439292211456833,0.9956416977492643
2786,-0.040314642602957584,0.04436007809663553,0.9949576516071931
2787,-0.03960265052984425,0.045002251681951114,0.9942588037692217
2788,-0.0391046466455492,0.04543031529354099,0.9917167703540862
2789,0.03885921097235794,-0.045640427907170024,-0.9989157337318529
2790,0.04005206994452256,-0.044597293977357864,-0.9994491607145785
2791,0.041372313923097065,-0.04338092006958071,-0.9995840019246442
2792,0.04250456799185615,-0.042272145501030776,-0.999597590882851
2793,0.04235300224415858,-0.04241827598865967,-0.9995673193236433
2794,0.04360711759993417,-0.04113382890104137,-0.9995737538312099
2795,0.04345946755733293,-0.04128391474384347,-0.9995480405577881
2796,0.044679192226819466,-0.039966765786007157,-0.9994732671377197
2797,0.04453556107504462,-0.04012070209598504,-0.9994595648749367
2798,-0.04659318438680901,0.037789856646224904,0.7575892203782818
2799,-0.04627792548697384,0.038178556613708635,0.8335276547773116
2800,-0.04612029603705625,0.038372906597450504,0.8808660043028921
2801,-0.04604148131209746,0.038470081589321435,0.9177471271086055
2802,-0.045928581768412205,0.03849331764220389,0.9423131156924573
2803,-0.04600207394961806,0.038518669085256904,0.9428063024948561
2804,-0.01973371794871795,0.0,-0.7950155718997908
2805,0.01973371794871795,0.0,-0.8667508874017659
2806,-0.04230712337976705,0.04239408311230238,0.9919960281403509
2807,-0.04116054934959467,0.043508161864680386,0.9916645753200988
2808,-0.03878025986225354,0.04564255050519985,0.9788414449257687
2809,0.039686189272838686,-0.04485707695117958,-0.9988805824490664
2810,0.040858052549201634,-0.04379235679305597,-0.999127498769172
2811,0.04200136203775317,-0.04269703219870462,-0.999193010502392
2812,0.04419914414195424,-0.040417652439526795,-0.9990565627230779
2813,0.045252080830168684,-0.03923519022693187,-0.9986017001821073
2814,-0.04508045479316797,0.03943226556063945,0.9869674168753984
2815,-0.045342593092853295,0.039130553576707625,0.9844641854355756
2816,-0.045645774852864016,0.038782999433967194,0.9779607823575186
2817,-0.044604653594334354,0.039976026375103,0.9898030335724481
2818,-0.04402236867980065,0.04061012222861823,0.9908249951333545
2819,-0.04352179926103537,0.04115228785979689,0.9917640438628821
2820,-0.043189939720594796,0.04149433790934651,0.9916739459393273
2821,-0.041737553720607515,0.04295494827168425,0.9919611969349625
2822,-0.04202327426151257,0.042675465925345615,0.9920055663410491
2823,-0.04219839173451449,0.042535492360227016,0.9937671927711339
2824,-0.04236448670152222,0.042342745229023704,0.9923066499443026
2825,-0.04121926244929212,0.04345837330307999,0.9920211886287096
2826,-0.040587518782615364,0.04404320935938348,0.9910863099517008
2827,-0.04104808221224176,0.04364661867777966,0.993398782563547
2828,-0.04005610131766827,0.04453275821507283,0.9905998977145003
2829,-0.039397542005410464,0.045110804199610416,0.9876739473431901
2830,-0.038841546088731305,0.045595965879126045,0.9812902030077459
2831,0.038536407114320305,-0.04585415067071703,-0.9959041784396853
2832,0.039118914382911665,-0.045352635084480626,-0.9985117042742797
2833,0.03940911912024728,-0.045100690701693376,-0.9987467032773951
2834,0.039746530658276456,-0.044809274794891704,-0.9989430112599526
2835,0.0409171092702293,-0.04374297630456322,-0.9991684501012001
2836,0.04033698253752986,-0.044304629725046535,-0.9992550834203324
2837,0.040598821842890744,-0.044032790469976574,-0.9990902538103226
2838,0.0420590928223818,-0.04264610788772767,-0.9992254748630962
2839,0.04259989544833281,-0.042099879802616404,-0.9991935419649584
2840,0.04288064242767835,-0.04184761498934027,-0.9993662732222138
2841,0.043171683235678084,-0.04151943609457786,-0.9992066411657855
2842,0.04369785815671212,-0.040959103556102106,-0.9991338240204433
2843,0.044107394126410335,-0.040552560445475894,-0.9992859852826148
2844,0.04425410297255517,-0.040363748303495255,-0.999086331307227
2845,0.044765282469554545,-0.03978970290193958,-0.998894597629223
2846,0.04501967581406737,-0.0395016425126848,-0.9987743262849902
2847,0.045305595580330274,-0.03917985217079092,-0.9986131583335383
2848,-0.04513421049096174,0.039377161532683044,0.9871433444142877
2849,-0.045395979869738506,0.03907509204953672,0.9844467140446386
2850,-0.04569550865090882,0.03872438890606529,0.975315063313168
2851,-0.04465591929694976,0.03991875096690499,0.989635847522689
2852,-0.044077562187650556,0.04055645840809136,0.9911050369991765
2853,-0.04434722485862336,0.04026141396364734,0.9905797784884776
2854,-0.04357457538697504,0.04109640114241525,0.991724293493055
2855,-0.04295798275782885,0.04174050220578957,0.9921263072725883
2856,-0.04265446252055343,0.04207813211620929,0.9937016086293016
2857,-0.04279462519046364,0.04193557475597787,0.99366073868705
2858,-0.04324620992896426,0.04144180418120567,0.9919736060556844
2859,-0.04179559710096811,0.04290438054542899,0.9922904398545123
2860,-0.04208097889745093,0.042624511986012754,0.9923236724800165
2861,-0.04241879153010393,0.04228834274524199,0.9923006012630528
2862,-0.04127499993988341,0.04340543960123056,0.9920614441453792
2863,-0.0406468785643543,0.04399419359401932,0.9915046688206021
2864,-0.04093955855353959,0.043721966475157296,0.9917926005253889
2865,-0.040113218556453806,0.044481316348053655,0.9907037544080359
2866,-0.03945818887630265,0.045063390214402387,0.9884131906379251
2867,-0.039140117676430095,0.04536544459808239,0.9885721366929835
2868,-0.039758030369252795,0.044799071733363116,0.9897380660070719
2869,-0.038900028773934614,0.04554608181172666,0.9823999384799684
2870,-0.038536407114320166,0.04585415067071682,0.9598354204320411
2871,0.03859522138707948,-0.04580465798470475,-0.9967773026791774
2872,0.039179852170790806,-0.045305595580330205,-0.9986171378591384
2873,0.03946975381958084,-0.0450532611520535,-0.998826394083757
2874,0.039293231269988814,-0.04520169187062381,-0.9986468391633602
2875,0.039804003014000416,-0.04475822998147802,-0.9989575762639735
2876,0.04097321224919848,-0.04369043013058571,-0.9991739231825623
2877,0.04065816904199105,-0.04398375947058572,-0.9991330023626963
2878,0.04048567100841335,-0.04413684871626156,-0.9990706279911046
2879,0.0421137872168403,-0.042592097075257275,-0.999225880275685
2880,0.04151943609457769,-0.0431716832356779,-0.9992095905472063
2881,0.041795597100968154,-0.042904380545429034,-0.9992205624163644
2882,0.04265690162481439,-0.04204814562836694,-0.9992246487158858
2883,0.042761663489527854,-0.0419355589829446,-0.999190597541816
2884,0.043224930822263745,-0.04146399838925283,-0.9992044114317478
2885,0.04375347689709742,-0.04090588058493105,-0.9991632845117011
2886,0.04348826084713583,-0.04121581667027772,-0.9993412452794644
2887,0.044004624819227504,-0.04063558540900453,-0.9991347751878652
2888,0.04385522609325026,-0.04079056405485862,-0.9991187595621597
2889,0.04430586653901268,-0.04030692244814327,-0.9990790323523823
2890,0.044819474904498946,-0.03973502832889945,-0.9989210206769743
2891,0.044562544231535814,-0.040051866709541625,-0.9992047305186049
2892,0.045073516308088944,-0.03944662133361861,-0.9987965630817364
2893,0.04491814032432279,-0.03961706250352325,-0.9988395432482079
2894,0.045355838951516576,-0.03912167787835224,-0.9985665829401982
2895,-0.04518470721629779,0.03931920702138983,0.9868232983752934
2896,-0.04490096943158275,0.03964291552241724,0.9886211893672747
2897,-0.044755068328625164,0.03980119132015693,0.9888591811091304
2898,-0.04574516719135143,0.03866571460155295,0.9719838000887243
2899,-0.04470711145410102,0.03986140981505832,0.9894920393226769
2900,-0.044129573210138606,0.0404998589541307,0.9910293480802947
2901,-0.04383737781404282,0.04081595415278581,0.9914676982431274
2902,-0.04362727974835504,0.04104044674186956,0.9916866992597189
2903,-0.0430115142211582,0.04168533856665362,0.9921046356498858
2904,-0.04185062316145176,0.04285070767223816,0.9922987159189682
2905,-0.04154159203545178,0.043150364287842816,0.9922110318192059
2906,-0.04138334743464356,0.04329629922646073,0.9918014082347396
2907,-0.04247302649762857,0.042233870615244216,0.9922911202442659
2908,-0.0413306694531704,0.04335243441337798,0.9920916466641991
2909,-0.040703304160528885,0.04394199400833876,0.9915583967681639
2910,-0.040386460037444914,0.044233377133758724,0.9911471818922024
2911,-0.04022441315659359,0.04437507811611488,0.9905000183509898
2912,-0.040170269731314885,0.04442980122313031,0.9907824499969071
2913,-0.03951598758340291,0.04501271522938571,0.9886831245030114
2914,-0.03901404576333793,0.04544287848255017,0.983852705110851
2915,-0.03895844739326033,0.04549612273282222,0.9835497230330481
2916,0.03865397209595928,-0.045755089861328736,-0.9973098505757306
2917,0.039237961936500226,-0.045255277593704145,-0.9986665042148846
2918,0.03892340391496051,-0.04552610717694062,-0.998287362216089
2919,0.03876854369110771,-0.045652502578438316,-0.9977875579714245
2920,0.03986140981505823,-0.0447071114541009,-0.9989759028627734
2921,0.04102924774788829,-0.043637812001243365,-0.9991779225180959
2922,0.0404318515726689,-0.044191890493835186,-0.9990992240946965
2923,0.04012463407954814,-0.04447101918098795,-0.9990398465088681
2924,0.03998319308575631,-0.044624171095647217,-0.9991893844848305
2925,0.04216841225256477,-0.042538016116306754,-0.9992263276105385
2926,0.04157480542002722,-0.04311836454807062,-0.9992121210277342
2927,0.04128613928366046,-0.0433948442797483,-0.9991968680646421
2928,0.041138209789939685,-0.04352928516392794,-0.9991518928001997
2929,0.04271082814410181,-0.041993368122340835,-0.9992238315970053
2930,0.042418791530103785,-0.042288342745241854,-0.9992268360765361
2931,0.042285642055703905,-0.042448755591222624,-0.9993719905408991
2932,0.04327810722013258,-0.041408492395354934,-0.9992014516816629
2933,0.0438059366104144,-0.040849696751601515,-0.9991590959322098
2934,0.04339293658967885,-0.04131616426328279,-0.9993464767042888
2935,0.04435755713652076,-0.04025003020984874,-0.9990681771865834
2936,0.04487043115019793,-0.039677477432527995,-0.9989057016267959
2937,0.045406007624515486,-0.03906343915499373,-0.998492615291361
2938,-0.04579475039240791,0.03860697661706335,0.9661421482670209
2939,0.03871265914420084,-0.045705446382224325,-0.9976659769192937
2940,0.041085215674011695,-0.043585122003194886,-0.9991824746491726
2941,0.04440917467994826,-0.04019307168230977,-0.999056913185486
2942,0.045456101516702416,-0.03900513609663094,-0.9984116785521076
2943,-0.045844258172417655,0.03854817504933434,0.9563917876585506
2944,0.04550612054557596,-0.03894676879928512,-0.9983295114507339
2945,0.045556064628757685,-0.03888833735908354,-0.998200843236541
2946,0.04560593368399336,-0.03882984187225931,-0.9980511450059719
2947,0.04565572762915122,-0.038771282435150385,-0.9978882412109772
2948,0.04570544638222431,-0.038712659144200856,-0.9976226343120804
2949,0.045755089861328625,-0.03865397209595919,-0.9972982065293379
2950,0.045804657984704726,-0.0385952213870794,-0.9967404313479653
2951,0.04585415067071677,-0.038536407114320145,-0.9958264783456039
2952,-0.043404413685974474,0.041238367576784854,0.9897833490968347
2953,-0.03992368946156964,0.04460451931593646,0.9870560086069109
2954,0.039555996062733606,-0.04493091696276177,-0.9984942516810147
2955,0.04072985668391169,-0.04386961246851408,-0.9988548886391063
2956,0.04298069182495035,-0.041666824379573746,-0.9989475001360163
2957,0.04305357278646538,-0.04160451848227281,-0.9990129576376077
2958,0.045132755353758935,-0.03932554535931234,-0.9983138052730305
2959,-0.04496073620526265,0.039522099178945086,0.9841758012642323
2960,-0.0454642190464343,0.03894186577614677,0.9769614107011961
2961,-0.04390031730551994,0.04069675987230763,0.9884191176881316
2962,-0.04441896183083231,0.04013003804509366,0.9870352578642689
2963,-0.041610950584298444,0.04303478726682239,0.9896008881963041
2964,-0.04045884945870263,0.04411967388940715,0.9882986173576611
2965,-0.039266877673164086,0.04518380729232936,0.9831175996133037
2966,0.03898780283455887,-0.045424831906823365,-0.9978952071394225
2967,0.040197693462137904,-0.04435774525326535,-0.9987425272878365
2968,-0.04419015964086545,0.04039524574422197,0.9885575247890058
2969,-0.043074924049219,0.041582412219293485,0.9900587575327341
2970,-0.04077216693322342,0.04384263326250604,0.9895540647850789
2971,-0.03958747777248159,0.044915227834605255,0.986390147479332
2972,0.041353669830808334,-0.04329457332444465,-0.9990011226329131
2973,0.04248364796541676,-0.042186321756841935,-0.9990309924420164
2974,0.04358393625937504,-0.04104858813601257,-0.9989703104977192
2975,0.0446537657724984,-0.03988216757093447,-0.9987173955013151
2976,-0.019861858974358975,0.0,-0.7934214383136226
2977,0.019861858974358975,0.0,-0.8667959867183723
2978,0.04037565893478571,-0.04424404254773389,-0.9990973307824158
2979,0.04291567687482321,-0.04178485148662848,-0.9992229053453543
2980,-0.04268983475164038,0.04201555835951114,0.9922791656293821
2981,-0.03918039737332919,0.04530591128155189,0.9864695301988893
2982,0.043522373349890654,-0.04115254734978817,-0.9991902787071152
2983,0.04459497238327169,-0.039987717783327666,-0.9990132533852611
2984,0.03992013634989545,-0.04465669140320039,-0.9990036161505204
2985,0.0422243920912786,-0.04248456291168468,-0.9992378270094017
2986,0.043332654541346355,-0.04135357812421159,-0.9992093936236001
2987,-0.04333507957492426,0.04130261722910291,0.9893702777918133
2988,-0.019925929487179486,0.0,-0.7923158957059036
2989,0.019925929487179486,0.0,-0.8668180200106377
2990,-0.01996989170800452,2.301245728082385e-05,-0.7793403946725257
2991,0.01996989170800452,2.3012457280823846e-05,-0.8668413524898986
2992,-0.001932950380763147,-0.0599006900763159,-0.8905788556876548
2993,0.03775347255036593,-0.046621655901770996,-0.9765471089433515
2994,-0.03779053757796086,0.04659265067801985,0.7809260000990585
2995,0.04659265067801985,-0.03779053757796085,-0.9765902127729267
2996,-0.03861078672010416,0.04572580758462824,0.9609431284630715
2997,0.04161937032871812,-0.04300966508485862,-0.9988546092792677
2998,-0.04524402998396299,0.03921501833382007,0.9829345144082343
2999,-0.04366649287867018,0.04092970409064569,0.9877752574732601
3000,-0.041918192031385075,0.042751667674273235,0.9905527032049022
3001,-0.04253913923651462,0.04213385272115533,0.9904956805454386
3002,0.04171562558781045,-0.042944647643923486,-0.9990144268318661
3003,0.04392689312215764,-0.04068002261648395,-0.9989169347700146
3004,-0.04482424931131419,0.03968907725206326,0.9859520476263695
3005,-0.0437594642845714,0.04086007176903179,0.9893141525336901
3006,-0.041461384207592364,0.043190158590048135,0.9901431213987195
3007,-0.040305228332636604,0.04427103735510527,0.9887254951822242
3008,0.03885672997404598,-0.045563851732536166,-0.9979117345100649
3009,0.04004318147113631,-0.044508199212198625,-0.9987691969820089
3010,0.04233941766043916,-0.04232977547327645,-0.9990246191792234
3011,0.04444648010374492,-0.04011167642757528,-0.998792504797646
3012,0.03816036456577915,-0.04629216124445484,-0.9835914538698562
3013,-0.03817889707957661,0.04627765863257926,0.8475266545591708
3014,0.046277658632579266,-0.0381788970795766,-0.9838446973947219
3015,0.03836381057348576,-0.04612741391579676,-0.9883776777984564
3016,-0.03837307683038449,0.04612016260985897,0.8908053653208681
3017,0.046120162609858975,-0.038373076830384475,-0.9884662460105129
3018,0.03846553357733906,-0.04604504025146772,-0.9921516477561199
3019,-0.03847016670578843,0.04604141459849882,0.9259468927337928
3020,0.04604141459849882,-0.038470166705788414,-0.9921952306885805
3021,0.03849603557911761,-0.04597871153046184,-0.9949251609222557
3022,-0.03849860918414709,0.04597725589998343,0.9517197271743245
3023,0.04597725589998343,-0.03849860918414708,-0.9949194356974878
3024,-0.002075422137198055,-0.05988649882602801,-0.8902769709514915
3025,0.020175916365190165,-1.0164395367051604e-20,-0.8669129076793448
3026,-0.0459648096585504,0.03852872012934524,0.9603781067793251
3027,-0.045531068798090255,0.03882661363889076,0.969791518819521
3028,-0.04448883474371607,0.04001659325462866,0.9842686907933439
3029,-0.042840623664783,0.04177637031352246,0.9876398245614864
3030,0.04183960809302268,-0.04277349039113742,-0.9987470699514432
3031,-0.019913740348224754,-9.291650728985037e-05,-0.7930447729654602
3032,-0.01990396922021536,9.545035125255099e-05,-0.7650183389173114
3033,0.01990396922021536,-9.545035125255104e-05,-0.8668111526891689
3034,0.019913740348224754,9.291650728985028e-05,-0.8668138004967567
3035,-0.04424913805743627,0.040322772264727386,0.9879048766564031
3036,-0.04083682309455507,0.0437751763158428,0.9892211632682799
3037,-0.039653911333154566,0.0448495205985683,0.9861364222806701
3038,0.04141741993699113,-0.04322625946923967,-0.9989640437761098
3039,-0.0398160455936187,0.04466777149920694,0.9844155113355747
3040,0.04021005313506988,-0.044180964830839144,-0.9976761320640681
3041,0.04272908363311495,-0.0417218553819867,-0.9978764662986022
3042,-0.038999883172421694,0.04522717012127345,0.9618590786246737
3043,0.04333487847867307,-0.041092287742102766,-0.9977935292868916
3044,-0.04252917149619465,0.041966021891146836,0.981022823702309
3045,0.039877058615377416,-0.04449577033906773,-0.997577530054849
3046,0.04217287010687868,-0.04232614332572283,-0.9981195609738374
3047,0.04443516806661269,-0.03994720543335795,-0.9976427477145238
3048,-0.038311553466248933,0.04593271522679146,0.8942952304228282
3049,0.04593271522679144,-0.03831155346624893,-0.9888541011315222
3050,0.04329310665354881,-0.04122258686235368,-0.9982745669928251
3051,-0.041104535272639485,0.04328175751905107,0.976000067548986
3052,0.03854958309383904,-0.045572173496650305,-0.99324736218085
3053,0.04091529229264618,-0.043460697308314075,-0.9975303830812127
3054,-0.03994608280759434,0.04435317150155544,0.9718013430212016
3055,0.03931166795718605,-0.04491363460458844,-0.9964336691292304
3056,0.040496412850105454,-0.04384840199191232,-0.9973547668015309
3057,0.04489837677012546,-0.03932909323107241,-0.9964046736115272
3058,-0.04495889016789483,0.03925990328365188,0.961721199095958
3059,-0.04521988095469792,0.038959006370972556,0.9541725292250103
3060,-0.04163035309316666,0.04277330373385722,0.976579292874512
3061,-0.04390540267510612,0.040434606797980506,0.9731604167545069
3062,-0.040485157119467235,0.04385879460247997,0.9741159500768644
3063,-0.03935057697226639,0.04488235116242585,0.9657213948268868
3064,-0.04307655637555163,0.04131648704566296,0.9756659722269349
3065,0.04140348773805776,-0.04299586674370072,-0.9976196372805289
3066,-0.04339763639498902,0.040982173066419096,0.9751301831712502
3067,0.03879172448422319,-0.04537126223161454,-0.9950452410498837
3068,0.03830210436518775,-0.045929707803094175,-0.9888921856256523
3069,-0.04552056778585191,0.03862634932966545,0.9372869421074519
3070,-0.04448363109255024,0.03981612134432568,0.9701430979009678
3071,-0.04284350038267157,0.04157585151315387,0.9770082397184795
3072,0.040323650404427876,-0.04413165538914409,-0.9980629304548738
3073,0.04248903397268348,-0.04192044612165585,-0.9976471379357418
3074,-0.03868541056760254,0.04545416174770519,0.9431228812667628
3075,-0.038866308141799095,0.0453442592615317,0.9573931019589277
3076,0.04358229235423025,-0.04078266303370742,-0.9974694149986145
3077,-0.042197508028699024,0.042213885477866135,0.9766542093509324
3078,0.03958758770310793,-0.044670624696988855,-0.9967781919572236
3079,0.0398184657099498,-0.044597681731211695,-0.997894934259702
3080,0.04189304452353293,-0.042516051457300245,-0.9976472552699349
3081,0.04211974495499429,-0.04243100885224331,-0.998396714905377
3082,0.04408141342258272,-0.04024264903852414,-0.9972434730088429
3083,0.04552266413370786,-0.038608035485986805,-0.9937756420078027
3084,0.04311080375231715,-0.041301435967253296,-0.9976898744936938
3085,-0.041118059526761425,0.04339854283774205,0.9832063825859794
3086,-0.04122411453627209,0.04329625994898599,0.9832783647575988
3087,0.03846492567553259,-0.04570951412460691,-0.9926132790853902
3088,0.03866420193681466,-0.045598331419853484,-0.9954752198078856
3089,0.040754556843064886,-0.04360857607737165,-0.997470115838478
3090,0.04092308467462447,-0.04358090046778983,-0.9982609251647644
3091,0.04103113851503856,-0.043480731500806884,-0.9982873019693457
3092,-0.04006523693668833,0.044370829765476676,0.9804633772194008
3093,0.03907335749933825,-0.045123897079557385,-0.9959455474521209
3094,0.04464509310378976,-0.03961637884416554,-0.9967591817870753
3095,0.04512976529218002,-0.03906336001476681,-0.9959062333168573
3096,-0.045075592273190385,0.03927510993678543,0.973004357835349
3097,-0.04174543955412406,0.04279791532023992,0.9839539879436643
3098,-0.0440216620361172,0.0404528929855873,0.9814168686584009
3099,-0.0405995527951462,0.04388643972982491,0.9823620005446735
3100,-0.039359445652413214,0.04499958197161777,0.9755361472360731
3101,-0.04351782741169275,0.040990150551517446,0.9825045119171358
3102,-0.045636684743033396,0.03862425253834001,0.9487090479856588
3103,-0.044599762900954,0.03981709466622757,0.9784644152242985
3104,0.042604595781624,-0.041942719244344485,-0.9983847450100707
3105,-0.03879859967480068,0.04548639293898862,0.9627229193959134
3106,0.0436984025399482,-0.04080187366754358,-0.998253712034227
3107,-0.04191486385833798,0.04249454081064436,0.9766913330176898
3108,-0.04231291271159769,0.04223695890078045,0.9839735216738419
3109,0.03970139935188838,-0.04470058354012095,-0.9978143326042768
3110,0.042008280407053435,-0.04253995365027848,-0.9983873831397826
3111,0.04419775146518103,-0.04026042777650947,-0.9980924295896296
3112,0.04537368653402492,-0.038783010767984974,-0.9949298167732896
3113,0.04554386165484999,-0.038726611140580555,-0.9958333055954088
3114,0.0456431095995712,-0.03860958807021174,-0.9949452681754378
3115,0.04311989091256499,-0.04141639902801101,-0.9983648820278352
3116,0.03918827081380369,-0.045148729442915266,-0.9972428079159862
3117,0.039081503875692786,-0.04524118029516673,-0.9970732821331351
3118,0.04476167052229091,-0.03963251356373162,-0.997740045758283
3119,0.045246532637886167,-0.03907805731576506,-0.9970916790879135
3120,-0.04570062022764175,0.038477481807519205,0.9225909226592689
3121,0.04426870218432557,-0.040117639205306484,-0.9976554149092979
3122,0.04539442738399396,-0.03890166715385351,-0.9966091072675345
3123,0.04571183100933335,-0.038466875352761415,-0.9925591421808856
3124,0.002,-0.05947680862014356,-0.8916286194695158
3125,-0.04476216472032733,0.03949905884453032,0.9666039826304342
3126,-0.04370242424402897,0.040668478644378635,0.9749122968997059
3127,-0.04141489854110002,0.04299573489177603,0.9771179981341502
3128,-0.040263898213273995,0.04407545281360871,0.9740151494177209
3129,0.04000300666326768,-0.04431237409518763,-0.9971884428146782
3130,0.04228725261260912,-0.042133095622273915,-0.997700306233624
3131,0.04169110417701321,-0.04279640116929888,-0.9980812531657746
3132,-0.03948968737123388,0.04474991888790007,0.9669219542039462
3133,0.04123675542993968,-0.04312156691366818,-0.9974051585248791
3134,-0.043225575011639365,0.04111491162284287,0.9727739066933208
3135,0.04384605140541857,-0.04044840579155407,-0.9970740325373385
3136,-0.04403117828696581,0.04020563296395054,0.9665755816451023
3137,-0.04062907017228436,0.04364076351653411,0.969776206334213
3138,0.042849289011964435,-0.04143934040670598,-0.9970097030235595
3139,0.002,-0.05972094924514356,-0.8916282648851757
3140,0.002,0.05947653152781299,-0.8157747889533
3141,-0.002,0.059476526608295034,-0.06161444970003554
3142,-0.02039737516711935,-2.7141065850414968e-05,-0.729677026670843
3143,-0.04595095052966808,0.03831610649359853,0.8859273246321446
3144,0.039637148267954565,-0.04442563574528285,-0.9954306067452536
3145,0.04192958851163452,-0.04226878566310461,-0.99651732017224
3146,-0.04504307048296632,0.03906928223588689,0.9503376565336975
3147,-0.03908353575456467,0.04496150408532595,0.9486593938339108
3148,-0.04172970033651797,0.04259012940559211,0.9720380415522127
3149,-0.04229940086439733,0.04200439776677112,0.9708893438865053
3150,0.03888702981193,-0.045195763744184506,-0.9946223222531809
3151,0.044729529093853755,-0.03943552550498201,-0.9959845041558251
3152,0.04519648855819458,-0.03887512546483775,-0.9945362563302929
3153,-0.04454361350347513,0.03958794019133993,0.9574189198702583
3154,-0.04347335202791167,0.04075082465320346,0.9663059528266486
3155,-0.04119152287647175,0.04306474883546608,0.9689135401012008
3156,-0.04003877632022166,0.044138538035646956,0.9640717876973468
3157,0.04101437755832199,-0.04323269731933444,-0.9967971217455417
3158,0.043674736876240336,-0.04058441664518333,-0.9968589133935342
3159,-0.044205120847447994,0.04014332730014405,0.9737196032669105
3160,-0.040807488780868255,0.043592755077687825,0.9770678665862679
3161,0.002,0.05972067215281299,-0.8157584189798776
3162,-0.002,0.059720667233295034,-0.06176401241741819
3163,-0.04088213020577161,0.04336668874849976,0.9684272392171696
3164,0.020179304470131935,-0.00019475565459372863,-0.8669358260583843
3165,0.020179304470131935,0.00019475565459372839,-0.8668811122850679
3166,-0.039768739034178574,0.04446404285508342,0.9675085141286671
3167,-0.04533060966005709,0.03878735474544948,0.9440068879634276
3168,0.04013401909314407,-0.04385029509896922,-0.9951502514498072
3169,0.043131408344972255,-0.04109890370552268,-0.9966921418753543
3170,-0.038340666668248154,0.04565498735973925,0.9003477064739567
3171,0.038137278116633866,-0.04541278867389347,-0.9858019150677889
3172,-0.019690871972491544,-0.0003038642658723668,-0.7964958283527179
3173,-0.0196541086053756,0.00034155688271076664,-0.7387634638831746
3174,0.0196541086053756,-0.0003415568827107665,-0.8667361658208541
3175,0.019690871972491548,0.0003038642658723667,-0.8666310957176284
3176,-0.04256367300078203,0.04167211704004142,0.9670401260860878
3177,-0.038659972323351215,0.044974136200091046,0.9070833057975196
3178,-0.03907970547751251,0.04445854173135178,0.9163968395931246
3179,0.038786595004079355,-0.044657889919478284,-0.9898616620001295
3180,0.04420011772792062,-0.03929849353427237,-0.9914215743709364
3181,0.0450369435534589,-0.03835172177848153,-0.9872485495807395
3182,-0.043950306902464535,0.03970590342361012,0.9282692060897416
3183,0.0207022546641645,8.825075076623456e-05,-0.8670881108553316
3184,-0.044887591802392206,0.0386231137697133,0.8907843020911334
3185,0.04322185107752585,-0.040748306504792844,-0.9952253155016747
3186,0.038443991547729456,-0.045068796868328063,-0.988479623307879
3187,0.04456364648996924,-0.03898521495729541,-0.9910166711655599
3188,0.0204619817710646,-9.243070527478789e-05,-0.8670425912658897
3189,0.04486870979506212,-0.03886488106709135,-0.9919795310639885
3190,-0.04156477991360023,0.04204353071351498,0.9343191984518018
3191,-0.044448273219960664,0.03904036749106904,0.9061697809736017
3192,-0.0430818862286251,0.04075077015498043,0.9441961947255374
3193,-0.04340731730379708,0.040207335127536686,0.930182502009255
3194,-0.041145252423130385,0.04251898232452989,0.9372976663693477
3195,-0.04000694856801966,0.0435917391388793,0.9299922694912949
3196,0.040460288096624705,-0.0431274290725969,-0.9930657490465844
3197,-0.039668092444143044,0.04410578366282471,0.9380415940535998
3198,0.043879778228064596,-0.03973775855416262,-0.9927144617354805
3199,0.04540178643180165,-0.03824871872234746,-0.9875417802878925
3200,-0.04520956591260405,0.03806687970223459,0.8402548309120794
3201,-0.041928333476419034,0.04195343781877591,0.9486048095245264
3202,0.04098150306688554,-0.04260956352249229,-0.9932304389298267
3203,0.04340712910887456,-0.04007145090079395,-0.9922391373204763
3204,-0.0023447729594360802,-0.05960041937784769,-0.8891763174350515
3205,-0.0016276279206706456,-0.05960041937784769,-0.8906372272181067
3206,0.003139679113398796,-0.0599086463183676,-0.8923932896569807
3207,0.0010000000000000018,-0.05998254493507178,-0.8913209980820307
3208,-0.020388023887559985,0.0003902573047835235,-0.6918481353514908
3209,0.0031162238812366388,0.05991067497831472,-0.816786639602016
3210,0.0010236069647671065,0.05998300500568501,-0.6293916947644848
3211,-0.000882315440358431,0.05998517606124834,-0.27393493509435707
3212,-0.0029754355792030326,0.05991790639529979,-0.05256688211948353
3213,-0.03757795039072171,0.04571542443599107,0.7985198072033728
3214,0.039190295128802004,-0.0444627460883402,-0.9922546528751028
3215,0.04141222719119782,-0.04231865698527691,-0.9940196115703164
3216,0.0014437649837668104,0.05959860184031299,-0.710014910748319
3217,-0.0025323426634377704,0.059598596920795034,-0.056619143488192705
3218,0.0015117931175994185,-0.05997361155297427,-0.8914750083279906
3219,0.0016273410426127463,-0.05959887893264356,-0.8915108274210122
3220,0.04220410385243826,-0.04133165512624404,-0.9929615144359953
3221,-0.04250030420622823,0.0410330769441368,0.9286368602332417
3222,0.020485247065321247,-0.0005983190227209522,-0.8671978844860564
3223,0.04453753044398374,-0.038472151016434544,-0.9862618565503181
3224,0.04209442857574189,-0.04174806739568786,-0.9946164230620197
3225,0.045810004044458064,-0.03747766788412239,-0.9767686073990345
3226,0.03760670293759263,-0.045866707366887034,-0.978407237642716
3227,0.02054077777532642,0.0006325048419509778,-0.866801877379749
3228,-0.04035595468620789,0.043134723524024324,0.925971054778043
3229,-0.04580709087288037,0.03751672519784159,0.7676074465791706
3230,0.04255424766399699,-0.04076305067708874,-0.9917119023848082
3231,-0.04151341149198502,0.04105766901696071,0.8788723129452108
3232,0.04500637234264613,-0.03754578776653828,-0.9779937287617925
3233,-0.021517111828023967,0.00020674914680026378,-0.6515259003371782
3234,0.03934986795905462,-0.043675315139529866,-0.9889826903592206
3235,0.04111208475479959,-0.04126668688096037,-0.9868889581372775
3236,0.03736396945750639,-0.0444145500759484,-0.9761521457543938
3237,0.03869458808134076,-0.04395240690139781,-0.9855044392144036
3238,-0.02079329283232876,-0.000780951963290712,-0.7337781529683615
3239,0.04285663001037627,-0.03865517664293903,-0.980334558611968
3240,0.002559267140667,0.05959860184031299,-0.8162905458433314
3241,0.0005530348626166886,0.05904684226850602,-0.5424492262388717
3242,-0.0033794284425667388,0.058890215899926705,-0.048197388589531945
3243,0.02208765992772504,0.0007953737447376275,-0.8672927706436814
3244,-0.038950316061904765,0.04242305810626909,0.8071714400552128
3245,-0.043543909875232434,0.03764827837284816,0.7506315510421603
3246,0.0026053998609602757,-0.05959887893264356,-0.8920355108588738
3247,-0.0014170188710943676,0.059598596920795034,-0.17218775254437138
3248,-0.042322700458441706,0.0399269805100213,0.855390483399538
3249,0.020867538825235742,-0.001590399969989124,-0.8677976957211979
3250,-0.04058339593642707,0.041600396696484875,0.8602826024115166
3251,0.0035433274386803457,0.05849538676981406,-0.8172844348958113
3252,-0.037480900170425054,0.04358563708773569,0.756412307711246
3253,-0.03887481615097208,0.04344971165829394,0.8499664885450033
3254,0.0035909173487634993,-0.05851472196291823,-0.892735498341056
3255,-0.0005376702687132026,0.058945392718227976,-0.3372969953783644
3256,-0.01882475473589592,0.0011489391583957506,-0.6878035639994916
3257,0.01882475473589592,-0.00114893915839575,-0.8664509553901185
3258,-0.003160154526831243,-0.058746760703639975,-0.8856862912013193
3259,-0.0005250946242258427,-0.058527497594852325,-0.8908626300734553
3260,0.045224682844469725,-0.03534685744175697,-0.9606485264486967
3261,-0.02111932556503378,0.0013245290891397256,-0.603273513289928
3262,0.03966278683675284,-0.04180354397942325,-0.9818227919923425
3263,-0.044632364674558896,0.03684041482759469,0.7058023813852623
3264,0.021835764099773468,-0.0006476035735984888,-0.8680277832360571
3265,0.0006936350873539822,-0.05877687783562972,-0.8912131946291859
3266,0.03849650658657583,-0.04257060977974503,-0.9783763410671561
3267,-0.008201025641025641,-0.002761550702447442,-0.8326474297088894
3268,-0.014348690895664599,-0.01762276120530186,-0.8118108458922394
3269,-0.01763993317281458,-0.0022484207206921944,-0.8089282123906235
3270,-0.02064674250438153,-0.009495191776693356,-0.7619121755952808
3271,-0.014351794871794873,0.0027615507024474424,-0.665888861754321
3272,0.0,-0.056460802894498646,-0.8908351283154152
3273,-0.00469836492649801,-0.05545913017799546,-0.8781529861084743
3274,0.0,-0.05345578474498909,-0.8903386206056162
3275,0.0,-0.049449093878976356,-0.8891638028025335
3276,-0.0046983649264980285,-0.048447421162473164,-0.8747783979770749
3277,0.0,-0.0464440757294668,-0.887871389663454
3278,0.0,-0.04243738486345406,-0.8855606106716873
3279,0.0,-0.03843069399744132,-0.8825530453907315
3280,-0.00469836492649801,-0.037429021280938134,-0.8663000116443835
3281,0.0,-0.03442400313142858,-0.8788236600725732
3282,-0.007328940959954527,-0.021511235839066088,-0.8409682441250674
3283,-0.003821773681473988,-0.021460761984836298,-0.853285329882032
3284,-0.006150769230769231,0.0027615507024474385,-0.7424904301401474
3285,4.336808689942018e-19,-0.03041731226541584,-0.8743411456892141
3286,0.0,-0.02741229411590628,-0.8704495604843125
3287,0.0,-0.023405603249893547,-0.8644204393124105
3288,-1.734723475976807e-18,-0.002761550702447433,-0.8469004122259469
3289,0.0,-0.020400585100383988,-0.8592397621194714
3290,-0.02150201915306222,0.0073559374154329,-0.34890804650623686
3291,-0.011512270781166133,0.01959373023136556,-0.1144718830356186
3292,-0.005113289695186056,0.0221427394739568,-0.13907342391514024
3293,0.0,0.021402257816887177,-0.4979778969484542
3294,0.0,0.025408948682899918,-0.4880935041835036
3295,4.336808689942018e-19,0.02841396683240947,-0.4799165451846734
3296,0.0,0.03242065769842221,-0.46934052706689455
3297,0.0,0.03642734856443495,-0.4594218930724425
3298,-0.004698364926498007,0.037429021280938134,-0.06665918244108014
3299,0.0,0.04043403943044769,-0.4511090968248866
3300,0.0,0.043439057579957245,-0.44609108668942
3301,-4.336808689942018e-19,0.0464440757294668,-0.4423631291341187
3302,-0.00469836492649801,0.047445748445969986,-0.03767805283370923
3303,0.0,0.049449093878976356,-0.43989655732374966
3304,0.0,0.05245411202848591,-0.4385755089857222
3305,-0.00469836492649801,0.05545913017799546,-0.03381449560597033
3306,0.0,0.056460802894498646,-0.4382344766849521
3307,0.00469836492649801,-0.054457457461492276,-0.8933512033705633
3308,0.00469836492649801,-0.041435712146950875,-0.8882596589750277
3309,0.004698364926498,-0.030417312265415837,-0.8779240343382553
3310,0.00469836492649801,-0.024407275966396733,-0.8699252081127166
3311,0.0036979023577759433,-0.021402257816887173,-0.8641890694491925
3312,0.010206366706102,-0.013921051572666987,-0.8641463179954512
3313,0.014871908096727195,-0.008763101493808061,-0.8659439032350666
3314,0.02064674250438153,-0.009495191776693356,-0.8729012236746488
3315,0.016814170002219016,-0.003905033337214827,-0.8657591803574396
3316,0.0010251282051282028,0.0027615507024474424,-0.7947117421214905
3317,0.003697902357775951,0.021402257816887177,-0.8286545608197643
3318,0.004698364926498,0.028413966832409474,-0.827846655036987
3319,0.00469836492649801,0.039432366713944504,-0.8233730631767373
3320,0.00469836492649801,0.04844742116247317,-0.8203042488624901
3321,0.004698364926497991,0.054457457461492276,-0.8188956746729394
3322,0.009226153846153846,0.0027615507024474424,-0.8379326088204511
3323,0.016853654013451538,0.015244703647932591,-0.8488363078877545
3324,0.015376923076923076,0.0027615507024474233,-0.8565700114558275
3325,0.01845230769230769,0.0014631251930277583,-0.8642957267479466
3326,0.021101507757019237,0.008436409976931956,-0.8595917378519469
3327,-0.02236844567429949,-0.004012390937375406,-0.709402309157817
3328,0.022368445674299502,0.0040123909373754145,-0.8647983945072724
3329,-0.017604735959870187,0.01437080076758683,-0.17370513778513627
3330,0.02236844567429949,-0.004012390937375406,-0.8704865090128401
3331,-0.03958637194380891,0.038823702208428984,0.6790545291348675
3332,0.004031504758410888,0.056460802894498646,-0.8179687304968881
3333,0.004042458238801198,-0.056460802894498646,-0.8930128322647696
3334,-0.017283249989233876,0.003100222368372824,-0.5922561385884075
3335,-0.022368445674299502,0.0040123909373754145,-0.46354288994683535
3336,0.01605923982089809,-0.0160794110368913,-0.8737111622150355
3337,-0.009226153846153847,-0.0015234788469468876,-0.8302421633500139
3338,-0.015682737556639365,-0.007212304829792945,-0.8199196370060109
3339,-0.011563408514722878,-0.01281612974926189,-0.832444527768227
3340,-0.0041005128205128215,-0.0027615507024474424,-0.840230815759464
3341,-0.006150769230769231,-0.0020942928298395527,-0.8364155691785822
3342,-0.014431308209586161,-0.01599472320208667,-0.8171864281703852
3343,-0.01151227078116614,-0.01959373023136557,-0.8245167362987058
3344,-0.012737699567413972,-0.017373682300587306,-0.8238446931138096
3345,-0.017722556458172486,-0.004116002977292487,-0.8114200496426528
3346,-0.015376923076923078,-0.0022046337637947606,-0.8157324438368362
3347,-0.020003392397880224,-0.007997382042135168,-0.7788062562114608
3348,-0.018310554561548103,-0.013459949278024425,-0.7875791321295468
3349,-0.01909087144473628,-0.00998160580427776,-0.7892724140952545
3350,-0.015682737556639355,0.007212304829792944,-0.4167480207247198
3351,-0.015376923076923078,0.0015234788469468874,-0.7226882257797589
3352,-0.013326666666666667,0.001523478846946888,-0.7404506399562822
3353,-0.0034886208256903624,-0.056460802894498646,-0.8837888207082825
3354,-0.0034886208256903624,-0.054457457461492276,-0.8832387918510164
3355,5.936103344981124e-05,-0.05145243931198272,-0.8898466787606226
3356,-0.004698364926497991,-0.05145243931198272,-0.8764023066076889
3357,-0.0034886208256903733,-0.049449093878976356,-0.8812534029064767
3358,-0.00348862082569037,-0.04744574844596998,-0.8802313227801495
3359,-0.00469836492649801,-0.043439057579957245,-0.8713911468637087
3360,5.936103344980864e-05,-0.04444073029646043,-0.8868218487628837
3361,5.936103344980864e-05,-0.04043403943044769,-0.8841678466028454
3362,5.936103344980864e-05,-0.03642734856443495,-0.8808026318947202
3363,-0.00469836492649801,-0.04043403943044769,-0.8689753569541664
3364,-0.0034886208256903624,-0.03843069399744132,-0.8737787051982757
3365,-0.0034886208256903624,-0.03642734856443495,-0.8719576141385713
3366,-0.00469836492649801,-0.03242065769842221,-0.861367816066028
3367,-0.00469836492649801,-0.02741229411590628,-0.8561973960775219
3368,-0.005904961671768504,-0.02071775216104256,-0.8459254435034088
3369,-0.007972266250002587,-0.02001341544540832,-0.8396018151414881
3370,-0.003880153913929475,-0.023405603249893547,-0.855610936341052
3371,-0.008744426453891313,0.014882896365317037,-0.257938668396608
3372,-0.009226153846153847,0.0027615507024474424,-0.71817408433899
3373,-0.007175897435897436,0.0015234788469468857,-0.7791536705404469
3374,-0.005125641025641027,0.0015234788469468857,-0.789116441705061
3375,-5.936103344981233e-05,-0.03242065769842221,-0.876659060179743
3376,5.936103344981124e-05,-0.025408948682899914,-0.8675895396743036
3377,-0.0010251282051282062,-0.001523478846946883,-0.8451070476691824
3378,-0.003026379613998564,-0.016994311538284065,-0.849907052232847
3379,0.005125641025641026,-0.002761550702447433,-0.8540144072679764
3380,0.002050256410256409,-0.0020942928298395514,-0.8497871351879722
3381,-0.020003392397880227,0.007997382042135168,-0.3250313531593773
3382,-0.02071032356677712,0.005930963219480849,-0.39492716036501996
3383,-0.009957633901454604,0.019103385931191375,-0.12087105809514204
3384,-0.00469836492649801,0.029415639548912655,-0.10598988773883365
3385,-0.0143486908956646,0.017622761205301856,-0.12637987313284602
3386,-0.011840659521880514,0.017997016670502332,-0.12280273632805494
3387,-0.005904961671768502,0.020717752161042557,-0.13756276895203892
3388,-0.0037769673979098613,0.021209157084301225,-0.15479099613336522
3389,-0.0037724917475626413,0.023405603249893547,-0.1446457598478298
3390,5.936103344980864e-05,0.023405603249893547,-0.5031237552175629
3391,-5.936103344981233e-05,0.03041731226541584,-0.4642256567366587
3392,5.936103344980864e-05,0.03442400313142858,-0.4748752698569486
3393,5.936103344980864e-05,0.03843069399744132,-0.46589096581761447
3394,-0.003488620825690361,0.03642734856443495,-0.08253997485802707
3395,-0.003488620825690361,0.03843069399744132,-0.0742369344631255
3396,-0.0034886208256903624,0.0464440757294668,-0.05138627635113299
3397,-0.0034886208256903624,0.04844742116247317,-0.04841685715656163
3398,-0.00469836492649801,0.04243738486345406,-0.04867524172274911
3399,5.936103344981124e-05,0.054457457461492276,-0.4494650997078058
3400,-0.003488620825690362,0.054457457461492276,-0.04539709007678781
3401,-0.0034886208256903624,0.056460802894498646,-0.04594768343219187
3402,0.0034886208256903624,-0.05345578474498909,-0.892192263765609
3403,0.0046983649264980285,-0.048447421162473164,-0.8919131746456959
3404,0.0034886208256903624,-0.04043403943044769,-0.8863548510825678
3405,0.0034886208256903624,-0.04243738486345406,-0.8877315778072521
3406,0.00469836492649801,-0.03642734856443495,-0.8842684630923763
3407,0.0040463742754557885,-0.028413966832409467,-0.8747454667512108
3408,0.0034886208256903577,-0.03141898498191902,-0.8778555168384703
3409,0.0034886208256903624,-0.023405603249893547,-0.8670574497405075
3410,0.003488620825690362,-0.025408948682899914,-0.8700363361450695
3411,0.010504272717030165,-0.020152094124548842,-0.871110889908903
3412,0.007328940959954527,-0.021511235839066088,-0.8688110576709238
3413,0.011696053180576461,-0.014364847200666074,-0.8658807971617178
3414,0.004731482626715942,-0.016600562351359253,-0.8600438528874177
3415,0.00804479186080961,-0.015433662773111517,-0.8628280489455527
3416,0.010181523803762454,-0.015475240487138648,-0.8650536742694278
3417,0.01641582225128293,-0.008582964226631774,-0.867138481714319
3418,0.011276410256410255,-0.0027615507024474424,-0.8608964667480505
3419,0.013482745581429182,-0.011006007189908993,-0.8657639413561273
3420,0.015462447818676582,-0.010200941258337894,-0.8671174123925668
3421,0.01909087144473628,-0.00998160580427776,-0.8711994909787613
3422,0.021065602004637078,-0.007206637147026256,-0.8714273190563502
3423,0.017808353663840072,-0.005099905379999752,-0.8668146998500624
3424,0.018233198559771797,-0.003270621558861887,-0.8665290096905328
3425,0.01640205128205128,-0.001940624309220938,-0.865095956675759
3426,-0.0020502564102564107,0.002761550702447433,-0.7737130594802362
3427,-1.734723475976807e-18,0.0015234788469468874,-0.8141390876433611
3428,0.002050256410256409,0.001523478846946888,-0.8224501321888904
3429,0.007192613208527212,0.01569177853083585,-0.7921698452130109
3430,0.003956952427890676,0.023405603249893547,-0.8286985990988476
3431,0.006134350594743906,0.021522570738852154,-0.8315950827222944
3432,0.004698364926497991,0.032420657698422214,-0.8262345014288877
3433,0.004046374275455787,0.03041731226541584,-0.8264717799467579
3434,0.0034886208256903577,0.02741229411590629,-0.8271179866342927
3435,0.00469836492649801,0.043439057579957245,-0.8218916715933231
3436,0.004046374275455792,0.041435712146950875,-0.8220223612773941
3437,0.0034886208256903624,0.03843069399744132,-0.8226779897477613
3438,0.004046374275455792,0.05045076659547954,-0.8191758903896329
3439,0.0034886208256903624,0.047445748445969986,-0.8194916197103288
3440,0.0034886208256903516,0.0534557847449891,-0.8179856867987457
3441,0.01025128205128205,0.0015234788469468878,-0.8495929259416182
3442,0.014408591406680191,0.009505687345143564,-0.8416629427693181
3443,0.0061507692307692305,0.0027615507024474424,-0.8239397655556006
3444,0.00820102564102564,0.001523478846946888,-0.8441236964864742
3445,0.01249066977137652,0.018984989111949506,-0.8407832111448345
3446,0.014914550392631865,0.016530317400833935,-0.8455723402090136
3447,0.01668859142774832,0.013622949134057727,-0.8503739149883659
3448,0.014351794871794873,0.001523478846946878,-0.8581868345692388
3449,0.01640205128205128,0.001523478846946878,-0.8613368641591315
3450,0.017296387054520915,0.004017026594376131,-0.8586629155072659
3451,0.020383061315718837,0.006973136908958892,-0.860837469452665
3452,0.019579263882533032,0.011536856969580464,-0.8551272889346261
3453,0.019572292975877686,0.009001065193511685,-0.8580342019252645
3454,-0.021403822855035993,-0.0061295655618410485,-0.7462193855243153
3455,-0.021369942454456867,-0.002723855070417714,-0.7347295060947708
3456,0.020984337730648443,0.004873540495114695,-0.8633785471724678
3457,0.02136994245445688,0.0027238550704177084,-0.8655479378128947
3458,-0.019579263882533032,0.011536856969580464,-0.2343981408828509
3459,-0.01735767946703263,0.012759498049343192,-0.1986365053876349
3460,-0.01597659553294416,0.01445137440273926,-0.16574066715110936
3461,0.02098433773064844,-0.004873540495114693,-0.8696100060626629
3462,-0.01745454344039439,0.0049985822203124294,-0.48177828697545083
3463,0.018310554561548103,-0.013459949278024425,-0.8738535684156679
3464,0.015976595532944157,-0.01445137440273926,-0.8714482201226905
3465,0.014431308209586165,-0.015994723202086676,-0.8710467988687689
3466,-0.011276410256410258,-0.0020551047355215025,-0.8259259219740728
3467,-0.017200479034015212,-0.0068767736695168275,-0.8163723827809041
3468,-0.016415822251282935,-0.008582964226631778,-0.819989674296549
3469,-0.01348274558142919,-0.011006007189908998,-0.8276605269384484
3470,-0.013090373494742104,-0.013106815664741379,-0.830119057684741
3471,-0.011696053180576458,-0.01436484720066607,-0.8333753647095398
3472,-0.007978776904375692,-0.015307015298172345,-0.8401743272616509
3473,-0.0030753846153846152,-0.001523478846946888,-0.8417576035759308
3474,-0.0099576339014546,-0.019103385931191385,-0.8332451055390604
3475,-0.016511582714345337,-0.014935288515927675,-0.8024512439298832
3476,-0.017982139365832116,-0.011863241158268237,-0.7986866737135279
3477,-0.015583293580786736,0.009182277241633414,-0.3312266119138261
3478,-0.017200479034015205,0.006876773669516821,-0.39526790495255326
3479,-0.011276410256410258,0.002055104735521503,-0.7315829708272116
3480,-0.003488620825690354,-0.052454112028485905,-0.882528843168603
3481,-0.004008082825963145,-0.045442403012963616,-0.8763793970156027
3482,-0.0034886208256903624,-0.04243738486345406,-0.8770122909592512
3483,-0.004008082825963157,-0.03442400313142858,-0.8671620597924077
3484,-0.0034886208256903624,-0.03141898498191902,-0.8668469330716668
3485,-0.0034886208256903624,-0.026410621399403096,-0.8610816799625681
3486,-0.003488620825690363,-0.028413966832409467,-0.863472585960203
3487,-0.010181523803762452,0.015475240487138647,-0.19892769277900402
3488,-0.012198187845701558,0.012213509385482118,-0.2828524003189826
3489,-0.002161054058569365,0.017125870593468286,-0.38780886753090643
3490,-0.006440809460855865,0.016168877393524458,-0.26592223127068926
3491,-0.008562351312396351,0.01642658318410926,-0.19901971510201905
3492,-0.005612935437920138,-0.016474573695474403,-0.8449726059868738
3493,-0.004167997529353675,-0.018049218589641442,-0.8486531825632788
3494,-0.0023191153576938768,-0.01837847107512115,-0.8526064366383996
3495,0.0041005128205128215,-0.001523478846946883,-0.8525176558657654
3496,0.00820102564102564,-0.0027615507024474424,-0.857686429178632
3497,0.0061507692307692305,-0.001523478846946883,-0.855118682660792
3498,-0.00469836492649801,0.026410621399403103,-0.12191396050561262
3499,-0.003488620825690362,0.028413966832409474,-0.12177275220851094
3500,-0.0034886208256903624,0.03041731226541584,-0.1114613720610616
3501,-0.01443130820958616,0.01599472320208667,-0.1419240366538011
3502,-0.008243984444167917,0.020695531287174787,-0.1226008481954942
3503,-0.004008082825963157,0.03442400313142858,-0.08676273971818496
3504,-0.004008082825963157,0.04043403943044769,-0.06188362701547857
3505,-0.004008082825963157,0.04444073029646043,-0.050341234632665904
3506,-0.004008082825963157,0.05045076659547954,-0.04140541542182041
3507,0.004008082825963153,-0.05145243931198272,-0.8922043857094336
3508,0.00469836492649801,-0.045442403012963616,-0.8906190450702542
3509,0.0034886208256903702,-0.04744574844596998,-0.8904016273045173
3510,0.0034886208256903733,-0.049449093878976356,-0.891168705050587
3511,0.004008082825963157,-0.03843069399744132,-0.8853054734114899
3512,0.004046374275455792,-0.03442400313142858,-0.881666101130924
3513,0.012237152069399779,-0.018599659029591202,-0.8713593183247639
3514,0.008976489753210472,-0.01958357624801828,-0.8680511087569915
3515,0.005904961671768504,-0.020717752161042557,-0.8657376435707538
3516,0.012839548640588574,-0.012855675761907713,-0.866133700478002
3517,0.0059740420814858525,-0.017534460821764457,-0.8620510391786628
3518,0.0021789342288307447,-0.01726756694801866,-0.8577299659110647
3519,0.004167997529353675,-0.018049218589641442,-0.8605482611770873
3520,0.007745287947584576,-0.016897522445244326,-0.8634771409319376
3521,0.016870900382435064,-0.0067450077001656745,-0.8667295554645597
3522,0.013326666666666667,-0.0020942928298395545,-0.8627040047149241
3523,0.01025128205128205,-0.0015234788469468878,-0.8597239667723164
3524,-0.0030753846153846152,0.001523478846946883,-0.8002158689932494
3525,0.0041005128205128215,0.0020551047355215056,-0.8235476328685112
3526,0.010898898630149253,0.013385798701534843,-0.8219389687099679
3527,0.009162708896552008,0.015594807464161095,-0.8161688835119846
3528,0.0068551771499162275,0.017209097633072542,-0.8057391329571233
3529,0.003026379613998564,0.016994311538284065,-0.7079958019617649
3530,0.00393980665115384,0.025408948682899918,-0.8281752782787792
3531,0.0068984733418420785,0.02024776673692785,-0.8329859277584071
3532,0.0034886208256903516,0.03342233041492539,-0.8247367318687133
3533,0.0034886208256903624,0.04444073029646043,-0.8204477754310742
3534,0.004008082825963157,0.03642734856443495,-0.8239544698229839
3535,0.012301538461538461,0.002055104735521504,-0.8517252785882248
3536,0.015812493689562234,0.007271978134966551,-0.8496758861473476
3537,0.015959651878474704,0.00940404205750141,-0.849286220146788
3538,0.014925488427827337,0.010971612930291901,-0.8450550842758704
3539,0.012737699567413972,0.017373682300587306,-0.8423421103934814
3540,0.010291072053743003,0.01974307581840626,-0.8375823218824459
3541,0.01721125454831612,0.005888047554848721,-0.8560293613065642
3542,0.017982139365832116,0.011863241158268237,-0.8535061386714752
3543,-0.019090871444736274,0.009981605804277757,-0.2671452306851803
3544,0.017982139365832116,-0.011863241158268237,-0.871512074307629
3545,-0.013326666666666667,-0.0019863427691560673,-0.8210014108236658
3546,-0.015166171610779697,-0.010005480861094148,-0.8237676474357608
3547,-0.009986435464673803,-0.01517871915871847,-0.8367608710698864
3548,-0.007718686947095576,-0.016839488321029616,-0.8415989349996926
3549,-0.01467997637244798,0.010791138887223363,-0.2840949874919721
3550,-0.01147194492007738,0.014089602135619467,-0.22434599611439926
3551,-0.01373792459965282,0.012426420353247767,-0.23854556395395615
3552,-0.0032477315471145813,0.018237289680740204,-0.27274551110830625
3553,-0.005994630492108038,0.017594890037781516,-0.21375408373698868
3554,-0.0034886208256903624,0.025408948682899918,-0.1371420632016572
3555,-0.003940894170635158,0.03242065769842221,-0.09718750003050335
3556,-0.003940894170635161,0.05245411202848591,-0.041112506475787944
3557,0.0034886208256903624,-0.04444073029646043,-0.8889355426492793
3558,0.010952868893083665,0.014939248913927262,-0.8288404629135881
3559,0.01278167812205508,0.012797732555081244,-0.8346991072876948
3560,0.004980256255786927,0.0174733928078103,-0.7779172496940305
3561,0.0023191153576938768,0.01837847107512115,-0.7213717277316795
3562,-0.0419118669023549,0.03431220299064592,0.5128083653684983
3563,-0.02387810729226936,0.001676631057975262,-0.5302965394624648
3564,-0.022557125739846348,-0.0013144757668054415,-0.662665205793175
3565,-0.03435520086570044,0.04536836491556824,0.5693352006811023
3566,0.035085692149854714,-0.04554173812898656,-0.9592574668457384
3567,0.039087478366263764,-0.038025753997631605,-0.9624302499389459
3568,0.025848889253759413,-0.0006046867234426037,-0.870650844834093
3569,-0.02062340768543987,-0.012152106745163531,-0.7578435546098166
3570,-0.005416751129499455,-0.05755809718264264,-0.8758317099618143
3571,0.00037973361725072746,-0.001403688869003705,-0.8472548698084571
3572,-0.005410850930465201,0.05755097137112987,-0.02783689295903157
3573,0.005487876500507755,-0.02659214278300587,-0.8738942230957766
3574,-0.0005125641025641044,0.0029913248274258883,-0.7790593855335889
3575,0.005752270513971513,0.04594323937121521,-0.8219969332949442
3576,0.005487876500507741,0.05227259064488315,-0.8200440994552037
3577,0.019287039284770227,0.01417775576505112,-0.8520914101974124
3578,0.02301234015706933,0.006590208145502175,-0.8625778838984848
3579,-0.021747813942281473,0.01000156145997297,-0.2763386605432837
3580,-0.016915664037813843,0.01693691096586154,-0.13567301402626536
3581,0.02062340768543987,-0.012152106745163531,-0.8756781254462291
3582,-0.00997425438338879,-0.021760351385057167,-0.8292103215347953
3583,-0.0055509047055034184,-0.02515130662842156,-0.8499623878170292
3584,-0.005752270513971514,-0.029916475907164244,-0.8532267473627339
3585,0.005487876500507758,-0.03260217908202497,-0.8812841016020716
3586,0.015102248634570959,-0.018786405781312965,-0.8759450048362031
3587,-0.00039169533182549683,-0.016520841662770517,-0.8536794125934383
3588,0.005501357929390047,0.03462180635918276,-0.8260354704560127
3589,0.008943559320613555,0.02234001081531342,-0.8345723048667819
3590,-0.004234176910136684,0.01626126144882174,-0.33348278901405365
3591,0.0,0.01868610383610635,-0.5238985061988182
3592,-0.03592210538222068,0.045954839590728255,0.6571140621538198
3593,0.03774803406411289,-0.04016243501564798,-0.9652726759479109
3594,0.0008752611146462423,0.007018763818607823,-0.7138750400361012
3595,-0.0016372112059805655,-0.017157263140935464,-0.8524327409347696
3596,0.0012137348436330247,0.018940706554052257,-0.6572897305216862
3597,0.00034869009207741473,0.02004418082649676,-0.5569930267023022
3598,0.0009682933906047077,0.017090425584919543,-0.6027806961416868
3599,-0.0016961595942129562,0.005652019508179013,-0.7060332467191769
3600,0.0005551096414635195,0.004876249043910661,-0.7497375673594424
3601,-0.0004766337764936389,-0.01860629861092922,-0.855934122102805
3602,-0.002063256203101267,-0.01478648072062863,-0.8496503640783384
3603,-0.0014728728599695247,0.00415774205771302,-0.7442303337791921
3604,-0.0014905815708699305,-0.015907240106730273,-0.8514891667469844
3605,7.005795619530284e-05,-0.014403110312163467,-0.8525255509693787
3606,-0.0041296626411586775,0.0045245649113578625,-0.7067286035755793
3607,0.0006535739097373594,0.0576731875456082,-0.5616682383583272
3608,-0.0007014323130867682,0.05760948290095277,-0.3059256470788688
3609,-0.03904785004802537,0.0405844158312653,0.7369343343882392
3610,-0.01158019743561357,0.007992705252612559,-0.468293533204551
3611,-0.03571517374897755,0.04412129231400257,0.6445274213065297
3612,-0.03464374714545144,0.046983859540331595,0.565120330705994
3613,-0.030530784199952372,0.046884966755439385,0.40482805609828937
3614,-0.03259732949541456,0.04651585753786468,0.480783853976645
3615,-0.0005949612219019457,0.01723343779712926,-0.4879662381848733
3616,-0.0010882367751435997,0.012960821124896677,-0.5565320081355145
3617,-1.1002146949228367e-05,0.015001236673779466,-0.561102440961731
3618,0.00010076556753138945,0.016222960276900414,-0.5515912158566864
3619,0.0017335203239850646,0.015457615679105044,-0.6394813001912731
3620,-0.0008807859844750729,-0.019674107172157305,-0.8569985544259522
3621,0.0007709132699678248,-0.019235350230106165,-0.8582514337580627
3622,0.0019234137996975039,-0.01857236963470941,-0.8586778849278427
3623,-0.013447021419313117,0.009040858917060787,-0.3855931480704101
3624,-0.03564700162206497,0.04071848507022504,0.5773341060468864
3625,0.0019751159260127937,0.016566560253276373,-0.6556638260165949
3626,-0.03295336667201067,0.042474536084632204,0.4902880656970214
3627,0.04296782510549156,-0.03623309801824166,-0.9648402129926777
3628,0.043578510690942825,-0.037474725692005696,-0.9747079282332445
3629,0.04682569376856585,-0.035458763349499184,-0.9587812864892709
3630,0.046299273857848086,-0.03148153429260454,-0.9407562041401223
3631,0.046156519848898826,-0.03352388158594637,-0.9496705216024715
3632,-0.04606397712573019,0.034878818123015715,0.5517695806540726
3633,-0.03855760952121835,-0.03865670104245526,-0.6907547815640729
3634,-0.009963621061013402,-0.05368198992985502,-0.8537766585664508
3635,-0.026995439197006203,-0.047458150512185486,-0.7690301540052176
3636,-0.013407094175581558,0.052931938747839316,0.06291799791223339
3637,0.00875741476025874,-0.05529214070722128,-0.8970896959237125
3638,0.021235902107792623,-0.0500286502210448,-0.9141720473635423
3639,0.008503782192670275,0.055521490721709296,-0.8219694649785423
3640,-0.053963359914289265,-0.008305755488658978,-0.4119555992710821
3641,0.005396641652137974,0.0578642118299001,-0.8189902589966535
3642,0.005467318831119294,-0.05785064304030745,-0.894173711476044
3643,-0.006150769230769232,-0.005577791944046737,-0.8375357901515825
3644,0.0008177195581773888,-0.0524774623759241,-0.8903789702443289
3645,0.0008177195581773899,-0.05042741624804135,-0.8897916634887322
3646,-0.0007935468465469711,-0.05047515960641158,-0.8892871171553773
3647,-0.0007935468465469686,-0.05242971901755386,-0.8898668535838925
3648,0.0008177195581773887,-0.04546575336040181,-0.8876701556231521
3649,0.0008177195581773886,-0.04341570723251905,-0.8864972994955764
3650,-0.0007935468465469696,-0.04346345059088929,-0.8859597570531419
3651,-0.0007935468465469695,-0.04541801000203157,-0.887091924074014
3652,0.0008177195581773887,-0.04145906249438907,-0.8852065892841989
3653,0.0008177195581773886,-0.03940901636650631,-0.8836724887471898
3654,-0.0007935468465469696,-0.03945675972487655,-0.8831255153066873
3655,-0.0007935468465469695,-0.04141131913601883,-0.8845960211598627
3656,0.0008177195581773887,-0.03745237162837633,-0.8820322013916105
3657,0.0008177195581773886,-0.03540232550049357,-0.8801275188935878
3658,-0.0007935468465469696,-0.03545006885886381,-0.879578934919016
3659,-0.0007935468465469695,-0.03740462827000609,-0.8813996713890041
3660,-0.0008177195581773901,-0.03139563463448083,-0.8752315832279134
3661,-0.000817719558177389,-0.03344568076236359,-0.8775225236934912
3662,0.0007935468465469684,-0.03339793740399335,-0.8780655677578774
3663,0.0007935468465469688,-0.03144337799285107,-0.875883658026307
3664,0.0008177195581773892,-0.02643397174684129,-0.8694088125528906
3665,0.0008177195581773899,-0.024383925618958538,-0.8663564629418105
3666,-0.0007935468465469698,-0.024431668977328774,-0.8657820209217666
3667,-0.0007935468465469697,-0.026386228388471055,-0.868733642942302
3668,0.002562820512820512,-0.007152727032998414,-0.8518504669089323
3669,0.0008177195581773887,0.022380580185952167,-0.6311043129047919
3670,0.0008177195581773886,0.024430626313834924,-0.6280051238647094
3671,-0.0007935468465469696,0.02438288295546469,-0.3574572980794033
3672,-0.0007935468465469695,0.022428323544322403,-0.36439586043820893
3673,-0.0008177195581773911,0.03144233532935722,-0.32780970256698305
3674,-0.0008177195581773892,0.02939228920147446,-0.3352010794047111
3675,0.0007935468465469685,0.0294400325598447,-0.6151991549533216
3676,0.000793546846546969,0.03139459197098698,-0.6117882080722106
3677,0.0008177195581773887,0.0333989800674872,-0.6126246023983299
3678,0.0008177195581773886,0.03544902619536996,-0.6092697513296466
3679,-0.0007935468465469696,0.03540128283699972,-0.3186019558887217
3680,-0.0007935468465469695,0.03344672342585744,-0.32507839834143293
3681,0.0008177195581773887,0.03740567093349994,-0.6062813664916379
3682,0.0008177195581773886,0.0394557170613827,-0.6034255652073507
3683,-0.0007935468465469696,0.03940797370301246,-0.3069068706637907
3684,-0.0007935468465469695,0.03745341429187018,-0.31230550166452636
3685,0.0008177195581773897,0.0534324343975509,-0.593038287820004
3686,0.0008177195581773892,0.055482480525433656,-0.5927841706579787
3687,-0.0007935468465469687,0.055434737167063416,-0.28811365447743753
3688,-0.000793546846546971,0.053480177755921135,-0.28815995317851706
3689,-0.0014461264497677279,0.0014453384791986198,-0.8094101056704213
3690,0.007450169042987343,0.03041731226541585,-0.8295592611852485
3691,0.007450169042987308,0.041435712146950875,-0.8250439224058327
3692,-0.008713824695269982,-0.04594323937121519,-0.8530114113021476
3693,-0.008713824695270118,-0.03492483948968017,-0.8420595402304633
3694,-0.008713824695270125,0.0399332030721961,-0.014722008474373847
3695,-0.008713824695270118,0.04494156665471202,0.0009007735759131146
3696,0.008713824695270118,-0.03893153035569291,-0.8909432407528544
3697,0.005263561225696159,-0.02255005342103981,-0.8678150384051244
3698,0.010568479757263273,-0.011029276873583672,-0.8629532659916785
3699,0.013335724524608475,-0.0056056236595959505,-0.8634582692850348
3700,0.008044049444553206,0.012928796170863083,-0.7884188985060572
3701,0.006746850871819331,0.02443122688563286,-0.8312926645932525
3702,0.015020101252244861,0.005072254055514147,-0.8500799624148625
3703,-0.014064060030812928,-0.004797982719596442,-0.8210486584081763
3704,-0.012922027918224591,-0.008146097667869832,-0.8262682941923386
3705,0.01080341159626404,0.009772053469249729,-0.8172719420131365
3706,-0.04660431591613616,0.02844411231635636,0.26619723002333046
3707,-0.052932622068420976,0.013385339309790772,-0.1116928888179897
3708,0.02988829851662878,-0.046023943713788054,-0.936269330891971
3709,0.03302965313723414,-0.04717123329132437,-0.947217015375571
3710,0.035436371825700974,-0.047025653728311884,-0.9589116929981918
3711,0.05192106212144014,-0.016903952851906462,-0.9036700542373987
3712,0.054540472005034826,-0.0026224468166079463,-0.8850021391909602
3713,-0.04909149817878641,-0.023896748608099976,-0.5655647906764176
3714,-0.004919776292359999,-0.05884161479466677,-0.8783970731430775
3715,-0.004054730933007521,-0.05770872386995137,-0.8816836134897004
3716,-0.006842119083074653,-0.05832169350365855,-0.8701790553459192
3717,-0.007309011365091949,-0.05573803795879111,-0.8668105587366612
3718,-0.006657434167674964,-0.05695430528606541,-0.8702643194205455
3719,-0.008804815510451935,-0.05732203298809954,-0.8613903771978727
3720,-0.004054160480462138,0.057703382019434694,-0.041094427879493946
3721,-0.006729095349577542,0.05839858757888642,-0.015677883704145933
3722,-0.0075647138566575945,0.05565010282336532,-0.004999688685115247
3723,-0.006757261737364543,0.056905882550343144,-0.014054335523232783
3724,-0.008818662071745597,0.0573438584413948,0.006397520765019474
3725,0.017107461300552775,0.051854364152769394,-0.8294269276194557
3726,0.0482972060600966,0.025473912157862502,-0.8597994695319182
3727,0.03861049283444799,0.038610492834448014,-0.8479297577921816
3728,0.00404383824310334,0.005547949421664025,-0.7759503470289821
3729,-0.0002836103462789439,0.006096754374064806,-0.7149288031857096
3730,-0.001950056247415996,0.0093806023360462,-0.6128273078767208
3731,-0.0015134757529070288,0.007537395225394846,-0.6653473807663148
3732,2.7774040308024112e-05,0.008875761962968153,-0.6659179255745102
3733,-0.004784900412582853,0.007735835917537872,-0.601378326294866
3734,-0.0010933525542739459,0.00861021285552315,-0.6482921175020993
3735,0.0006859278632672999,-0.017609190310358996,-0.8562708486443404
3736,0.0012220694477799586,-0.015763502969816726,-0.8552181843898118
3737,0.0038950895335365062,-0.012331957555604407,-0.8561533466900657
3738,0.0021993757302134673,-0.013767926631795038,-0.8549428727471855
3739,0.0012737905127782542,-0.01455173327830079,-0.8543009179831477
3740,-0.011157295255053675,0.005037770685291976,-0.6003881781978774
3741,-0.025296221262874737,0.04841958137862996,0.2612386093788527
3742,-0.030095230149131336,0.04929520616560221,0.37311024128646264
3743,-0.03333606224272318,0.047993778144933136,0.4922581799069532
3744,-0.0024235583710403874,0.01483756495989939,-0.4593701113618193
3745,0.0045120750617362974,0.014432155343278732,-0.72840763006978
3746,-0.011599097804179188,0.01014558164889448,-0.3798709765972398
3747,-0.031144517520139883,0.04435152194744946,0.4310073095221826
3748,0.048481260151692906,-0.03186393109390312,-0.9399347521599883
3749,0.04839674526232658,-0.02528429081171536,-0.9209744758590305
3750,0.04785965965129667,-0.03379220843085301,-0.9482696596912885
3751,0.0423110222664837,-0.03222893004084807,-0.9436145355537283
3752,-0.04712646093913598,0.03568331182935113,0.5753823595879566
3753,-0.0475987725798894,0.03360286191934854,0.45612582218729447
3754,-0.0444415972836021,-0.03171709662561581,-0.6329793549755474
3755,-0.042195790967951764,-0.03700471551625604,-0.6680232273058643
3756,-0.04052741906693569,-0.04063157292027397,-0.6898545446651628
3757,-0.03451490052112294,-0.04233275779990818,-0.7217962123983445
3758,-0.013898708743653098,-0.05437517486049333,-0.8372737604870254
3759,-0.028374567065185673,-0.04988266590776644,-0.7685516622088885
3760,-0.022126256468198918,-0.049937656288938745,-0.7953701921979829
3761,-0.01216071857661935,0.05575833113858306,0.04435468845241533
3762,-0.015848658209359535,0.054824215458340285,0.09000952566278102
3763,0.00909241729095758,-0.05740726344284099,-0.8973426564218738
3764,0.012644734395722959,-0.054770361971805015,-0.9011857301141756
3765,0.018216882786183924,-0.052905669144980794,-0.9086652963978447
3766,0.0223760704015564,-0.052714718393345454,-0.915340468086357
3767,0.008812961103896554,0.05754013062358664,-0.821890962159962
3768,0.01222783149405117,0.05502849729070697,-0.8250274852476801
3769,-0.05453726835294199,0.0025915532168377907,-0.279068298886412
3770,-0.05454437623925789,-0.002872587961922144,-0.3491875061883829
3771,-0.05666057678687133,-0.006794716826048316,-0.38965930571622287
3772,-0.056081363276392696,-0.010557927430532901,-0.429640355836699
3773,-0.005583915203012123,-0.0038360423869431455,-0.837932910380963
3774,-0.003191440334642369,-0.0055777919440467396,-0.8426208458324196
3775,0.0017577810755123552,-0.004679114754136306,-0.8499335637005703
3776,0.005748271659221564,0.030971196365964248,-0.8277814497888697
3777,0.00574827165922155,0.041989596247499275,-0.8233442306401182
3778,0.007332189109440647,0.04396481780141476,-0.8240430893350235
3779,-0.006418477268994467,-0.04515234369403333,-0.8638668350044493
3780,-0.0064184772689945425,-0.034133943812498305,-0.8537586692760342
3781,-0.006418477268994546,0.04072409874937796,-0.036529233207647255
3782,-0.009371218351295178,0.03324133366018843,-0.04106933664049309
3783,-0.006418477268994542,0.04415067097753016,-0.02631097128157725
3784,0.006418477268994542,-0.038140634678511046,-0.8876113763221917
3785,0.012764817063004242,-0.003851419279447493,-0.862503114635312
3786,0.010331421311168631,-0.005613373584920797,-0.8605829036071099
3787,0.014785713552141325,-0.004163719995341949,-0.8642970894845965
3788,0.011363540305530738,0.01156538718348392,-0.8219902670734696
3789,0.0092860931976948,0.01123011370988413,-0.8012454427318968
3790,0.0126460321615783,0.010180672515466714,-0.830611731250625
3791,0.012394131485843304,0.006957737405144018,-0.833450660470216
3792,-0.04898521108840328,0.029897249184952443,0.29317039196001865
3793,-0.04923259247943317,0.023653595470514842,0.11364320355245039
3794,-0.05563681419871482,0.014069162022673986,-0.10645403777484716
3795,-0.05402621377543678,0.008031747382699768,-0.20051024290269678
3796,-0.051349911258946036,0.018615245220707247,-0.008909084234754984
3797,0.027185879160749202,-0.04904462427502979,-0.9270661352114347
3798,0.03385023145878272,-0.04834314058561976,-0.9485873274480664
3799,0.031680446805250576,-0.04878361007339701,-0.9400903401364857
3800,0.05457105697011572,-0.017766712320790846,-0.9043114305523856
3801,0.05336961889751356,-0.011639747867292058,-0.89577866737769
3802,0.055757622958957934,-0.006424784860589176,-0.8892129465794483
3803,0.05732415870080435,-0.0027562936654779175,-0.8852412531537638
3804,0.054550426559520464,0.0028374132329164353,-0.879491248169227
3805,-0.05183485822569256,-0.01715159643295251,-0.5030899439105918
3806,-0.05198798694248673,-0.021144336346122408,-0.534295890219905
3807,-0.05159945712455357,-0.025117572308125734,-0.5640727024714381
3808,-0.009205722774343436,-0.055445187518700076,-0.8584184542044833
3809,-0.011678386993891836,-0.05546355766654263,-0.8477964126591588
3810,-0.010661532346884321,-0.057442195821933016,-0.853721361135012
3811,-0.004800474326588251,0.05885568193664482,-0.03467059548258171
3812,-0.007928597388319653,0.05158505311635408,-1.1261857232389497e-05
3813,0.017980607620524926,0.05450095480926989,-0.8293539496991938
3814,0.027069579481864434,0.04742128404538358,-0.8375444147264496
3815,0.022207865186368754,0.04990601843008554,-0.8335489343522581
3816,0.05239576983330074,0.015369567899381474,-0.8682906714227281
3817,0.05061851120514307,0.02053207917028311,-0.8639535162867757
3818,0.051337381725051694,0.02492684908438982,-0.8612168194737972
3819,0.049562531748453056,0.028291871877682468,-0.8584764907563817
3820,0.04340120768513523,0.03313420415989621,-0.8531332127934972
3821,0.04167653683324998,0.038986418728146496,-0.8492346490599034
3822,0.038986418728146476,0.041676536833250004,-0.8466367664519583
3823,0.0022006186734021336,0.00572554126049989,-0.7530948354678488
3824,0.0010716199915424373,0.005894245157195223,-0.7365857789051573
3825,0.002003561362720222,0.004088602866407567,-0.7781488904754579
3826,0.003374423664522748,0.008254270688129828,-0.7339107423661715
3827,0.0046424056332309595,0.0038107795798999443,-0.8026722104907503
3828,0.00700330439591194,0.005595969447929013,-0.8025611418615021
3829,-0.0002425940645909882,0.007630487859759057,-0.684318817291921
3830,-0.00050226634119245,0.010925931401884224,-0.6151631544635299
3831,0.0031468394260914384,-0.015469033426337691,-0.8573787511408659
3832,0.0007797861166841656,-0.010372349367047323,-0.8508879226178357
3833,-0.02033294022502575,0.05069752511939912,0.16344533131300654
3834,-0.02473031935158146,0.05144517647998145,0.23694333026456393
3835,-0.030794291390118567,0.050440250341243505,0.3780843183248095
3836,-0.02868420103171254,0.05071075474630718,0.3240749575880964
3837,-0.005209491192133594,0.013157687233282244,-0.41933689747835773
3838,-0.0011760566219549727,0.014311755550822354,-0.5232825093221098
3839,-0.0013498266344012058,0.015873600683126723,-0.47680463964489606
3840,-0.008135857294445707,0.009099464703851059,-0.49239028061134066
3841,-0.009236641297915793,0.011950742003961755,-0.361403791516096
3842,0.04976429305972625,-0.030381612520495756,-0.9335009071547741
3843,0.05086686279069797,-0.026574773665219858,-0.9226348421717526
3844,0.04724033870312432,-0.03252823540180275,-0.9440393839192479
3845,0.04399983240900181,-0.033571111736081356,-0.9506258713974418
3846,-0.04456338669621654,0.03151276996452819,0.39206556938719184
3847,-0.046712004698459826,-0.03333744188226858,-0.6317673389149312
3848,-0.043747316184724945,-0.03836536661310585,-0.6674743390030502
3849,-0.04158260514859539,-0.04168947078814962,-0.6896451726601924
3850,-0.03968047267568015,-0.04253153782982903,-0.7004104437228523
3851,-0.04237823052402442,-0.03984069533954462,-0.6791493414058479
3852,-0.03627104129137568,-0.044486676274746485,-0.7210579665312762
3853,-0.03248847677316062,-0.04577044045569472,-0.7408865690929355
3854,-0.017569557809013443,-0.053558546245680065,-0.820600681870665
3855,-0.014409759647112679,-0.05637453197709725,-0.8371778855082479
3856,-0.02911333723436061,-0.05118142847379667,-0.7684373642066081
3857,-0.0270564543164428,-0.05149194016307621,-0.777458087039473
3858,-0.0304314499831035,-0.04957215421848688,-0.7593344068572565
3859,-0.02325205490569094,-0.05247851698550088,-0.7950297710088388
3860,-0.012508568292607289,0.05735326317556054,0.04546076078431016
3861,-0.014220785255501555,0.056144435493064915,0.06747704402703546
3862,-0.010664707473756377,0.05692000499554682,0.02629252098675018
3863,-0.009893825515940228,0.05438313491351414,0.02075348251830243
3864,-0.009459020387871197,0.05590081918858307,0.01464664206961332
3865,-0.016301999121919996,0.05639242770306001,0.09154328474564358
3866,-0.01807556344850457,0.055030091009645545,0.11831448986993408
3867,0.00715764022704991,-0.05662961106328489,-0.8956085861223784
3868,0.01083738696939483,-0.05604679643496254,-0.8991466366202273
3869,0.013102499765357772,-0.056753161626460984,-0.9014693216440943
3870,0.0189182160575374,-0.05494248886052153,-0.9091041200700971
3871,0.02298683488736414,-0.05415358935219676,-0.9155924032789082
3872,0.02454919167575765,-0.05264134569073366,-0.9192233432973547
3873,0.020884447336298496,-0.05419693737068076,-0.9122529708232954
3874,0.007132972153649138,0.05799913497190178,-0.8204482489341238
3875,0.006416115242445138,0.05598448123505928,-0.8201387086085756
3876,0.01265051676598668,0.05693069355116744,-0.8249737946367973
3877,0.010597301703355476,0.05638887618955058,-0.823499829298751
3878,0.014831852397568259,0.05544792059579143,-0.8268905053733268
3879,0.011391727922134779,0.057539635170353855,-0.823912657216285
3880,0.014175946813165486,0.05682889410071389,-0.8261250781326206
3881,-0.05732343775330003,0.002723949035150961,-0.27611313774138563
3882,-0.05731962986756094,-0.0030187471210071084,-0.3465852082801029
3883,-0.05828277172731284,-0.006989249883811013,-0.38896526240123097
3884,-0.05724162690441527,-0.008810329038003866,-0.4095081097729244
3885,-0.05769499117259644,-0.0050297622259734154,-0.3687984280059177
3886,-0.057686975307174315,-0.010860201382380981,-0.4289496213752693
3887,-0.05649862936031153,-0.012756966809338298,-0.44956824816718266
3888,0.001315492154101576,-0.003320111385972625,-0.8489610258135577
3889,-0.006579894516502928,0.03333494971459161,-0.06794101069233828
3890,0.015162267075212718,-0.0059923967097283695,-0.865124207506837
3891,-0.05026060720633211,0.03067566443927124,0.300067937749211
3892,-0.050634313455939134,0.02862931928602706,0.2348101235640616
3893,-0.048648270467192195,0.03188335561667975,0.36690207139916514
3894,-0.05173757906705082,0.02485710591793493,0.12656005763749195
3895,-0.05708539378562136,0.014435471654245184,-0.10530408850030529
3896,-0.056837054505196695,0.012370159946778387,-0.1373753876585087
3897,-0.05588515347913948,0.016134473730140805,-0.07246025689311444
3898,-0.05677510295781671,0.008440407956022225,-0.19679185808900712
3899,-0.05396262841441073,0.019562401103724487,-0.0011120066165745852
3900,0.02820289713346776,-0.050879373265783394,-0.9281763160138117
3901,0.031282740227138395,-0.047080133211899716,-0.9406085691121788
3902,0.032304461521638905,-0.04428259284171494,-0.945705126818517
3903,0.029314646427374216,-0.048229917523136046,-0.9333249657824962
3904,0.0559906041983601,-0.018228874657939736,-0.9044607023896033
3905,0.055881334522437286,-0.016153325360959273,-0.9015192445656449
3906,0.05468032664603853,-0.01984226161777131,-0.9075011720830781
3907,0.05608275825898644,-0.012231475122399771,-0.8962024068866399
3908,0.05780600804010814,-0.006660814173885366,-0.8893714735484832
3909,0.058815321876180084,-0.00282799264384294,-0.8852956610473632
3910,0.05816290131744728,-0.0008546218827300816,-0.8833451964277295
3911,0.05798005666702897,-0.004657342866147226,-0.8872072990315031
3912,0.05732359437561417,0.002981658173877549,-0.8796628713168229
3913,0.055737190228186184,0.006644040415469017,-0.8761785610416204
3914,-0.05474554918590785,-0.016109437696594946,-0.48438313079308515
3915,-0.05389956795235108,-0.021921806569582824,-0.5334900151742038
3916,-0.05294291866818404,-0.025771542220713588,-0.5637195083954707
3917,-0.0514214769180732,-0.02719013301732162,-0.5782864108479743
3918,-0.05308917331659955,-0.023764155866468826,-0.5494642199706821
3919,-0.012576184934097167,-0.0570740300108174,-0.8454721064484811
3920,-0.010437433515007059,-0.056076419521311795,-0.8536021246871801
3921,-0.00582466881580129,0.05151449108078864,-0.022363521953815232
3922,0.018448333978177175,0.05591867848243493,-0.8293369144122762
3923,0.016608869734957985,0.05592316603004814,-0.8280582984233169
3924,0.020056569517879527,0.05460208317820868,-0.8307486999486058
3925,0.028451181537981315,0.04984161508837961,-0.8375158300737425
3926,0.03168116087133787,0.044498359492506905,-0.8414611574554488
3927,0.02333684145444226,0.052443079510417975,-0.833502182159725
3928,0.05506999325010757,0.01615401402000333,-0.8683754415917347
3929,0.05319179312108772,0.02157586388002117,-0.8640205465663011
3930,0.052805855281125705,0.025639865944359748,-0.8612308816752343
3931,0.05122841585406781,0.02701995150256036,-0.8598494989855099
3932,0.052890163750241664,0.023597545975577672,-0.8625753779877418
3933,0.050980236835839035,0.029101143100876484,-0.8584905525654948
3934,0.04923916913450103,0.03050477230622754,-0.8570313581275335
3935,0.04649001276309477,0.0330991432056315,-0.8544697310460287
3936,0.04418144542905632,0.03612304593274126,-0.8518384904840673
3937,0.04286866798976565,0.040101600746094535,-0.8492363262711626
3938,0.04095380550155269,0.04095380550155271,-0.8479353504991386
3939,0.043591399321462936,0.038134213972688326,-0.8505371330506644
3940,0.040101600746094514,0.04286866798976567,-0.8466386485780311
3941,0.03802346160147853,0.04369500289909215,-0.8452401239617389
3942,0.0016914658742102242,0.008513143991703661,-0.7024496117033165
3943,0.0030144852892974527,0.011514244008553293,-0.6953715175150957
3944,0.0012037667073917582,0.010273398819052138,-0.6682241952839747
3945,0.0014001297444259026,0.013169576890676058,-0.637384906833442
3946,0.0010823799939341369,0.014384184866499136,-0.6152549137456551
3947,0.0007930286109312782,0.011755992984981048,-0.6362832372838648
3948,0.0019537645866045893,0.012094643909002842,-0.6634649804477649
3949,0.0001732158956705889,0.012859347811016303,-0.6006318191363673
3950,0.006098413507241174,0.01020276440084332,-0.7623490528550287
3951,-0.002586355031781375,0.011427606947827297,-0.5479601603774489
3952,0.0006395323125506214,-0.012425517979006402,-0.8519218697794961
3953,-0.021366842096670023,0.05327542411131003,0.17163888448333733
3954,-0.02543536020515157,0.052911835709967985,0.24076196688609908
3955,-0.026961952764917783,0.051666899301899875,0.2788833242419714
3956,-0.023391959240992362,0.0529913328463983,0.2052337907614755
3957,-0.02777955385105415,0.04839795952698724,0.31862149354508285
3958,-0.004134456036254997,0.014524887755696561,-0.4060163445052712
3959,-0.010030498481861433,0.009082831414172376,-0.4549854721518324
3960,-0.009061601567517707,0.006633463106768946,-0.5677192837503386
3961,0.05219005347259305,-0.027266058540246982,-0.923010633121648
3962,0.05242666912052087,-0.025201147457069775,-0.9184515195680689
3963,0.050662172269510974,-0.028578576756962817,-0.9276308214310723
3964,0.04424420959995054,-0.031530052475141415,-0.9415557416235987
3965,-0.0457871114146922,0.03298473830455487,0.4516340879658874
3966,-0.04377015791156729,0.03341688032158622,0.4811670850284998
3967,-0.04792821481839933,-0.03420542719893059,-0.6315057442624653
3968,-0.046192325989833014,-0.035351670987162374,-0.6439290083369903
3969,-0.048447893527026144,-0.03219119809403679,-0.6189059392199293
3970,-0.040720970661793775,-0.03852344932438584,-0.6807200688280028
3971,-0.042326889075927035,-0.038420140041238816,-0.6735020004069228
3972,-0.037212281823661264,-0.045641114122838125,-0.7208920924592132
3973,-0.03819012497993936,-0.04388292864873563,-0.7111749949170751
3974,-0.035234756499588245,-0.04628672327001014,-0.7308764061198455
3975,-0.018177580563046896,-0.055412025721049696,-0.8205194560368183
3976,-0.016083961762909528,-0.0550723558961987,-0.8287747122758757
3977,-0.020204925990222614,-0.05372049845614555,-0.8097486401554539
3978,-0.01698465888727856,-0.05614278127900184,-0.8263435356745493
3979,-0.019687328873203628,-0.05516082335468183,-0.8139717083632747
3980,-0.02385545022484794,-0.05384034464476733,-0.7949546640997023
3981,-0.022022395121776252,-0.05401779650330691,-0.8027036720724767
3982,-0.025262426233019743,-0.052402355801954605,-0.7865947723910418
3983,-0.01453463187437199,0.05738351905499906,0.06806692492123309
3984,-0.010676156548671349,0.058208375534722204,0.02434762652472581
3985,-0.018324822810019688,0.05628531218815539,0.11711634661676447
3986,-0.019929390742855636,0.054923052938584335,0.14376902415892592
3987,-0.021296841390605375,0.05466520979963863,0.16428619056394358
3988,-0.018870446263415223,0.05268988688980925,0.1361349985250798
3989,-0.01894730871851194,0.054021092840705394,0.13326200279071945
3990,0.006791383893102605,-0.05456602864563444,-0.8951951216887988
3991,0.005614734175234047,-0.056274211397891086,-0.8942724060901059
3992,0.0070381300042230924,-0.05824467283534295,-0.8954555035345154
3993,0.009588745474205431,-0.056244561819344105,-0.8978803675896001
3994,0.010619332628103337,-0.057566419184590455,-0.8987792013029541
3995,0.015364865911001807,-0.055186611688000695,-0.9043864856512394
3996,0.012114301444707754,-0.05593706362647103,-0.9005042611778509
3997,0.020262945602137098,-0.052079839558179734,-0.9120060497474518
3998,0.019530762960061124,-0.0535924179840543,-0.9104303797050222
3999,0.0201385900898532,-0.05519543096298619,-0.9107103433978079
4000,0.007039381919742048,0.05385661147643404,-0.8210561187506054
4001,0.010102399856917047,0.05782794039065224,-0.8228726030916935
4002,-0.05881593086198448,0.002794870726569169,-0.27542925904244847
4003,-0.05816183371488161,0.0008201956218106013,-0.3001191027862361
4004,-0.0579775349004029,0.004698624139909526,-0.25027297696917616
4005,-0.058807085341848184,-0.003097084192286279,-0.34600849637465225
4006,-0.05816164646672951,-0.001191617829919716,-0.32442345473018525
4007,-0.058506033412340806,-0.009004939812977456,-0.4091924736991891
4008,-0.055464490794076324,-0.004908103148716079,-0.3711606552293417
4009,-0.058974368344776346,-0.005083334290389725,-0.3678019341305188
4010,-0.057772950296810774,-0.012885762644082189,-0.4478047570690162
4011,-0.0565685148233835,-0.014614123374183307,-0.4662206152929893
4012,-0.056294095247257744,-0.01613843624099864,-0.48020714892191496
4013,-0.05308017924411872,0.02550215262109752,0.12965088098974362
4014,-0.051599544502507776,0.02686417837766735,0.17706981955756707
4015,-0.0532452415726876,0.02342846701186221,0.08240131534066172
4016,-0.05824842785354532,0.008659438173914612,-0.1959486088402249
4017,-0.057833061245478726,0.006698175805061107,-0.22296288239668755
4018,-0.05723695004030951,0.01039849137406597,-0.16854277841354842
4019,-0.05536296905211903,0.020070049193552885,0.0006121557646916135
4020,-0.055345924803838764,0.018065357448625956,-0.03614648319055775
4021,-0.05402568538210961,0.021573694021910367,0.03825600448801113
4022,0.025969800313847623,-0.05091795341640841,-0.9231306699241892
4023,0.02992922284759492,-0.050045783301214286,-0.9333466039488694
4024,0.05753690521327144,-0.012548620049785731,-0.8962988959920843
4025,0.05641192897702469,-0.014214478738191504,-0.8987194257877529
4026,0.05721872760292623,-0.01049464252855201,-0.8938484759959695
4027,0.05589283127618844,-0.004313801934330794,-0.8868714538664619
4028,0.05689364805356224,-0.005572258476968757,-0.8882294910968358
4029,0.058809914463243095,0.0030589683720001234,-0.8797028619500545
4030,0.05816375089795793,0.0011555164160120376,-0.881420444913892
4031,0.057961657113579486,0.004956472026331281,-0.8779461491733527
4032,0.05705945374842847,0.00873933967554036,-0.8745937543980371
4033,-0.055130108662161614,-0.01824195931936654,-0.5010810704049868
4034,-0.051905058562313214,-0.012489485792514604,-0.4608208883273261
4035,-0.05109190468124614,-0.023062325891584627,-0.5517926259008783
4036,-0.05257541890616451,-0.022438761696572204,-0.5417902356900346
4037,-0.0068100942830938175,0.05353374154168286,-0.01189483995079402
4038,-0.006961831304986928,0.049009440998032734,-0.01202965357304429
4039,0.015477762293995277,0.05660530390406287,-0.8271104355762777
4040,0.029191277078271766,0.05113813618359457,-0.8375095119030064
4041,0.027136613403597874,0.051451508055733654,-0.836182979195034
4042,0.030505845212655192,0.04952824321624053,-0.8388315538643416
4043,0.03463597313428439,0.04536831656265595,-0.8427494985806331
4044,0.023941932893898548,0.05380285471960503,-0.8334918795266566
4045,0.021942776603676578,0.05392792373126672,-0.8321739001392161
4046,0.025345415745892216,0.052363795100959364,-0.8347974875728995
4047,0.05650251921933036,0.016574225522222798,-0.8683953274861657
4048,0.05524026050621335,0.01822545163860799,-0.8669096026490419
4049,0.05633225196322458,0.014502787903618131,-0.8698951035665741
4050,0.05457098141997267,0.022135295650518534,-0.8640349798917074
4051,0.05458327283069423,0.02012519475178748,-0.8654069401869762
4052,0.05235900497534489,0.027616270219759247,-0.8598559067651197
4053,0.0508232897484795,0.022754761960091165,-0.8624850288949761
4054,0.0540808688926748,0.02406564745718482,-0.8626249331691352
4055,0.050400625947185404,0.031042106939907152,-0.8571421504392882
4056,0.048699358804001946,0.032281493329073825,-0.8558030299215111
4057,0.04794303194740049,0.03363157349166947,-0.8547541193666323
4058,0.04615764557232614,0.035238578221808266,-0.8531544889320444
4059,0.04498772168406377,0.028753448589154757,-0.8564116528005672
4060,0.04544522792246767,0.03715632297053752,-0.8518442950784478
4061,0.04185763838810635,0.04185763838810637,-0.8479365248387243
4062,0.04455344277005375,0.038975819685986034,-0.8505389156413526
4063,0.03897421638567766,0.044551610029931625,-0.8453414839837345
4064,0.036982643006675295,0.045232803093736854,-0.8440456193685599
4065,0.03586692725738271,0.0462983441152871,-0.8430234070440772
4066,0.0028222979931224,0.014130661074390224,-0.6767725252139053
4067,0.007522271572745817,0.011243861872704618,-0.7797611052421888
4068,0.005853830076343294,0.012683789663473092,-0.7512039891986265
4069,0.008328239998395257,0.008647359062185375,-0.7963453801763788
4070,-0.0016868002784850183,0.010584830919919214,-0.5916322852347147
4071,-0.00410685346141277,0.009832572283307426,-0.5538431627928521
4072,0.002242161199633181,-0.011503620269144062,-0.8535429740325327
4073,0.001822623295948138,-0.0126282502512096,-0.8536774205865698
4074,0.004296418503123694,-0.009467755457729965,-0.8551171678651542
4075,-0.0028523469947083924,-0.01115560980849118,-0.845911042168534
4076,-0.0012940660549660091,-0.012939502351073644,-0.8494688340613697
4077,-0.025989315940174403,0.050114936763613095,0.26891784869750474
4078,-0.022557869825292922,0.05091701764787605,0.20015383175861623
4079,-0.023855626451895377,0.05418000374470843,0.20589810610534148
4080,-0.02874019190292542,0.04935553052170067,0.3366459088662298
4081,0.04766708405104723,-0.028212158665752024,-0.9290040271221867
4082,0.041394938407764974,-0.02667175742334702,-0.9241605557408414
4083,-0.04353134472939791,0.03529736402562037,0.5853226627173621
4084,-0.04486714746571477,0.03550855596606426,0.6021652835500801
4085,-0.04510583978197598,-0.03696887070141745,-0.655854940774302
4086,-0.04364988853937124,-0.036911548283907775,-0.6614684118565203
4087,-0.042740700646137136,-0.03411541534366783,-0.6525120599370633
4088,-0.0371438850646961,-0.04123161720236495,-0.7064938144034993
4089,-0.03415520134640747,-0.044466907302327024,-0.7299506290928568
4090,-0.014839494944960067,-0.05519969555316513,-0.8341512996679501
4091,-0.015723704930164086,-0.05655304047675366,-0.8319703931736164
4092,-0.020962544442838144,-0.054809292200971534,-0.8082743229160502
4093,-0.0249525865039174,-0.04956897095549017,-0.7823906095079166
4094,0.009514640343286456,-0.050217184494710576,-0.8973604972361189
4095,0.011956314562685486,-0.05745107584753491,-0.9001343555103646
4096,0.013921976251607598,-0.055519729013658814,-0.902593274325146
4097,0.014955886075709303,-0.05670660493565162,-0.903552616608219
4098,0.017088827833176695,-0.05589503726497066,-0.9063569874669358
4099,0.01682402326318604,-0.0540875887484985,-0.9064771908546254
4100,0.014402924247555422,-0.04982270761357867,-0.9033966247727694
4101,0.014535385951337134,-0.05256715992029616,-0.9036386605420086
4102,0.021147449871378933,-0.05296995565404304,-0.9131779054792544
4103,0.01007463308029196,0.04933182618831174,-0.8246958322385947
4104,0.01002576205846406,0.05270631161817313,-0.8237949449646448
4105,-0.055494865152907996,-0.00018546288650557073,-0.3145678495870504
4106,-0.05480639521798086,-0.006647783812940849,-0.392008737341112
4107,-0.04991853587071293,-0.005205751525016936,-0.38988451733099977
4108,-0.05222863964991861,-0.006380378974679631,-0.3958911931572634
4109,-0.048777045007221194,0.02646723134718151,0.1908550580292869
4110,-0.05527936186659062,0.005508668140124596,-0.2383246479005245
4111,-0.05442334368632472,0.010854221152247101,-0.1566470645028638
4112,-0.053079781974025325,0.01639176679450487,-0.05792350545429951
4113,-0.051172695442531516,0.021464807033679947,0.05236536498015377
4114,0.02707608759182996,-0.05030472836471575,-0.9259789270209101
4115,0.024008596889574085,-0.04831345492873246,-0.9199998133800312
4116,0.02605110451525873,-0.052432179983757536,-0.922220241763452
4117,0.05357616779998601,-0.014480456041296226,-0.8996904932823084
4118,0.05768283974306512,-0.008603841889789618,-0.8915616851238636
4119,0.05666416284538625,-0.007563850411918167,-0.8904755409779657
4120,0.053983815716156826,-0.00876676549662642,-0.8920427288096603
4121,0.05549834581981253,0.0001515736146714972,-0.8822115076110414
4122,0.055889845312896785,0.004535388796848262,-0.8780810329730611
4123,0.058397868706959864,0.008944333978517759,-0.8746155738569512
4124,0.05725711965520208,0.010733974385328415,-0.872998368922539
4125,-0.0560912929556519,-0.017400023497249777,-0.49138542825422393
4126,-0.054720593835443,-0.02015068758132132,-0.5174871405775504
4127,-0.053330527380540095,-0.020582161949794252,-0.5253043316682808
4128,-0.05357349373952006,-0.01742173025668097,-0.49925014624129116
4129,-0.053605695994750666,-0.019013761068447484,-0.5121109014029066
4130,-0.05423537928848253,-0.0120473091707336,-0.448959311111056
4131,-0.05494584924333406,-0.013745291668112359,-0.4627764495793355
4132,-0.05533467818356236,-0.014968792967400002,-0.4726535167959456
4133,-0.008550567371968128,0.05323739178882807,0.006634443758603242
4134,-0.010900698296185502,0.051842404034276014,0.03345119367780022
4135,0.033682256780483776,0.04730903570180956,-0.841446816345937
4136,0.03446611846234151,0.04075895414825959,-0.8446971838553429
4137,0.02011425192037377,0.05178771468199897,-0.8315580655704684
4138,0.02503153212572879,0.04953293614086266,-0.8355136151828547
4139,0.05239314496374503,0.01830430889446987,-0.8660951600589601
4140,0.04963423444680636,0.02418307037071833,-0.8611232658180406
4141,0.04548837466272053,0.021226725492906967,-0.8616305992274594
4142,0.0472869448883227,0.023089648951901336,-0.8610136586785583
4143,0.04734001147764339,0.034756902988828664,-0.8538981287282164
4144,0.04460371323738935,0.034416551340583405,-0.8529416779110186
4145,0.047332989479774414,0.029096153536497155,-0.8571502000494472
4146,0.047450195013919734,0.0309316033460655,-0.8560995629649669
4147,0.047418390537192566,0.03221395642136705,-0.8553457198225076
4148,0.004157394336141622,0.012770924394586918,-0.7162108784392999
4149,-0.004358347813212863,0.011594554237213716,-0.49360842774305275
4150,-0.006834976790694459,0.011259297128506172,-0.44314321240140153
4151,-0.006094289694210761,0.009317271233966588,-0.5262579859435101
4152,-0.001083572417524534,-0.014110821386868611,-0.8506243721021169
4153,-0.00017315269226182662,-0.013262284455885407,-0.8513414117194709
4154,-0.0006939511125734056,-0.011303051782585435,-0.8493014465311353
4155,-0.0015717417927884167,-0.008280939707270703,-0.8463508375918466
4156,-0.0018135485781569881,-0.011820737468511876,-0.8479344563668384
4157,-0.0034157031819432174,-0.013179224331437419,-0.8463325156588873
4158,-0.0006973541142191275,-0.009665504368539593,-0.8483649613243706
4159,0.0008579663329081898,-0.008312110272827414,-0.8499667851280794
4160,-0.002272012959022648,-0.009691560020558817,-0.845975677249126
4161,-0.00035928803323764563,-0.008483625747510111,-0.8482717103047229
4162,-6.666514859267705e-05,-0.00615516884442941,-0.8477392096220144
4163,-0.00405066735277247,-0.00792945929757625,-0.8422178759815414
4164,5.5122648373881825e-05,-0.004460097411651207,-0.8473876650682354
4165,-0.002029945086500146,-0.00367759596375566,-0.843934289189402
4166,-0.0012321421526231234,-0.0027383281369259774,-0.8449897957336876
4167,-0.0014143330808677368,-0.0052064305244555855,-0.8453571797338284
4168,-0.001488903749180352,-0.006743896752390935,-0.8458105714106734
4169,-0.023994026059085766,0.049741741303061277,0.23065542172814116
4170,-0.021083411428504378,0.04557273124804578,0.1791298855228643
4171,-0.022925618194081447,0.047387120544071265,0.21474515368467742
4172,0.049099759114601925,-0.028925604943391137,-0.9300309853995987
4173,0.045215111707245445,-0.02910713936717753,-0.9327312761404862
4174,-0.04594801463023537,0.036226704938736407,0.6443305220869489
4175,-0.04476201870453469,-0.033908492224874916,-0.6427008620004775
4176,-0.04443477312746538,-0.035494759623039725,-0.6516935320712981
4177,-0.03816702322309059,-0.04235995962962921,-0.7060577618880297
4178,-0.025641862298235167,-0.05092722984233579,-0.7821655151979287
4179,0.008606648735452605,-0.05267567488835429,-0.8967825779157903
4180,0.010428678042930918,0.05452941264062961,-0.8237200976632816
4181,0.008744967445315888,0.053832877395470144,-0.8224950744054038
4182,0.007850394039705569,0.05151040796981746,-0.8222684736811531
4183,-0.057018009369398985,-0.00018560465210499838,-0.31314296106978745
4184,-0.05338220429344602,-0.004623642329139071,-0.37243218360328245
4185,-0.05011343341020528,0.02719800789353282,0.20020293247295723
4186,-0.05618885676782307,0.006892079096998701,-0.21869305549791776
4187,-0.056340688555236385,0.00414514782557926,-0.25724026312722864
4188,-0.05677866436355667,0.0055470179199179365,-0.23808997061589568
4189,-0.05591609420987901,0.011156982112008943,-0.15434042923380525
4190,-0.05369599960276466,0.017928413365775584,-0.031178254746720147
4191,-0.05439106700267811,0.015266540789721523,-0.08215469789445572
4192,-0.054541512354079454,0.01672750922412271,-0.056732787983861964
4193,-0.05257868902507381,0.022056415275511578,0.057352169818429284
4194,0.023758540275147573,-0.050542397482467624,-0.9187903883628681
4195,0.02546395743192045,-0.04925820784538232,-0.9229077526670484
4196,0.02731314229908108,-0.05191372105958263,-0.9252180569407243
4197,0.055044203652879764,-0.014882206068108025,-0.8999589498055346
4198,0.05518723588863988,-0.01040585711208082,-0.8940084871102204
4199,0.05613996324678793,-0.009096201880875659,-0.8923126370289992
4200,0.05702036156730663,0.00015093033807864653,-0.882318651656811
4201,0.0569331421010869,0.012652358349894406,-0.8714283859093327
4202,0.053867110427323346,0.012679503966055848,-0.870766248757
4203,0.055388962649666536,0.01140502790326787,-0.8721173390408715
4204,0.05540466698716706,0.013178794831442417,-0.8707133729964339
4205,0.03495478182568777,0.04719318098209056,-0.8421806272055763
4206,0.032222949271797814,0.048603135036768885,-0.8401439214524089
4207,0.030138414995949336,0.04679012921012648,-0.8396399101721357
4208,0.031944119888759594,0.046818856583981314,-0.8406715441542163
4209,0.030838665248076547,0.048089871853230125,-0.8395508628108856
4210,0.03661162442123129,0.041782518670043844,-0.8453783948374991
4211,0.036187129735060476,0.04357325628956453,-0.8443480426726067
4212,0.035779765173112835,0.044788969152027645,-0.8436070378584151
4213,0.02168938995649523,0.052293188606483375,-0.8324700985267403
4214,0.019085673097858524,0.05317440862546309,-0.8304620536555911
4215,0.020552397786366555,0.053220924474699796,-0.8314482804337529
4216,0.025722288204520622,0.05088917667595845,-0.8354986860540232
4217,0.05383157282528173,0.018801760034361775,-0.8661338073193374
4218,0.048949473324043424,0.02180662436270326,-0.8625041782243924
4219,-0.0071919333826708535,-0.011037731688223475,-0.8386688837266693
4220,-0.004083738246081135,-0.015113996525067324,-0.8466128901462384
4221,0.002404949343114244,-0.00940241678546244,-0.8526214471554912
4222,0.0012773928084627512,-0.009359629220693293,-0.8510629492968502
4223,0.0019108694315428895,-0.0104210462018104,-0.8524916522296211
4224,0.0020609401521787737,-0.008247891911621081,-0.851629106610794
4225,0.0011509993702014721,-0.006909838805164672,-0.8497980040287637
4226,0.002042182163716557,-0.005954362712685723,-0.8507190032248161
4227,0.004754359304554124,-0.005488316826440267,-0.8541714162098666
4228,-0.02162021971924778,0.04903522752347535,0.18855037429655516
4229,0.04765608084341764,-0.030155977974927937,-0.9350591254110842
4230,0.01059390910768862,-0.0537842878619221,-0.8989486323176121
4231,0.006208533187397058,0.05004667504116941,-0.8212138348745686
4232,-0.05113932112247059,-0.001873851401182396,-0.344516396308433
4233,0.024756367281614698,-0.05136491577144025,-0.920387245332411
4234,0.023435099784275853,-0.051862623143750564,-0.9176175413618277
4235,0.051874926025064126,0.00875477590204749,-0.8735809367381244
4236,0.047728176290751684,0.018477226954193692,-0.864485776714084
4237,-0.0050368361760560545,-0.011637691478821988,-0.8426736989815341
4238,-0.00883557012376268,-0.012941954610824456,-0.8371343696838501
4239,-0.018282224557280864,0.04777987358919775,0.13355499829160922
4240,0.008117361398336484,0.04955825278396984,-0.8229926283602667
4241,-0.052687027405623706,-0.0029010615531413625,-0.3535042919174308
4242,-0.0510271982574212,-0.003722364070863955,-0.3681267175931313
4243,-0.05313172344501431,-0.0005514580496567651,-0.3229077817427834
4244,-0.047993036242124615,-0.002610668010942891,-0.3646701516841107
4245,0.053325229194671864,0.01048658332172602,-0.8724319841833161
4246,0.048854856825178615,0.01995263363497637,-0.863786869433999
4247,0.04701907240907338,0.020186620386798304,-0.8629636766051576
4248,0.050041670056234444,0.017878441918571193,-0.8656954889649081
4249,0.04451334572131408,0.01814540063867984,-0.8635307904364735
4250,-0.004285409595195031,-0.009852279013153335,-0.8428404435146275
4251,-0.019757597735978967,0.04892239923798677,0.15677024399537612
4252,-0.020002604702495257,0.047082158586494983,0.1614360123993011
4253,-0.017457330552026938,0.05036893750302503,0.119803744202768
4254,-0.017938521317345645,0.044462534481701656,0.12323814074094536
4255,0.008768605680675251,0.04661500874362623,-0.8244021867919225
4256,0.05020135986252526,0.012421917501115211,-0.8700279737194447
4257,0.05414772673414129,0.008324599917996282,-0.8744453359688895
4258,0.05130122157988652,0.010708407378693488,-0.8717577581162056
4259,0.05242460102167733,0.005439770994698176,-0.8766766865898948
4260,0.05204513115084654,0.012395648083563571,-0.8705472567865429
4261,0.04632526633150103,0.008186112835229922,-0.8725294623308161
4262,0.05405707735863218,0.004603859724637738,-0.8777511191685526
4263,0.05391112597631249,0.006508891826220003,-0.875998587343826
4264,0.049047322156381336,0.008985473177967888,-0.8726465974595822
4265,-0.0004356166200698854,-0.05495829381974387,-0.8905064679563508
4266,0.0007821916899650573,-0.05541962224127335,-0.8909429890465579
4267,0.0008639854146954755,-0.0542493527296895,-0.8907758035555554
4268,-0.0004356166200698856,-0.04794658480422158,-0.8884298144096866
4269,0.0007821916899650586,-0.04840791322575106,-0.8890359039010601
4270,0.0008639854146954755,-0.04723764371416721,-0.888558233986435
4271,-0.0004356166200698839,-0.028914803190661063,-0.8723100444035443
4272,0.0007821916899650582,-0.029376131612190545,-0.8733620872011741
4273,0.0008639854146954751,-0.02820586210060669,-0.8718717657286982
4274,-0.0004356166200698843,-0.021903094175138766,-0.861648522247353
4275,0.0007821916899650572,-0.02236442259666825,-0.8631025107279822
4276,0.0008639854146954755,-0.021194153085084398,-0.8612130370525217
4277,-0.0004356166200698865,0.026911457757654692,-0.4095797423642693
4278,0.0007821916899650575,0.026450129336125214,-0.6186489881198671
4279,0.0008639854146954764,0.027620398847709064,-0.6305036542510415
4280,-0.0004356166200698854,0.04193654850520247,-0.3674301907397226
4281,0.0007821916899650573,0.041475220083672985,-0.5943573392711187
4282,0.0008639854146954755,0.04264548959525684,-0.6081919224678223
4283,-0.0004356166200698852,0.04494156665471202,-0.36234037523500573
4284,0.0007821916899650573,0.04448023823318254,-0.5911375406611673
4285,0.0008639854146954753,0.045650507744766394,-0.6054380148678191
4286,-0.0004356166200698852,0.04794658480422158,-0.3587836604706785
4287,0.0007821916899650575,0.0474852563826921,-0.5887522008781689
4288,0.0008639854146954753,0.04865552589427595,-0.60346273801615
4289,-0.0004356166200698854,0.050951602953731134,-0.35668759264202987
4290,0.0007821916899650573,0.05049027453220165,-0.587170303619987
4291,0.0008639854146954755,0.051660544043785506,-0.6022196735255397
4292,-0.04150099637925755,0.038020021885093847,0.7095625195287485
4293,-0.04188166934303095,0.03618553086375019,0.6145771177273106
4294,-0.038070411091088684,0.035187187044506185,0.4782334799810111
4295,-0.040098233813219544,0.03521987502071642,0.5247841071261451
4296,-0.042670307546484085,0.038646682906418504,0.7912227764006411
4297,-0.03915108912413753,0.03106161127415779,0.3422691431405101
4298,-0.039056811021007005,0.036910222962379016,0.5749620693591577
4299,-0.039115705344367174,0.03325667015916555,0.42324808756052035
4300,-0.041767748361938535,0.031636923620407244,0.38942031672467486
4301,-0.03594033446870264,0.03755047279311712,0.4992223339152199
4302,-0.03743467095466051,0.03912830657119888,0.6067169592303542
4303,-0.03464989003830336,0.03208686774380259,0.30530528939002455
4304,-0.03673961819628137,0.03321836825075787,0.37871103313815835
4305,0.019347364207384646,0.021111182002160268,-0.846022645859017
4306,-0.02758950389409452,-0.007669535982005013,-0.6210613834126618
4307,-0.021385424321849162,-0.01904379515422249,-0.7465684370085539
4308,0.027021215430114962,-0.009479262839527198,-0.8803056099572619
4309,0.007752514302304548,-0.02453872539057691,-0.8737953967460204
4310,0.006845305741632153,-0.023122276466406116,-0.8706030621334738
4311,0.004121796622805763,0.04594323937121521,-0.82053206008248
4312,0.026547360213598072,0.013644518190371008,-0.8578686623129262
4313,0.027340212881564352,0.004139854341808546,-0.8672828049131724
4314,-0.024799408330311655,0.016610977015948276,-0.1283612169986451
4315,-0.028751854331710045,0.008016612965961374,-0.30148692346283484
4316,-0.017479761213850423,0.024194899439027723,-0.04563460015645477
4317,-0.005953475740389572,-0.023093660314587792,-0.8467739296715233
4318,-0.008718542086000248,-0.024702839449749093,-0.8344911920790437
4319,-0.007719337594311976,-0.02323957291308266,-0.8390350017385445
4320,-0.004121796622805764,-0.029916475907164244,-0.861830596437819
4321,0.022990124323773953,-0.019036527901256352,-0.887770419457419
4322,0.012481173477565792,0.022527558501304255,-0.8383869327626474
4323,-0.0014940552659545928,0.018478758547794898,-0.3622227918389706
4324,0.04113535720134539,-0.03736256307189629,-0.9664916785215811
4325,0.040635251306673975,-0.039311713213156255,-0.9747891327517124
4326,0.04066874065540593,-0.034554264756432,-0.9515280612770051
4327,0.04192742840302235,-0.03959750517830257,-0.9820013527514826
4328,0.012005826260778096,-0.008539617187092525,-0.8632396144446056
4329,0.01355113239149342,0.0036625118464219397,-0.8490818161737157
4330,0.013277991705839773,0.005417340815045435,-0.8421903315313125
4331,0.01068562879558159,0.00495364777318665,-0.8315451198601577
4332,-0.010770581527973727,-0.010052835393825316,-0.831746138300219
4333,-0.006232613593203697,-0.053455784744989084,-0.870338660376137
4334,-0.008077098571789582,-0.05391556875016513,-0.8623153613690144
4335,-0.007932896162097454,-0.05056446499726406,-0.860628376406276
4336,-0.0034873265541406464,0.0063281130582236115,-0.6634471446943975
4337,-0.03158534324731517,0.04832001014700832,0.42687714466528964
4338,-0.03244650189470376,0.04936764690878072,0.43949090190180795
4339,-0.03293704770747109,0.04426889538870163,0.5011147036586574
4340,0.00334455900136655,-0.0035497024459189867,-0.8518315770088937
4341,-0.008940075526203657,-0.04156037036303557,-0.8476409550493944
4342,-0.006894417258366536,-0.04749730563223604,-0.8633190225357086
4343,-0.00856390695781905,-0.031633691653076786,-0.8396916726349986
4344,-0.006894417258366631,-0.036478905750701084,-0.8534848219458084
4345,-0.008292746245402405,0.04243738486345406,-0.010485969873405141
4346,-0.006894417258366635,0.03837913681117518,-0.040540799920538606
4347,-0.005383072061899848,0.04570667315648143,-0.033660946892884014
4348,0.005383072061899848,-0.03969663685746232,-0.8877305933395347
4349,0.007564301632275118,-0.041559757351588976,-0.891438872000577
4350,0.00882272038600766,-0.0348892509180229,-0.8875382240250742
4351,0.014890507510478612,-0.0025407720326483664,-0.8640557426871982
4352,0.014047612403581074,0.007720773509397282,-0.8412359980044899
4353,-0.006872085758090441,0.014235175599945991,-0.3323332661514137
4354,-0.01174529649002592,0.05388713129761562,0.04206479372283381
4355,0.013987625300796612,0.052396026805973786,-0.8269773398626132
4356,0.0334107418610338,-0.04554021146887529,-0.9505746518818063
4357,0.03266183911458403,-0.03548582060002987,-0.9340554143213374
4358,-0.026498721967035788,0.04391048846418542,0.29151771249107566
4359,-0.010699816412468179,0.00661097339753981,-0.5413423364674533
4360,-0.009246185094348682,0.004701854862924031,-0.6394000409470308
4361,-0.00665964561146193,0.005429309908465612,-0.646841931158311
4362,-0.0069278425075589,0.007453394340957725,-0.5735706518284714
4363,-0.019064092960691326,-0.0507617125462422,-0.8101741308383322
4364,0.05767373703789805,0.0068868242082569826,-0.8762383068302759
4365,-0.0051981517559991685,0.04914234573005631,-0.03046007580832956
4366,0.006085295894740952,0.007807918580681235,-0.7755932681491271
4367,0.010286686055486275,0.0076232728080471695,-0.8176326960766214
4368,0.00857172097894739,0.006728294693393561,-0.8082146703515267
4369,0.01652700427539002,-0.05109561114168935,-0.9064348842925956
4370,0.018781445291929877,-0.05012075839412863,-0.9099500064317776
4371,0.012062973879998582,-0.051311068728785894,-0.9005097365979337
4372,0.010316295758898687,-0.05194647493907645,-0.8985338788427247
4373,0.012201594283646512,-0.053066321381669224,-0.9007499023313219
4374,-0.050845997885339084,-0.009370267551633457,-0.4332484476626081
4375,-0.05158696442465298,-0.01916040994025411,-0.5204633948473628
4376,-0.048853023288280874,-0.02074553097633229,-0.5438602331198515
4377,-0.049589033452837925,-0.02227446424520849,-0.5521069415848998
4378,-0.05424148349462419,-0.010166200329787253,-0.4304242399493562
4379,-0.05275124287396575,-0.014749913831071342,-0.4788993162337221
4380,-0.009607579467743294,0.04948559485072143,0.017842657959883736
4381,0.045006017527242495,0.025462290390832833,-0.858520140003862
4382,0.047952700881716236,0.027321661880977934,-0.8584917871280437
4383,0.04504953593122742,0.031164595258574814,-0.8549815430041214
4384,-0.004671104782705802,-0.006369969260635311,-0.8404502659077596
4385,0.045514419001234145,-0.02612083340110361,-0.9238565691697547
4386,0.006703253776635542,-0.05057577710143828,-0.894477372048368
4387,0.009540967602932684,0.05101169397473175,-0.8238081659016441
4388,0.012022257589270583,0.05087525555522314,-0.8258489137503675
4389,0.03298411758352283,0.045525856096649664,-0.8417758209015378
4390,0.036411870998297104,0.039440831492814014,-0.8463805319616056
4391,0.03381454748897684,0.04309077526494461,-0.8432781089074097
4392,0.004538866300945693,-0.007479587076928978,-0.8545719313086257
4393,0.007772469944306123,-0.008882776732213993,-0.858988454885176
4394,0.005947775371824785,-0.008660263797661829,-0.8567757524999597
4395,0.006539505827314013,-0.011400705809121066,-0.858790508373496
4396,0.0066633333333333275,-0.004359586123910523,-0.8562120875035379
4397,0.0071194009809194495,-0.006645334884182711,-0.8574029751524137
4398,0.008600502918196131,-0.0046847750037476606,-0.858507020438123
4399,-0.006538694085230447,-0.01344758879121715,-0.8413545960617573
4400,0.006782234135834163,0.04785057139804224,-0.8223268055271726
4401,-0.049311009519006986,0.0030429366884519786,-0.2811234735707615
4402,-0.05411787384607521,0.0008933218429585054,-0.30242101244566305
4403,-0.05154544174473719,0.0015902198118282478,-0.29716264924090713
4404,0.051444747822736836,0.016836088964639683,-0.8669069169867385
4405,0.04908093064840727,0.015119726129077233,-0.8675167849374992
4406,-0.013678714691269382,0.04887943671695349,0.06763013252876726
4407,-0.016501175453449708,0.052541759045766225,0.10330941254422756
4408,0.007402543078236729,0.045641053509854236,-0.8235438528263546
4409,0.012397428636235,0.0429338008841464,-0.8286689004588257
4410,-0.04079832876963899,0.03303066825486715,0.4392748326263284
4411,-0.04160635173310659,0.026132739724270063,0.1950239556955687
4412,-0.0367163596341045,0.03076585099920555,0.299292516872694
4413,-0.0344085475668777,0.03502806726032109,0.381872587741073
4414,0.01755607836536939,0.018409368293077034,-0.8465776468304417
4415,-0.024716914399921436,-0.010859498726290223,-0.6900491114275245
4416,-0.024639578287495707,-0.006325496844953141,-0.6671562908432309
4417,-0.01932978802901894,-0.01653723142712643,-0.7683445615778313
4418,-0.016579834182769364,-0.02482023991483096,-0.7879661839886618
4419,0.0238325007033554,-0.008895652800424786,-0.8762447279458351
4420,0.0061984410266251976,-0.0251002968459539,-0.8726801773992573
4421,0.022867713343108546,0.01323735252068228,-0.8557683706561671
4422,0.024836663144631864,0.004765198085293795,-0.8653063563664265
4423,-0.02266023308933199,0.013589468408901812,-0.19463228405968822
4424,-0.0250656236239374,0.008359086531583971,-0.31370197338238875
4425,-0.016524144629258327,0.02061825549290605,-0.09158999963713504
4426,-0.007749412523780336,-0.0276020988683902,-0.8407928054940471
4427,0.02116786642756516,-0.01581395732269938,-0.8808868644143177
4428,0.01187013504215774,0.02075462311480757,-0.8388321580390488
4429,0.014725542000964854,0.02076227738504191,-0.8419090391847551
4430,0.013381158902097035,-0.009391441030915916,-0.8649068391664795
4431,0.010945420989769111,0.003198780893157652,-0.8417970837518443
4432,0.008738625946649807,0.0046680415965022586,-0.8217741156729808
4433,-0.011880534855478127,-0.011229758223047889,-0.83066892035942
4434,-0.010146364523227308,-0.011727315436351344,-0.834051779870545
4435,-0.006495872328334118,-0.05166500006458248,-0.8680827520315615
4436,-0.00616203045177743,-0.04974062140295443,-0.8684584712955556
4437,-0.00819620365395699,-0.04371924470854237,-0.8535738562169367
4438,-0.006577472162247823,-0.04195389382819215,-0.8603488546889357
4439,-0.012318483075869665,-0.04393204348094645,-0.8329151176851557
4440,-0.010226719115945247,-0.044418888641723865,-0.8439599413276069
4441,-0.010862596093593604,-0.04241385116542176,-0.8385974001212777
4442,-0.012118336551104137,-0.04780922703368571,-0.8382855677940806
4443,-0.011605728046311835,-0.03814785729743369,-0.8298472859702408
4444,-0.010684618219063557,-0.04638628385965131,-0.8437267176136141
4445,-0.014087991683084472,-0.04077798855434505,-0.8199342935961559
4446,-0.010700108964153673,-0.040187822703570686,-0.836956218538063
4447,-0.009747457978477519,-0.04876429982319401,-0.8505487188479481
4448,-0.012723902665162908,-0.04208609650848879,-0.828630502612523
4449,-0.015557806936250907,-0.04367599209255727,-0.8163442802532543
4450,-0.008264796954290348,-0.03887972373395214,-0.8484969171855954
4451,-0.012517597842792081,-0.03977367363150529,-0.8269154056768937
4452,-0.015308401160429889,-0.03713977101749965,-0.8084971486986666
4453,-0.014242733653818134,-0.03880609863060618,-0.8165209026855351
4454,-0.0181032062235559,-0.04010106168969392,-0.7978791748150401
4455,-0.016010855536978556,-0.03993686668833553,-0.808676960621204
4456,-0.016906095438755486,-0.04194234719131834,-0.807002271384738
4457,-0.015222671005125083,-0.04202423331228134,-0.8157550536193511
4458,-0.022268557768450183,-0.04411895598970342,-0.7839769263865819
4459,-0.019797645480310922,-0.04251249368615636,-0.7932252844461277
4460,-0.005261590856615222,-0.046736251295643384,-0.8708800966337716
4461,-0.007986663619701235,-0.033308974561695806,-0.84443576383797
4462,-0.006571694415425471,-0.03173520055392868,-0.8505866809787977
4463,-0.005261590856615308,-0.03571785141410834,-0.8616030315271306
4464,-0.006572546640709237,0.04243738486345406,-0.02929473885803693
4465,-0.013232297336755681,0.04289429188183043,0.050746469858718016
4466,-0.0052615908566153126,0.03914019114776793,-0.05415381767230417
4467,-0.009924378375161047,0.03667389992820494,-0.016329567447301324
4468,-0.00668050682974186,0.03586057553014637,-0.05424986877329064
4469,0.00987340414813992,-0.029782368485324836,-0.8833355285887672
4470,0.006874173493248075,-0.03596299688709818,-0.8862237371867447
4471,0.008664815718800161,-0.03690760359497983,-0.8892057571771088
4472,0.00702619391210298,-0.03393396595460045,-0.8844109491714466
4473,0.014141493252113314,-0.03778754370964161,-0.8974697512908177
4474,0.009059780258717846,-0.03227649891293216,-0.8851471251634053
4475,0.011600085659862971,-0.03612188963074052,-0.892324450914922
4476,-0.007710037092692824,0.01273655580492542,-0.36779542482610417
4477,0.013710698917876563,0.05411534492949573,-0.8263530340635483
4478,0.012039036159247406,0.052964133289343344,-0.8253377697288058
4479,0.035638943589266156,-0.037352110229552045,-0.9479207454666851
4480,-0.02377336868716179,0.044683952680949185,0.23037029740797257
4481,-0.0265197968385567,0.0463309987934762,0.2943311564099732
4482,-0.029154571732908842,0.04062372757252576,0.342867543608257
4483,-0.007615152513504374,0.0038646326839685283,-0.6904826715206775
4484,-0.018957128865616617,-0.052502286335766375,-0.8132193464001517
4485,0.004891354737822959,0.009011917151370903,-0.7507127357208407
4486,0.004579242076658717,0.007116333974479343,-0.7638929830270265
4487,0.019803782901277687,-0.04461486724586025,-0.9111962481192764
4488,0.01365734936069195,-0.051234115781881515,-0.9025048673975615
4489,-0.050304659340632295,-0.007305293189659786,-0.4128223623028675
4490,-0.045012579123392654,-0.009796070007902235,-0.46505866638081145
4491,-0.04685984399224923,-0.006853547349974764,-0.42231330091905794
4492,-0.0486551707222029,-0.006523371579575554,-0.41040505027000024
4493,-0.047396234041916105,-0.004724040213142197,-0.39398329272638044
4494,-0.041391447339896935,-0.0043438346915311826,-0.42303729196456297
4495,-0.04435855622160423,-0.005091203720213206,-0.4139832760078971
4496,-0.05217694725569359,-0.008171112567222917,-0.4158526468168829
4497,-0.009468203702581626,0.05109522127644548,0.016976642936152562
4498,-0.008632038423475267,0.047317562428669725,0.004459243070745073
4499,0.04516820931378593,0.023335512722002818,-0.8600233269554503
4500,0.03935787454490203,0.023961979774518156,-0.8570089960279816
4501,0.0420621191197968,0.021785234382015604,-0.8598006448038703
4502,0.0438653964684644,0.02205901587765258,-0.8603798792873101
4503,0.043263342668727535,0.019948892362195166,-0.861668136709379
4504,0.0377158846662485,0.017631136666790302,-0.8609018362717878
4505,0.04027451742338771,0.019304838998800176,-0.860830096223894
4506,0.04665409822360429,0.024763964832093522,-0.8596407970382807
4507,0.04608580429013568,-0.027686253665261538,-0.9281243826100678
4508,0.00660882143959536,-0.052573961776324986,-0.8947880015961329
4509,0.008202439883977293,-0.05112946989095124,-0.8961287880338805
4510,0.037971639569412484,0.040244890294703003,-0.8468062419702161
4511,0.03092066048012948,0.04102520515432474,-0.8425373859047004
4512,0.008046672449792121,-0.01313556119030225,-0.861433049724593
4513,0.009547791968609675,-0.012370024137828185,-0.8626108202420728
4514,0.00577732184440733,-0.014282755689769923,-0.8596130394726061
4515,0.009095883977260254,-0.007282465563942253,-0.8598179315504133
4516,0.009764262029194098,-0.00918256550856068,-0.8612767519760732
4517,0.010826926760153836,-0.007272015400428711,-0.8616084721972479
4518,0.008517566592053365,-0.010698978496331203,-0.8606485497619338
4519,-0.049008580188451695,0.00013301338699768994,-0.32393654205742245
4520,-0.05206471230545128,0.004833667862895042,-0.24977955292960324
4521,0.048542275655382446,0.016853965518911992,-0.8659893777891374
4522,0.04573675332359358,0.015031797044383044,-0.8664432267975695
4523,-0.011742166349907684,0.04984755814998197,0.043541534853767896
4524,-0.013479282220460981,0.0509014234289703,0.06518586129778066
4525,-0.011508167724631178,0.04695857248351364,0.038066904786732206
4526,-0.015392560548188597,0.050069305219315234,0.09089844232711894
4527,-0.015814063990387,0.04763296938940564,0.09627445035646486
4528,-0.015032253112706862,0.05335631824030831,0.08266764543744787
4529,0.013533986232018088,0.0469670835298844,-0.8281882782555362
4530,0.009734594094087343,0.04280958264843378,-0.8265060508938639
4531,-0.040996812479396225,0.028905071188076295,0.2818357940890944
4532,-0.03212449216885815,0.025859581933010682,0.11399816153633573
4533,-0.03624471826490778,0.034987062205281784,0.42604577269890115
4534,-0.03517607617221837,0.03361054589928349,0.359292625141412
4535,0.016596523725745462,0.016962062777038527,-0.8469268306379057
4536,0.01888819431504308,0.016484441461289884,-0.8495066073290491
4537,0.015262723923461705,0.018666068327789782,-0.8440910639018425
4538,-0.02245981777968809,-0.010839675381699975,-0.7281532173303675
4539,-0.022945034481751295,-0.008290612342222087,-0.7139952689333453
4540,-0.02355791133003056,-0.014317182294719042,-0.7166456550488166
4541,-0.022442977495144796,-0.012757119189095199,-0.7303581502542404
4542,-0.02114696362470737,-0.014861782056671862,-0.7483242551713819
4543,-0.02305936437860175,-0.00560552298062374,-0.7004098859642001
4544,-0.025816919183167194,-0.002898006377597629,-0.5989349248880134
4545,-0.01822862634063901,-0.015194517273174224,-0.7830586798149393
4546,-0.013561013180847223,-0.022677273575284273,-0.8082565366284648
4547,0.022124372419900104,-0.008583025017847218,-0.8739355584234498
4548,0.022587055357846417,-0.01087775827250722,-0.8768548879890319
4549,0.020896602901693113,0.01301924232392783,-0.8545461397743362
4550,0.02214212328602095,0.010778934320346224,-0.8577435506974734
4551,0.02426210139155054,0.0022263477436754242,-0.867284648795946
4552,0.027202785424274813,0.008913791233257327,-0.8626867818664468
4553,-0.02151432132064332,0.011970908972685162,-0.22963718735937405
4554,-0.02015811903207264,0.014145998932011808,-0.18313270197428624
4555,-0.023090986357565638,0.008542542511156725,-0.31446081852147895
4556,-0.023859644128231584,0.006097247802888858,-0.3837533572283757
4557,-0.016012240662878898,0.018702321579799924,-0.11451228908195514
4558,-0.013984594352098383,0.020270425982276418,-0.10260779554150319
4559,-0.006176811887494566,-0.028263940833391225,-0.8494598827494273
4560,0.020191720701469705,-0.014087693162261952,-0.8773526904075931
4561,0.018622262318397417,-0.016114291633220645,-0.8776255535090209
4562,-0.012076448520294955,-0.05112552210543119,-0.8419693811907962
4563,-0.008011046583543261,-0.04882862103470976,-0.8589248615793623
4564,-0.007547034978691616,-0.040485911951747555,-0.853892854434328
4565,-0.0061745724978070834,-0.03890912737821166,-0.8597128422798985
4566,-0.008865993534508124,-0.036945049231743396,-0.8432853278801329
4567,-0.010702034618069347,0.04331975584257877,0.020106816419074712
4568,-0.00872186590541949,0.038081729301567495,-0.022486858094021803
4569,-0.005615273398896362,0.034638193861311936,-0.07054136657061363
4570,-0.008017625132621864,0.0345424923667932,-0.047427521943720456
4571,0.007313774098172679,-0.0303271511638494,-0.8807739074222629
4572,0.013256614739972446,-0.03226579762101774,-0.8907982979421485
4573,0.010982527062384787,-0.033768083769288776,-0.8892213447425137
4574,0.0372337166535765,-0.038351842841112975,-0.9568014595396138
4575,-0.022656304633010303,0.04581814310119068,0.20943142812587748
4576,-0.028537642223673464,0.04651855065253428,0.3467020078041526
4577,-0.02537257264693227,0.045130640520015065,0.2664192177035512
4578,-0.030753909001438595,0.042165007088287916,0.40624270207052554
4579,-0.032330941140551794,0.0389281397032088,0.4142709577802584
4580,-0.028549942394908757,0.04285156316036212,0.3422641143467393
4581,-0.03101765166959114,0.040290898874270946,0.3940883717605154
4582,-0.029572879535082214,0.037584386229238986,0.31407628662613774
4583,-0.028196926629474924,0.04468389341536281,0.33797658859365487
4584,0.019911404176943304,-0.04748271018254426,-0.9119448200074355
4585,-0.007221994272404398,0.04607962053395739,-0.013367236178101928
4586,0.03527436676114704,0.033102885241031915,-0.8491060866161086
4587,0.03274159699227555,0.04153402179002834,-0.8433672368729258
4588,0.032533679594637044,0.03876534719235262,-0.8445563080003194
4589,0.005499419005145027,-0.012667453646137108,-0.8583003140990135
4590,0.00408261582247797,-0.014034459632997608,-0.8574760283692595
4591,-0.04990422275107784,0.001510606390060041,-0.30199312131919964
4592,-0.051085271022651854,0.0033271835639145904,-0.27324239201591566
4593,-0.009949710327537501,0.04617351368356207,0.01781656127318349
4594,-0.010168890762519126,0.047929527409842514,0.022977944185331244
4595,-0.01698352855349765,0.048792040369913255,0.11371386828430116
4596,-0.01713649028992057,0.046222106177310686,0.11400509945779543
4597,-0.015361465420464581,0.04435045855508326,0.08418794368419816
4598,-0.01377210378875424,0.04658713405732041,0.06663028286165983
4599,-0.012334726788896508,0.044911370107281086,0.0444798980746726
4600,0.012171414183409272,0.04868648758815387,-0.8265799359891597
4601,0.010626048128789945,0.04739442495793309,-0.8257172148338571
4602,0.015056571039724383,0.04957328184068105,-0.8285597537852007
4603,0.010523760128903333,0.04503522722132393,-0.8263937492768783
4604,0.013386881495070464,0.049868783498478744,-0.8271911785776167
4605,0.011311895710398121,0.037600731958222555,-0.8298624115530204
4606,-0.04065112729860902,0.03047733072252671,0.33551543236336934
4607,-0.03396510610622581,0.02873885863766618,0.20515656732022652
4608,0.021618713377203447,0.015768746073938356,-0.8524382989568782
4609,0.020041717113797965,0.01870611771072827,-0.848550972318561
4610,-0.025270131809460614,-0.00858240204192317,-0.6695610613120715
4611,-0.022865674181248224,-0.01686158536036877,-0.7288987519952981
4612,-0.019963975873944557,-0.01368493799674559,-0.7647891311889924
4613,-0.023868592136031697,-0.0027617491375738134,-0.6470466976198357
4614,-0.025002551152601183,-0.0005449798617291831,-0.5702427665589233
4615,-0.024730106188945965,-0.004440639948874157,-0.6461817661729015
4616,-0.02726751823092186,-0.005074135801220612,-0.5991549331096783
4617,-0.011943893438902717,-0.02152933099379402,-0.8190230085717605
4618,-0.014120684073334354,-0.020175860080719515,-0.8074961677090653
4619,-0.01132008048014337,-0.02412110214503117,-0.8208272275764035
4620,0.023003557727369037,-0.01366961787006566,-0.8806366393158606
4621,0.02508340821159003,-0.01106399101445141,-0.8800382144122432
4622,0.020596975903197378,0.010266153803624025,-0.8572606879541416
4623,0.024945796380556884,0.01128773024792832,-0.8590465189108234
4624,0.02401818216782115,0.00022941903578860918,-0.8687826501778071
4625,0.02401213229311471,-0.002209943061906399,-0.8706174193270722
4626,0.025779899040290086,0.003217297313839364,-0.8672403786962266
4627,0.02794000723268758,0.0013446745032072557,-0.8702466273098285
4628,0.02542567205473224,0.007178308364520349,-0.8633233002612568
4629,-0.018960845691464986,0.01304283945086387,-0.20137643210462475
4630,-0.02196173589235692,0.016351995835510773,-0.1418723011469898
4631,-0.026708335010630566,0.006030792001895475,-0.3659170487693878
4632,-0.02474177035152129,0.0038905851653779867,-0.4451931110256325
4633,-0.013245392921203558,0.018819906924304595,-0.11642673673216669
4634,-0.011430155988770377,0.024748432062152922,-0.08057159568547653
4635,-0.014909021647465763,0.022965772025464286,-0.07425953185299718
4636,0.017542835287209752,-0.014895578550777605,-0.8744531763930263
4637,0.017314228336529645,-0.018045738935342958,-0.8782538790800605
4638,0.020193255881210445,-0.018491566405422797,-0.8830731877194923
4639,-0.010005482865038197,-0.050839007622414584,-0.8511676223040519
4640,-0.008769782431709967,-0.05220710716474471,-0.8579762960258563
4641,-0.011404965508541875,-0.04945862854303813,-0.8433795990691356
4642,-0.01153758972261952,0.04055230505494345,0.02067524581830132
4643,-0.010756767386115397,0.03860237798734431,0.0027776360393846353
4644,-0.016400006870193808,0.03747391634849443,0.06757029141676318
4645,-0.013683112514272353,0.038561860525625866,0.03804761144910973
4646,0.008079435949833107,-0.02763904074135875,-0.8783847770651803
4647,0.0061383004320956025,-0.02858798497847409,-0.877278834825712
4648,0.007254045535886796,-0.032137260991164616,-0.8827788203585195
4649,0.011163979112143257,-0.03157041233918708,-0.8871099801394683
4650,0.013286861422559117,-0.028678379780420742,-0.886645382100921
4651,0.011758407635391608,-0.029781587728645063,-0.8858563168283349
4652,0.010914123551344246,-0.02700145131926723,-0.8812346359947711
4653,-0.024609626176462604,0.04675828569935991,0.24980233441004862
4654,-0.006347643334771818,0.04747844093145903,-0.020490617909759194
4655,0.03643130357786379,0.03616629379445994,-0.8480576899773742
4656,0.03453228140632396,0.03876144397265452,-0.8456939188095396
4657,0.011929436846035946,0.04615609746325173,-0.8271686270369512
4658,0.01118110931630802,0.04040436643127813,-0.8286200868440546
4659,-0.034951084782510446,0.030281227396414933,0.259804616803091
4660,0.020497844077526493,0.017058990702463358,-0.8503579240751461
4661,0.023908953170224533,0.018890323934485715,-0.8514731734459444
4662,0.021996178550782394,0.018360633100029545,-0.8504373314397581
4663,0.022229616343745404,0.021236132500373137,-0.8483180746339745
4664,-0.02104970839666219,-0.017222919325707436,-0.7492849960015258
4665,-0.030066055508438858,-0.017454173007001705,-0.6528126740466482
4666,-0.026337970654569536,-0.006507128467712035,-0.6331975195938258
4667,-0.03437092946204344,-0.005510558617708628,-0.5011152738550712
4668,-0.013019028352617043,-0.018977202929576095,-0.8172038553589395
4669,-0.017295289098068337,-0.019172640459982425,-0.7845047848976292
4670,-0.017074587201764982,-0.01702230972699058,-0.79028715355206
4671,-0.01632441522777133,-0.021982244623366134,-0.7897402756909808
4672,-0.009798507770429822,-0.02342453400927092,-0.829173647659883
4673,-0.013809880320844594,-0.02552449848289364,-0.8061344911701056
4674,-0.010584178560434265,-0.0269380661633493,-0.8253413683041132
4675,0.023748649578137902,-0.012131464001847756,-0.8797213230855483
4676,0.026774510299349595,-0.014546751468139177,-0.886366565460315
4677,0.025534875937830222,-0.012996723799150907,-0.8829192776692734
4678,0.02827025125432246,-0.012079820378672619,-0.8847312834340452
4679,0.023415846800314014,0.011739287352052354,-0.85761920729697
4680,0.022351879776756293,-0.0023466056421048687,-0.8694229394595614
4681,0.025926812148597704,-0.005606654702461808,-0.8751643648892066
4682,0.026391098432482656,0.005664220455676317,-0.8653142403880068
4683,0.029582039166686162,0.006593336368729715,-0.8662473908340297
4684,0.025158204531447015,0.009229804540960826,-0.8611711748281856
4685,-0.021615389758038485,0.014794852973852638,-0.1710614925948086
4686,-0.025300722907420824,0.006781310291657729,-0.35552946110372485
4687,-0.012132714333381468,0.02218161890720236,-0.09445709979747792
4688,-0.015125486695483688,0.021385331447854105,-0.08829429957782867
4689,0.02000634856322373,-0.01690735834116696,-0.8806729493801713
4690,0.017933185404966776,-0.023567575484822592,-0.88676669896035
4691,-0.009868719525677689,0.0414148918578133,0.004154466521254925
4692,-0.011805051729180643,0.04214291955182427,0.030001681904084844
4693,-0.01679594930678381,0.04105040907174744,0.09336267427006965
4694,0.008408667144843741,-0.029185914556102924,-0.8807431221300519
4695,0.03705105061331367,0.03780729816213721,-0.8475334103442534
4696,0.011106802690044673,0.041997258569774217,-0.8279500824806215
4697,0.009315639179647664,0.0409200392891145,-0.8268470696836865
4698,0.007598517682401032,0.038340321954034494,-0.8263701188549089
4699,0.02082913015563023,0.020236210960017608,-0.8479642589997906
4700,-0.02652085915565192,-0.016489657341909904,-0.6863207311865939
4701,-0.031085549986778104,-0.0009575048853627324,-0.47266651868343906
4702,-0.03077843503948395,-0.0059562439142020135,-0.5521596792981794
4703,-0.015498769640073282,-0.019012200652180268,-0.7993834336882074
4704,-0.014767708347916617,-0.021633944140186427,-0.8012600517665236
4705,-0.012934916530290809,-0.02416648755883533,-0.8114739265101957
4706,-0.010226856026329528,-0.025340114159881456,-0.8267678704706927
4707,0.02679990761118816,-0.011185787817149902,-0.8820662907873442
4708,0.024410149742003312,-0.004223581307160084,-0.8725488499252421
4709,0.023173565721223827,-0.0062035967289110735,-0.8730018948602525
4710,0.026831962789465976,-0.0030909629124865165,-0.873565647454052
4711,0.02310744154879569,0.008947715073435834,-0.8602298847678781
4712,-0.01025528919440841,0.021263409905420704,-0.10958529429991246
4713,-0.008449706809189652,0.023812651803473136,-0.10631912719628925
4714,-0.013162360738204017,0.023842996427216663,-0.07622860267874931
4715,-0.014735374174730009,0.028962029363761056,-0.019644600552876274
4716,-0.013473802392336455,0.026548494321739637,-0.0513201311093168
4717,0.017030958013518373,-0.0208730999763079,-0.8817070636421835
4718,-0.01671221379903692,0.042975809918551953,0.09988206333751025
4719,-0.014995643740869332,0.041936635194602376,0.0713047832658934
4720,-0.015131609347935981,0.03994113003969394,0.06440201240091804
4721,-0.013433415678499818,0.040827806677562674,0.045710980758889914
4722,0.00617018332174387,0.03669523720493225,-0.8257742689518862
4723,0.009194122974000154,0.034575220001480736,-0.8293264734032962
4724,0.008200698522928809,0.03637486879035944,-0.8276955398061393
4725,0.007349411027037873,0.03473093482766543,-0.8276324416673334
4726,0.007209579592728764,0.03256968059250356,-0.8284249448220082
4727,0.010056700849360658,0.03622538636857291,-0.8293677228706361
4728,0.01438928518805833,0.03353174136054504,-0.8342714353050251
4729,0.01247297317206001,0.03528064360935231,-0.8318501183700167
4730,-0.024621771065463365,-0.01597298632284598,-0.7069287739070397
4731,-0.02502321594563127,-0.019918253205726152,-0.7122566431150206
4732,-0.02453202733712658,-0.017975175725805547,-0.7126723142548206
4733,-0.023239279740174545,-0.01933559037301372,-0.7285836988881974
4734,-0.022561636406091646,-0.024432594149818087,-0.7430228283292989
4735,-0.021909003205147857,-0.02175227898213372,-0.7442797725529449
4736,-0.028683596157013037,-0.0025586375663440865,-0.5364962845333561
4737,-0.028852120253711963,-0.00619522276161376,-0.5845830820483602
4738,-0.02959974133181666,-0.0043383796158913595,-0.5484789257158792
4739,0.028255889359028993,-0.0010904506678488196,-0.872731964094893
4740,0.031393205280441,-0.006152789892628608,-0.8803026844943453
4741,-0.009662130143469727,0.0288158341765887,-0.06623804042649714
4742,-0.01622576359728782,0.026646508551519354,-0.028537407415669364
4743,0.011419915820387214,0.03220246021203052,-0.8323334546223184
4744,0.009255673540603205,0.031708760224880526,-0.8306347308969327
4745,0.011113134066050427,0.02720413001375796,-0.8344549439808225
4746,0.00965749736801885,0.029239178027833667,-0.8321133153291406
4747,0.017769530474656802,0.039159877567536895,-0.8344203693219459
4748,-0.024474336464145582,-0.022547255675893257,-0.7236178409971927
4749,-0.019514263180535833,-0.02375498995394634,-0.7659766773614177
4750,-0.019394704740487927,-0.02083347114636407,-0.7655269865182789
4751,-0.02733647675954112,-0.0034566218929983454,-0.5755440000297816
4752,-0.027063314752378526,-0.0011491993777410755,-0.5399703697343007
4753,0.034657831823632586,0.0009780537838037827,-0.8746203773917152
4754,0.02975516081384888,-0.00366462162408033,-0.8763599182397589
4755,-0.012202774376187425,0.028749353380307482,-0.044304387362362745
4756,-0.015616749274999514,0.02478848350307643,-0.05179731733884889
4757,-0.014821902133591459,0.027380316836111612,-0.03303130232111049
4758,-0.021718255151579997,0.03181916771488397,0.08890541277110607
4759,0.012615622860608503,0.03351262364189203,-0.8327724689091343
4760,0.007377876244932175,0.02762499612348016,-0.8306762865258646
4761,0.012362662083235044,0.029636017669934567,-0.8344079717300371
4762,0.013524177365559106,0.031506781361696365,-0.8345161906588008
4763,0.017982993078494634,0.02744244127648549,-0.8405669137670745
4764,0.015376399529501808,0.029060816838987043,-0.837393541967034
4765,0.014673041542029322,0.03783222972056251,-0.8325487684963587
4766,-0.02352679907253661,-0.021068329109792512,-0.7287889120763877
4767,-0.029247934323360168,-0.022172082419087306,-0.6816565640654358
4768,-0.02120481445786529,-0.023343355566772264,-0.7521505927776841
4769,-0.019329348309377888,-0.018758761172204454,-0.7663687741029233
4770,-0.017658588510740057,-0.02087072796373088,-0.7800506772471556
4771,-0.026833070879633696,0.0017993347951717185,-0.4764438572770101
4772,0.03126489577841399,0.0005379253397947762,-0.8730783881291354
4773,0.028423309591007168,-0.0027166352530932484,-0.8744161715000973
4774,0.027989329986297322,-0.004928069155292144,-0.8762723706139839
4775,0.027601893276051292,-0.007224218798421306,-0.8783306114398968
4776,0.02971506377408222,-0.005474292736201472,-0.8782446952445083
4777,-0.01141430645456592,0.02682655364058793,-0.06528803926586693
4778,-0.01099376359835338,0.031125680915436087,-0.03857604530954776
4779,-0.018491967599428616,0.029742561529167495,0.025771438704303398
4780,0.00924450060980479,0.027405647555952366,-0.8325572483369551
4781,0.009911302635223359,0.024824276337584848,-0.8344403776874171
4782,0.010848898730738094,0.030536331679578137,-0.8326041577737874
4783,0.013517800377542672,0.027505542370922353,-0.8365561775179912
4784,0.013040758014261378,0.03701536099396588,-0.8315635786397502
4785,0.014735321857045378,0.03566851468225285,-0.8335642461758669
4786,0.012975794076666939,0.039184438500915623,-0.8305983103076118
4787,0.02031846927627353,0.03366795407326897,-0.8389780256804437
4788,0.016942143276459078,0.03681478962677872,-0.8348192516193393
4789,0.015379260187210505,0.0404599205249138,-0.8320123354079406
4790,-0.02680632895036328,-0.021662327443072386,-0.7007088792456005
4791,-0.027247320807081046,-0.02727338245557778,-0.7145867726615507
4792,-0.02538442029525456,0.0010436668803251278,-0.5205478738726583
4793,0.029447370374163596,0.0003021576691229803,-0.872179659691038
4794,0.03061846994976751,-0.0016023050312666716,-0.8748333747375148
4795,0.03321790658331579,-0.0012196905109821228,-0.8760912764271147
4796,0.025546989583427538,-0.007676086642193486,-0.8768308631507923
4797,0.03017603045456532,-0.00908934850291512,-0.882779060283587
4798,-0.008876663972734894,0.026357681810910395,-0.08837910548114478
4799,-0.00859781701396615,0.0309681825093462,-0.06224257112068017
4800,-0.013078748494156966,0.03440471721174991,0.005704101625322994
4801,-0.016763712333398646,0.02863016670448991,-0.003340675738136012
4802,-0.019381406389934994,0.026714104934833387,-0.0005021123584236448
4803,0.008188918512275023,0.025756169400935038,-0.8322531077606207
4804,0.008409706780154406,0.0239785970874258,-0.8332583804773113
4805,0.010677298136962015,0.02309525899166094,-0.8361295007643644
4806,0.012423414845209911,0.025049044670061967,-0.8368676914013577
4807,0.015739997673145482,0.026738128455075144,-0.8390309018035259
4808,0.02024090839081881,0.036969430943647935,-0.837286712332111
4809,0.01606194096492201,0.03886769599224224,-0.8332166287959147
4810,0.0192982999615476,0.044818093788905895,-0.8332865076027508
4811,0.013457958395406547,0.04117810538244637,-0.8301905339921309
4812,0.015450649916463699,0.04357994766502658,-0.8308617208261427
4813,0.01362950967124404,0.04478528199873388,-0.8289965422217263
4814,-0.027644486633269443,-0.01902185880228629,-0.6839736734750372
4815,-0.02526351368865021,-0.02526078469497972,-0.7237246193105178
4816,0.032995248865308795,0.0004967706890501504,-0.8741661465833369
4817,0.032773190519376036,0.004376188431656096,-0.8701629242975595
4818,0.032174751003720685,0.002395869485867925,-0.8717721506814432
4819,0.030197434014850505,0.00407398356878229,-0.8689979293705312
4820,0.029659861059678997,0.002220393477587633,-0.8704594264137103
4821,0.03985828215348842,-0.003999773736172392,-0.8828799307698807
4822,0.029479908408517278,-0.007341195617448077,-0.880121326570482
4823,-0.009744242952466774,0.024903807346305144,-0.09093844576299184
4824,-0.00677506943962548,0.025401919312534143,-0.11032118171479793
4825,-0.005565086327582592,0.02396562018982424,-0.1271597224363876
4826,-0.006865023567781358,0.027992566746067513,-0.09513997686929959
4827,-0.007947698795004184,0.0324575182230279,-0.05962865965844408
4828,-0.006372751754873288,0.030883468110289268,-0.08312471089267595
4829,-0.007535983679999846,0.02959418343415495,-0.08004402351114505
4830,-0.011437439979820128,0.03314595802478081,-0.020560249171969518
4831,-0.010479565875878168,0.0348235769822241,-0.02041071489006533
4832,-0.013870910975332162,0.03167236997194198,-0.005577122214463258
4833,-0.016365339879456726,0.03114782813593628,0.01662619518259764
4834,-0.017819969260270612,0.025915430126098694,-0.023312397676148178
4835,0.01512274163941143,0.023849472412642216,-0.8402122141505034
4836,0.018560101353741764,0.03756244845951499,-0.8357376153509553
4837,0.018644104547707673,0.03525617639302908,-0.8368905796166315
4838,0.016564552363545183,0.03427587672511884,-0.8357109760268273
4839,0.016264567281251308,0.031601343629557285,-0.8368056405181595
4840,0.017747383615210922,0.041966565506761165,-0.8332347220985687
4841,-0.02620743205665057,-0.018144133432544434,-0.6953493276644641
4842,-0.0282857126627474,-0.02067866317697436,-0.6840637443088798
4843,-0.030927242175690237,-0.02003339819786154,-0.6575979873654286
4844,-0.024136206545443344,-0.024117117142400852,-0.7298350588614325
4845,-0.026178557323804315,-0.02352313907642299,-0.7117247856030247
4846,0.03131441704323453,0.005681662444132393,-0.8680930145395201
4847,0.03556056652195188,0.008958655297630621,-0.8672717277278584
4848,0.03203021958834427,0.009143625799606925,-0.8652309553907565
4849,0.03374160875925666,0.0069261005986609525,-0.8682339481715013
4850,0.03117355113653341,0.007515770232596416,-0.8662756482651434
4851,0.029599615412935754,0.009383404212467885,-0.863639734447553
4852,0.028790917050713568,0.005065254573518731,-0.8672454107480989
4853,0.036796096305884235,-0.0019934808735463144,-0.8789974727125393
4854,-0.005262179230899721,0.02791313047415788,-0.10919315407617701
4855,-0.013371301954572345,0.030019989080496117,-0.023713989715612532
4856,-0.01558948544938166,0.03365162486253245,0.029164608086667876
4857,-0.01889391739239245,0.03266261769481946,0.060973144937566705
4858,0.01348991363409415,0.023812069902317927,-0.8386358247958823
4859,0.014925780272505827,0.030643868303642085,-0.8361641871224242
4860,0.01758728195793659,0.02971340774837435,-0.8389263265197513
4861,0.02231662250679449,0.029367526219376765,-0.8428924769037346
4862,0.018674850182892593,0.03188269776375774,-0.8386292316597017
4863,0.019908617356625087,0.028947936398004137,-0.8412604627420315
4864,0.01817050081773643,0.03356498058223691,-0.8373562657480451
4865,0.01698078199526544,0.04055708510146665,-0.833224925506753
4866,-0.029416237444462666,-0.019104528004474847,-0.6671000385706565
4867,-0.03744471748553567,-0.016423870265023663,-0.5792344111501672
4868,-0.03584890169685215,-0.025626558652393296,-0.6480332947370524
4869,0.0367121433204218,0.004339084892797238,-0.8722736811276792
4870,0.033778227112972486,0.008723511382483813,-0.8665652065899068
4871,0.034035952297253425,0.013642454156160347,-0.8623008910335928
4872,0.033450593743239214,0.011206900613320392,-0.864127426721963
4873,0.028627335566013944,0.0079944398805677,-0.8643818338284086
4874,0.027954458068351097,0.01142869965721313,-0.8607737168678006
4875,0.035155746916334205,-0.0009187514363888268,-0.8769041178131558
4876,-0.014866198823921581,0.035802080400038384,0.036455068843748634
4877,-0.012831254066474994,0.03656320063419431,0.016337390583435016
4878,-0.017992819789116578,0.031298962476445646,0.03658085434435588
4879,0.021015203164164487,0.03137725945046114,-0.8407417942627782
4880,0.021314240792307745,0.025165808682680237,-0.8447738635538542
4881,-0.033851002376833916,-0.017623788577112595,-0.6180572076025944
4882,-0.03286900609649984,-0.023286726511149287,-0.6574902081467198
4883,0.03610517509015377,0.006641097517495377,-0.8697285558568488
4884,0.0363367815815507,0.011801356076230599,-0.8650992391564756
4885,0.027870110638342042,0.0064829920729298435,-0.8653787801489987
4886,0.026419647289653743,0.01200873773297545,-0.8592897596968623
4887,0.030729096497960556,0.011976214062306853,-0.861916780358594
4888,0.02707985051495141,0.033878232867258225,-0.8436996833465362
4889,0.02001040208379276,0.026833501547304114,-0.8426290640210552
4890,0.018163467408265476,0.024363807935567812,-0.8426748958997582
4891,0.022173615093409278,0.02718121750551941,-0.8441261176080057
4892,0.026262173044572866,0.024246924462309836,-0.8491048653197553
4893,0.02389067631326129,0.025258135350612117,-0.8466960168273059
4894,-0.03192592379632001,-0.018266559907365115,-0.6393225448261164
4895,-0.03127273788410996,-0.022033327006497384,-0.6641776365094336
4896,0.03474921273297922,0.0050525474324861815,-0.87056818304866
4897,0.034339972836776755,0.00302345413136133,-0.8723595470158203
4898,0.04131061511829762,0.0067825825987422265,-0.8719857630257517
4899,0.034754124974001196,0.012181730215825973,-0.8639496403441553
4900,0.029485193579003456,0.010975666181397913,-0.8621005654284056
4901,0.03186068076024818,0.010780873245087991,-0.863638392771177
4902,0.03241555559279036,0.012743779691384325,-0.8621971550254393
4903,0.0308048517719484,0.017558236949802512,-0.8571687899864131
4904,0.030474909357148364,0.0147711892030353,-0.8593093860166281
4905,0.024279626361355826,0.03206492460284607,-0.8427696207996231
4906,0.017249434209450156,0.025854832386516334,-0.840911569301443
4907,0.02266705093696371,0.023409479663027068,-0.8470488205076013
4908,0.020433836775322047,0.023088513995222097,-0.8454835120167012
4909,0.024931708768478972,0.02182297144522489,-0.8499196505489733
4910,0.03872450584333762,0.006100707029051097,-0.8715118011575668
4911,0.02872248424217733,0.013471094368797962,-0.8593910920998628
4912,0.022779604413129675,0.031093573008715476,-0.8422303598441401
4913,0.026680005769858416,0.028513256140278623,-0.8465643521376713
4914,0.02470441981754613,0.029765042249702937,-0.8444113754401756
4915,0.024581664164360167,0.023592215122841865,-0.8483654056407789
4916,0.04118242390599622,0.0012627342563521792,-0.8774993199909772
4917,0.039174383106533914,0.009639513934004931,-0.8683923347431282
4918,0.025798507105291257,0.026445961151805714,-0.8472792070392833
4919,0.02951757868594246,0.026081725566912003,-0.8500197077986309
4920,0.027715464218341403,0.026850150733830704,-0.8483325213489992
4921,0.029835092258418617,0.02932373637761218,-0.848134061155144
4922,0.026990124813109948,0.031187531689072217,-0.845157897114612
4923,0.04065172889458622,0.004036471656752262,-0.8744019872451632
4924,0.037572894990915755,0.008208768944386638,-0.8689636845092847
4925,0.037301423820312866,0.010124313348338508,-0.8670725019162043
4926,0.03966490069089277,0.007779156809000433,-0.8703350465827951
4927,0.02594017880296691,0.032569390417470166,-0.8436467145064628
4928,0.024231820538862265,0.03520754420964476,-0.841046175471437
4929,0.028054487836407682,0.029708985093463404,-0.8467477321459302
4930,0.02984313280460791,0.03243924022097444,-0.846286889155374
4931,0.0402429982333755,0.005586640339868992,-0.8726899166184342
4932,0.03867708828683371,0.004124666678505959,-0.8734359815042729
4933,0.03740801353476834,0.0016054306050546072,-0.875409351625567
4934,0.03683281569105935,-0.00014824681375658001,-0.8769795422464095
4935,0.03955320966424265,-0.0011253638948615621,-0.8794002087414315
4936,0.028116789105697922,0.03249680789190724,-0.8451475499275927
4937,0.036060415728239044,0.0027177868379573127,-0.8735769294363241
4938,-0.015129293227323683,0.0049534274807004515,-0.5372871637253976
4939,-0.013131248704384663,0.00442833527090648,-0.5990221125510342
4940,-0.022387856172091675,0.0023691899568976907,-0.5312369240300671
4941,0.013738486864341488,-0.01763769945607231,-0.8722635671343071
4942,0.008677880640666684,0.020554083796837173,-0.8351215231583711
4943,-0.034847848578505564,0.0424365818745607,0.5758701749328643
4944,0.009344442402734304,0.013950851375819353,-0.8084066168199155
4945,0.005635713573229412,0.023146390695665053,-0.8305359255032339
4946,-0.015818805530465968,-0.004057321280232487,-0.8161818067825785
4947,-0.013946370050454258,-0.0066266683783057665,-0.822956285896253
4948,-0.010631743115114611,-0.005497072582465118,-0.8289527100753491
4949,-0.014562954586498696,-0.00844956827873874,-0.8233937999229677
4950,0.0054873595627298564,0.01583867149360873,-0.763072067235934
4951,0.04055106359144687,0.035474496343019184,-0.8505146750840917
4952,0.038709288270016316,0.036503212130065986,-0.8490587777062695
4953,0.042216220061107104,0.036638618002054965,-0.8506818430743953
4954,0.040286397474685175,0.03763310784753628,-0.8492503459084232
4955,0.03793823798339802,0.03384700952278338,-0.8501076478840719
4956,0.04231775878183869,0.03472039880807435,-0.8517560314586559
4957,0.04051802242866606,0.03232796867573958,-0.8522558627402687
4958,0.04234254997410979,0.030027628201758857,-0.8544727832326765
4959,0.04395214474402167,0.029986363234263295,-0.8552107844923202
4960,-0.009838547233650526,0.013559173478163414,-0.2839754976555798
4961,0.016017339168175864,0.053681337060690455,-0.8281628210786474
4962,-0.033587439948157424,-0.04748701871070268,-0.74104009258731
4963,-0.0321247040033794,-0.048704038611785905,-0.7502710240002453
4964,-0.030167535327783355,-0.04697199189494831,-0.7540427585095572
4965,-0.030807632413551604,-0.04822049722704667,-0.7544637812243105
4966,-0.03193292853738933,-0.047190904623768334,-0.7470899884393114
4967,-0.033846050268701466,-0.046111384541479394,-0.736095983948963
4968,-0.028645031296367113,-0.041188727019825046,-0.7461012722205133
4969,-0.030053781972252475,-0.04390989876749212,-0.7466176482461441
4970,-0.03225910444121274,-0.04304994317397778,-0.7341758301166288
4971,-0.030832521952421633,-0.045414128912037284,-0.7471297176601766
4972,-0.030550987808023115,-0.04192725429259785,-0.738904425054282
4973,-0.03158749779249504,-0.03642361281228153,-0.7170652310136684
4974,-0.03055848465019274,-0.03907924161768384,-0.7306468643165566
4975,-0.021222444472210795,-0.051857953509509926,-0.802529430047969
4976,-0.00508593233566295,0.05376346022284586,-0.029536608469598824
4977,0.049069054522944903,-0.0270066929377122,-0.9249564112558255
4978,-0.03905322466717396,-0.03491600702163944,-0.6732479008881215
4979,-0.040223011213194285,-0.03656443297259493,-0.6748217699740803
4980,-0.04095926711030014,-0.03480268166026206,-0.6637699919628484
4981,-0.039710524036607485,-0.029885537995504082,-0.6466396823513033
4982,-0.04097166568686416,-0.03218239759759891,-0.6515480981022894
4983,-0.03814591848067416,-0.03223927802156119,-0.6661407029576073
4984,-0.04243002627581062,-0.029886993724467775,-0.6327632071361061
4985,-0.04275689768409939,-0.032324601844771934,-0.6437386042892116
4986,-0.03954391328529582,-0.031471678002237914,-0.6552499514963064
4987,-0.04107301385038908,-0.024770007860848466,-0.6110177603910024
4988,-0.04637340747947782,-0.027573165346171883,-0.6011208415468817
4989,-0.04107154778079755,-0.027508827817320603,-0.6269250313952779
4990,-0.04476209186289214,-0.029344254707700208,-0.6187042085428145
4991,-0.04107070332121905,-0.029086394639116848,-0.6354631369480687
4992,-0.038154363673999506,-0.027416351929482663,-0.6429009377746574
4993,-0.043739468320498506,-0.02614084556436695,-0.6049893805273155
4994,-0.047224354155801625,-0.029965868691287825,-0.6114304754107005
4995,-0.046831520457781814,-0.03163088837921882,-0.6222906707358411
4996,-0.039588389277691365,-0.0282375470900524,-0.638973866161482
4997,-0.039654924854338094,-0.02613865913916698,-0.6272509045712557
4998,-0.03812207991496563,-0.02313146368510291,-0.6193973167061471
4999,-0.0446429657235388,-0.027617352809633258,-0.6093634295445937
5000,-0.0420543275386294,-0.02613994352126189,-0.613811939193117
5001,-0.048944840556144675,-0.028006322822201904,-0.5928567824520307
5002,-0.049654635670790134,-0.025994483991160364,-0.5773396848218386
5003,-0.05063099779656546,-0.028957145284705558,-0.5921449088176436
5004,-0.04961925545065875,-0.030628046224231893,-0.6057460387956961
5005,-0.04738622954762843,-0.02547898319930116,-0.5835635168091942
5006,-0.04827196058027179,-0.030838899921428787,-0.6121570354839437
5007,-0.0428417090888543,-0.0280747439201127,-0.620840501793074
5008,-0.04557861147406773,-0.025896763586083487,-0.5944708459951838
5009,-0.044137381266175085,-0.02208813789245835,-0.5766231318666137
5010,-0.045991440618342025,-0.02356354167313928,-0.5772593763853302
5011,-0.04757012943163142,-0.022304720588183623,-0.5612015633901428
5012,-0.04601038000238508,-0.019713991804104998,-0.5494160507474022
5013,-0.044031656686523195,-0.02412364565222165,-0.5908135109027766
5014,-0.03622644878258696,-0.04273016277525151,-0.7155686221745268
5015,-0.03874789040119123,-0.040436723957280415,-0.6966486396268726
5016,-0.0236723642912536,-0.050772448936988124,-0.7901908861251523
5017,-0.026709457383730286,-0.04922532418589764,-0.7741354853856227
5018,0.007983760729018928,-0.04694491208771837,-0.8946998109166286
5019,-0.05598856063761908,-0.001871758511277216,-0.33476659487585503
5020,-0.05598362480291473,0.0015366876281450018,-0.29208333291230193
5021,-0.05001937672084102,0.025224677493586985,0.1490514635201056
5022,-0.04837945828089763,0.028212686355377697,0.24557245823237484
5023,-0.055242523529689,0.009299784743134823,-0.18206256707548943
5024,-0.05011487345191837,0.01002125937309256,-0.1681373738238337
5025,-0.05455986604177304,0.012639172142344219,-0.127552972215405
5026,-0.049099524121520174,0.01507977880226817,-0.07495090950848428
5027,-0.0522882884942179,0.020103894898110826,0.018026448158133104
5028,-0.047066220599869646,0.019779131623611595,0.027414879991547833
5029,-0.05097225027007801,0.02324136653384331,0.09410294706456493
5030,0.02631761495459178,-0.04554865556973767,-0.9257998868279582
5031,0.02765164922921574,-0.047073138824272276,-0.929171767422639
5032,0.05449718380508423,-0.01298562543062129,-0.8974640258847395
5033,0.04933508377441692,-0.013360963561283416,-0.8983286860029037
5034,0.053593219347283894,-0.016269019530581633,-0.9023306021797974
5035,0.05210221915669106,-0.005498923651762482,-0.888039678699747
5036,0.05410786877986197,-0.00525929670917067,-0.8878827647780141
5037,0.053297094310123416,-0.0069865491920773105,-0.8898877302724293
5038,0.049336999305646244,-0.008943655235861502,-0.8920850830346081
5039,0.0516523510917925,-0.008643571744989358,-0.8918706361777349
5040,0.05024110956684535,-0.00683717917623329,-0.8894892128827251
5041,0.04756659285444943,-0.001154484847924006,-0.8822939200431396
5042,0.04499802094824781,-0.005834081213787399,-0.8871298230902571
5043,0.04943122612285786,-0.003747627034841226,-0.8856492024692081
5044,0.047509307113419254,-0.006911938035544766,-0.8891384494114716
5045,0.05043007145615515,-0.0051367194724064045,-0.8874328847388193
5046,0.050796731830055515,-0.01112418942064023,-0.8951464801619097
5047,0.052749400179882264,-0.010005011389867194,-0.8936476013509911
5048,0.04706718797186375,-0.004477589586581632,-0.886006935900759
5049,0.04411500097921779,-0.011355855977792323,-0.8944049635387944
5050,0.04839683827589994,-0.011151902120417848,-0.8950143539995706
5051,0.051628977595610116,-0.013263984009405068,-0.898164226535755
5052,0.050561043026033356,-0.015181382409409309,-0.9011324465704399
5053,0.04504411194942889,-0.017573734182606462,-0.9048838059175766
5054,0.04758055845354144,-0.01586556682257927,-0.9022308527820913
5055,0.04862213987151952,-0.005452506244517126,-0.8875248294001824
5056,0.047874741119414234,-0.00289987248227413,-0.8843443606367345
5057,0.04512135777505796,-0.002486086822795619,-0.8831206107584476
5058,0.04525223563540256,-0.00870622608170471,-0.8909626001571379
5059,0.045387738588827005,-0.004172169029791541,-0.8851944093531483
5060,0.042633697448364434,-0.0037431909822234505,-0.8837484788448632
5061,0.045897964610698436,-0.007201749597094301,-0.8891298735260404
5062,0.04726322584590791,-0.00936500646594464,-0.8923372467788806
5063,0.046256067455530125,-0.011256982571288926,-0.8948174576786748
5064,0.04531099440129053,-0.014023212428486658,-0.8988501162192998
5065,0.05599283480166715,0.0018362901139918752,-0.8806144677927739
5066,0.05598617305852783,-0.001569261849757752,-0.8839882760289011
5067,0.023754223079139984,0.05073762308599002,-0.8342968449422598
5068,0.026786480280752707,0.049187382840128635,-0.8367341723172683
5069,0.052309108003621596,0.02005808391584266,-0.8648108197607516
5070,0.053417233705489335,0.016837853181022447,-0.8674535538214141
5071,0.054088869837683226,0.014548205715033785,-0.8693551611278936
5072,0.028796186272289054,0.04804017864335893,-0.8383656419567626
5073,-0.006811165210941227,-0.008281100491682257,-0.8376815492083136
5074,0.05545304056145452,0.009588920720282727,-0.8736157383460743
5075,0.04678426752235683,0.011657457887141095,-0.869610510419654
5076,0.04866797879500681,0.005242869912277768,-0.8759913906919072
5077,0.009724630707133681,-0.022719432698129288,-0.8737757652501922
5078,0.008966677068153997,-0.021243089888285344,-0.8705822889675419
5079,0.009965260775174975,-0.024958811237430177,-0.877249737783575
5080,0.008618533799703322,-0.02601479975085856,-0.8769186329824866
5081,0.01396321973355857,-0.02434335533236022,-0.8819797349561187
5082,0.01205343743497749,-0.025230501996045013,-0.8804710017789091
5083,0.013823531784598154,-0.026541836511424458,-0.8846969383630239
5084,0.012106606910745076,-0.022845770385831507,-0.8772655625268141
5085,0.018654830173002016,-0.028891066146485157,-0.8950442425121423
5086,0.016268293461149917,-0.025593494363012205,-0.8870339916402072
5087,0.014524224931616859,-0.02174820680583356,-0.8792214027530298
5088,0.012588787621480408,-0.02073553239749688,-0.8749609979741573
5089,0.015873223219476745,-0.02357176706213468,-0.8837162178699295
5090,0.018991933963317324,-0.026134710943261443,-0.8918980567530659
5091,0.015457232224166761,-0.02039298814270921,-0.8787118688186761
5092,0.01777505661334359,-0.02513468605658142,-0.8886773650605753
5093,0.04246551795526993,-0.03450732290855176,-0.9543429202558399
5094,0.03703415425787133,-0.030244713296086655,-0.9298372997194538
5095,0.013531546962227997,-0.007462784411488925,-0.8642576409375778
5096,0.007164525565966825,-0.03981940462613785,-0.8897714987103449
5097,0.006047307771315921,-0.043439057579957245,-0.8909175066355758
5098,0.006726026254355168,-0.045351894098049496,-0.8926414455530831
5099,0.0060899605452253815,-0.0471471047931915,-0.892767952902916
5100,0.007215056149193152,-0.04871504339758443,-0.8944829965453313
5101,0.009973390554668653,-0.04408102278125147,-0.8957990907587072
5102,0.008000052892116782,-0.04382300934425304,-0.8932914564515144
5103,0.04359379013576564,-0.02743648755904214,-0.9273568539924001
5104,0.04249324080513868,-0.029709806413762477,-0.9342030580786496
5105,0.03984276913502525,-0.030784239053196716,-0.9355781427157133
5106,0.04143239002228086,-0.03089922284834545,-0.9377065236359476
5107,0.005062518691050828,-0.05011286220313055,-0.8927972929791239
5108,0.004917493846332693,-0.011014997822528162,-0.8566772698058791
5109,0.05081275930457202,0.014257405850258423,-0.8687216750526345
5110,-0.04526228861507076,0.024786701017668267,0.15789087793357695
5111,-0.007262224151944738,-0.025827643204674247,-0.8422026695479315
5112,-0.007823770274991393,-0.029685148237790317,-0.8420079827136964
5113,-0.010622428260062497,-0.02973694202233229,-0.8267730441220407
5114,0.017055377667483697,0.020686042363434826,-0.8442761109645966
5115,0.017916890248782177,0.022432286886024194,-0.8437806008462203
5116,0.015937947407660396,0.022175438302125948,-0.8421204931157511
5117,-0.014109215441441605,-0.04596824172094994,-0.8265440459816634
5118,-0.012340843056824598,-0.04571790697194637,-0.8348620151712242
5119,-0.01397577428858023,-0.04428006844784265,-0.8250393774093363
5120,-0.018048543586607874,-0.04685386272066809,-0.8088747223938431
5121,-0.015412599788546713,-0.04937472909383319,-0.8247093756737911
5122,-0.013413005973094432,-0.049618414829853005,-0.8342059973008104
5123,-0.0142158015588092,-0.04788005295025092,-0.8283902069928355
5124,-0.01598638798103513,-0.04682246353469103,-0.8186057272526965
5125,-0.014704450763471983,-0.051889725176162096,-0.8309789349774827
5126,-0.017044298061036627,-0.04507594130097771,-0.8110098522702278
5127,-0.015798107008794852,-0.05330596979431454,-0.8278731146268963
5128,-0.0168866643813832,-0.051334965679746554,-0.8206064764978426
5129,-0.01944402270151523,-0.04489305587978262,-0.7990554559564721
5130,-0.013037159537528598,-0.052722545724070737,-0.8392814800792401
5131,-0.020679243278394377,-0.043859997139512885,-0.7912380252884504
5132,-0.020858222722213975,-0.047376497494404174,-0.7966039799112243
5133,-0.011672401989878926,-0.05375329992065479,-0.8462826640478792
5134,-0.02403360118521783,-0.046635629710089256,-0.7806133825311142
5135,0.01155477697743138,-0.038962651058768845,-0.8946439164362199
5136,-0.0235878207608857,0.03884194700197491,0.19526587406164037
5137,-0.04456031972551731,-0.007461047566236863,-0.44157435745667384
5138,-0.03923685592371249,-0.009703433173847894,-0.5036621977393848
5139,-0.042439086543287485,-0.006448134100403215,-0.4426454583943784
5140,-0.03939120653775902,-0.00665260435205931,-0.4674586490244784
5141,-0.04087253002577598,-0.005915117779375407,-0.44695276866576905
5142,-0.04392424209737588,-0.0005519595652828586,-0.3547346290427207
5143,0.03969204722087065,0.021608973775796497,-0.8588433805312579
5144,0.03413777522459058,0.02202039149770775,-0.8556627469598976
5145,0.03801899066635928,0.01996034630324354,-0.8592498271849691
5146,0.03510438028726579,0.01915530520016285,-0.858357620995535
5147,0.03673134441235094,0.018943584202378717,-0.8593782839266889
5148,-0.05081808815582594,-8.034872338198891e-05,-0.3216993723109398
5149,-0.04940999861355273,-0.0015753542883589077,-0.3459855412189891
5150,-0.05385095193677142,0.004319096430803332,-0.25558171072127306
5151,-0.05342545397832826,0.006199645005490566,-0.22833269815709833
5152,-0.05089893651435008,0.007355727215100015,-0.21185117062927628
5153,0.04625283600570389,0.017031732501796824,-0.865049713155651
5154,0.041284531430265954,0.014968228285297373,-0.8647108984029795
5155,-0.04308630806073624,0.02979011635919496,0.3216153725529423
5156,-0.0450352620099507,0.029613580653294384,0.3141936619238531
5157,-0.0469514593357442,0.03057385959705737,0.33872289375426945
5158,-0.044431654187581965,0.027166411887021367,0.23097669629281609
5159,-0.04710895556910032,0.03212387008068744,0.39918002376377837
5160,-0.042650527958278235,0.02790988716246965,0.2547455512892496
5161,-0.04344435486381635,0.025486975302119765,0.17928711687684418
5162,-0.042785064333131784,0.02106559331642249,0.0585891481731001
5163,-0.04170885933635641,0.023485916448808698,0.1196604877118751
5164,-0.04389792625886592,0.023009861886330654,0.11005617263740668
5165,-0.046517913839134374,0.022410318888535563,0.09218986774157482
5166,-0.035726952910050604,0.01937661051222848,-0.009471463662940669
5167,-0.03690491539944649,0.02462526333266109,0.1266012233807153
5168,-0.04501649873189464,0.02072471882632151,0.05177729208410685
5169,-0.04390545184099503,0.015621979976021463,-0.0653811831416888
5170,-0.043516414967577764,0.0183790136211781,-0.0049342844939298715
5171,-0.047279551842403685,0.024332663445831435,0.14012852593197064
5172,-0.04667256064989881,0.02634414788498205,0.19948672836788786
5173,-0.048590804555340664,0.021469559786163852,0.06336251181464277
5174,-0.0492479901985598,0.01934412992642472,0.013192016441995476
5175,-0.049679842598211656,0.017194334680257443,-0.033126336468350136
5176,-0.05111330217979268,0.015664026986699022,-0.06650591539128467
5177,-0.04676235949472806,0.016858099206521183,-0.03694695578743278
5178,-0.047889055529327366,0.018217215199550094,-0.008680017988303
5179,-0.03909926481194275,0.02087612058629171,0.043203431766402525
5180,-0.039465515942727736,0.02472443165530862,0.14522659716461184
5181,-0.04090574229075713,0.021679377004101295,0.06981438129860418
5182,-0.040987906394486136,0.019061634483231952,0.005904662742127508
5183,-0.03932741178402462,0.02279599134734662,0.09281569820920393
5184,-0.03807170711983737,0.027605723505977207,0.2186092644494745
5185,-0.03609822692553035,0.028461568287792935,0.2233506418902211
5186,-0.03643238554353969,0.026528867633786545,0.17342032198381768
5187,-0.034459518670152574,0.025028694831219406,0.11666206190110509
5188,-0.041711699225673145,0.01671839076937414,-0.046072983096948635
5189,-0.03829324105201469,0.018146998878540887,-0.025210375200089577
5190,-0.03974176710618542,0.02663583614889757,0.20162125938066047
5191,-0.038139291368301784,0.02586064747045402,0.1687015412506716
5192,-0.03810650773777801,0.02949136047254476,0.27731403305249386
5193,-0.033783969634355336,0.026826696225276468,0.1547425151832296
5194,-0.035255260477028504,0.022238985398613728,0.05510789428522155
5195,-0.0373543276774824,0.022056970651671372,0.0635853833034184
5196,-0.03737613245913393,0.02020952335009633,0.018933568332420228
5197,-0.03985499959872659,0.010260525443791243,-0.18756770728143068
5198,-0.03940353559368072,0.01930266958702707,0.006355553211020232
5199,-0.04002221460136639,0.017479940544362804,-0.03375415535346106
5200,-0.03941693412571109,0.013882315904751284,-0.11504881158548172
5201,-0.040191941118362336,0.015601655126976121,-0.07512065848708702
5202,-0.03551638908797552,0.023821814338388748,0.09558783351209654
5203,0.014185538586543284,-0.03494870986204168,-0.8949651865707119
5204,0.012735066010400784,-0.033948647244606896,-0.8918353110185735
5205,-0.03360628291224348,0.0405321242910434,0.4884711738698979
5206,-0.03477142984175625,0.03903982777000147,0.4997092029007746
5207,-0.03363648101902305,0.0371201966910826,0.41592997506168455
5208,-0.031345839168117874,0.03508634828843464,0.31103115598185127
5209,-0.03164435168224987,0.03705699882656133,0.359246259607699
5210,0.021929090692015776,-0.048050528390378995,-0.915749895024076
5211,0.01611075111076727,-0.04618939612219462,-0.9052400829104335
5212,0.0165662121103036,-0.048621519281789996,-0.9064301310660876
5213,0.018348485244110382,-0.048374285468846284,-0.9092759337453122
5214,0.018537379694003323,0.048506238855109005,-0.8314594304988356
5215,0.01540775362913329,0.051320043329617614,-0.8283284762241848
5216,0.02446851564650579,0.015601022576180505,-0.8547075943271182
5217,0.023373089534421524,0.017106919089717475,-0.852582913843941
5218,0.0239707621047606,-0.016355510615164662,-0.8853635304457332
5219,0.024924119947153395,-0.014755888315724329,-0.8844351746947878
5220,0.024739690083523874,0.013150358773180661,-0.8571361111613971
5221,0.026018180174800676,0.0013099838143709316,-0.8690912414460525
5222,-0.023491216388411014,0.01526915039827125,-0.15885184180073866
5223,-0.027515710835129364,0.012654148769286402,-0.20098931627778402
5224,-0.02514284181193393,0.013406651676810025,-0.1935295325909615
5225,-0.024305393241195426,0.01089508983540486,-0.25273829522006397
5226,-0.027026548712444913,0.01522911073411668,-0.14742513954851075
5227,-0.02592352493559828,0.011750943506111321,-0.22768527819073228
5228,-0.02782543612724277,0.010253190565993543,-0.2545354229276358
5229,-0.025374409603862388,0.015052037613839383,-0.15778937156092276
5230,-0.028964124994406554,0.02083754682826891,-0.02137198333507829
5231,-0.032505077975347685,0.014935915976999076,-0.1257804237089961
5232,-0.026945019346846812,0.008578355247026557,-0.2992989434410184
5233,-0.02736032073728495,0.01825271118025065,-0.0838305822148768
5234,-0.02972975235710432,0.014408691035775549,-0.15197424013905086
5235,-0.03206283984970914,0.010698220026580517,-0.2202735328088456
5236,-0.02647173057979062,0.016820579107168526,-0.11710665970789674
5237,-0.028163340265321253,0.014111121800081733,-0.16620428166069406
5238,-0.0300100688043888,0.009847936778657116,-0.25142638762208497
5239,-0.03025810973375631,0.012152173690330208,-0.19862951137021748
5240,-0.032471295872426316,0.006809054871440592,-0.3015119763412737
5241,-0.031322721623116966,0.013591565049519262,-0.1613652195758409
5242,-0.030790474023341625,0.007963866686725158,-0.2887000907350931
5243,-0.029816016075506675,0.004744929740396917,-0.36977700046236356
5244,-0.02973330331600739,0.006526934756274091,-0.329318618509378
5245,-0.028738325528322804,0.011591410430578099,-0.21908904657119158
5246,-0.01943129415814499,0.016580563389942744,-0.14104004122640407
5247,-0.01858968508505762,0.019040026438944986,-0.10567781378626682
5248,-0.01909830576475157,0.021846468723163925,-0.06523682119120379
5249,-0.018125616860226602,0.020573441669099198,-0.08654924715205294
5250,-0.016719510336515166,0.02248204117510998,-0.06966555811303576
5251,0.021824513470735774,-0.017569143777027136,-0.8841240079103742
5252,0.03325002566716223,0.03561757500193521,-0.8465823300521369
5253,-0.015239650745421909,-0.023510364660075795,-0.7969551674711488
5254,-0.012010718823811092,-0.02580612936228653,-0.816881121105129
5255,-0.013352555460448709,-0.028490606970918743,-0.8102023643172827
5256,0.020983652871599437,-0.021884634857222193,-0.888947963150829
5257,0.009630231476899056,0.03884930192326186,-0.827924364714705
5258,0.006507263984630212,0.03983927284297506,-0.8248248864394141
5259,-0.007102568240007859,0.02233621082348167,-0.12300122528259681
5260,0.018548008680783632,-0.019597220885832496,-0.8821886409059816
5261,0.01894759703755266,-0.021612185229037708,-0.8855622110046432
5262,0.020200041352785567,-0.02027857934970315,-0.8855467689694401
5263,-0.01987511747321252,-0.029323370173854335,-0.770037066028932
5264,-0.01768499972218786,-0.02329028378745085,-0.779603814924688
5265,0.00634123688650747,0.02904892851518312,-0.8291122468242172
5266,0.005615508394015227,0.02658420113337438,-0.8293913772631322
5267,-0.026860134591823286,0.00391769968518886,-0.4201014844004135
5268,-0.02900109867955013,0.000485374141906837,-0.4734444457950952
5269,-0.029445608307433525,-0.001099554221200618,-0.49816521796164026
5270,-0.02887191537975528,0.0027178196700438787,-0.42622091365733417
5271,-0.032371525035525935,0.0023213275199116907,-0.39543442696293735
5272,-0.0305281518832195,0.0016936994597415108,-0.4285956748163873
5273,0.03238593230336297,-0.003715970571786136,-0.8782587757135962
5274,0.034766014438401625,-0.0033027860455888624,-0.8793157606101436
5275,0.031052916522072666,-0.004593539485441861,-0.8782928610291577
5276,0.037157369234107944,-0.004782112515635457,-0.8824427106978008
5277,0.02871967370187246,-0.010263732994186273,-0.8828767474824422
5278,0.03119174131435625,-0.01183914156955442,-0.8872303090624221
5279,-0.021301093805035757,0.0289227447476222,0.04690933342202548
5280,0.023287542204022627,0.04581040539586634,-0.8357001675751763
5281,-0.028217162931284654,-0.017252344659537608,-0.6709374260946329
5282,-0.029342621527591185,-0.012481465684653074,-0.6322855606460891
5283,-0.029397129190368083,-0.015012512438029766,-0.6467248743552139
5284,-0.032083540109006194,-0.015534456915322278,-0.6211572646898023
5285,-0.02695645751627963,-0.013798963512518246,-0.6701924846131017
5286,-0.03104392294736673,-0.013710937407495617,-0.6201982634375074
5287,-0.032592649615223734,-0.009776024218289393,-0.5696713389980158
5288,-0.03131421129262917,-0.011545083963963716,-0.6009088417198636
5289,-0.029269136967470737,-0.00978291891145957,-0.6131864935069081
5290,-0.03003854482412781,-0.007875402513281943,-0.5844653339757327
5291,-0.03504474231824586,-0.012894538310201497,-0.5718404697408618
5292,-0.033131313590323674,-0.01372899396433246,-0.5977003207087258
5293,-0.033377398513916405,-0.01168227416920767,-0.5785244325837151
5294,-0.03499783764961962,-0.015397983660484367,-0.5922319945770166
5295,-0.035912396197258,-0.009524033329439217,-0.5313846520894064
5296,-0.03507179312432356,-0.01110457127642904,-0.555397073272494
5297,-0.037704525849349566,-0.012039546264724085,-0.539748993192916
5298,-0.027729780369086746,-0.015304763886501604,-0.6675342818469677
5299,-0.02714950152555174,-0.011329012616733879,-0.6547011947745709
5300,-0.035695215345385514,-0.01716565729866397,-0.5989533856641853
5301,-0.03783260720017696,-0.019772697683251576,-0.6002653610193146
5302,-0.03694105307398119,-0.01419416395482292,-0.5655581524773373
5303,-0.04105030300465853,-0.014437671848153498,-0.5358510007916806
5304,-0.03896048927282731,-0.014909736172807303,-0.5551955400293365
5305,-0.03960842261734585,-0.012916314873316986,-0.5324987942917883
5306,-0.04073021920227705,-0.01788247262995287,-0.5663199667217321
5307,-0.04247587556232844,-0.01164261570417868,-0.49967657448190067
5308,-0.03927204837793969,-0.01673740493478134,-0.5677940602130112
5309,-0.026950499328353833,-0.009448894832938563,-0.6459570020755134
5310,-0.042501478267469674,-0.009045063299614992,-0.4723026565117374
5311,-0.04347798485192884,-0.01035359058886669,-0.48011314858017495
5312,-0.04521196392652294,-0.012735655057784765,-0.49376984941337043
5313,-0.04106186651010449,-0.010329776183666095,-0.4961478935226754
5314,0.016059472254141685,0.0420051868166597,-0.831932745700499
5315,0.021244142794436538,0.040590726195322065,-0.8363814440867694
5316,0.019797597699248215,0.039169230003590044,-0.8359478626595334
5317,0.019395881207453267,0.04102479113978232,-0.8348534135524222
5318,0.02082534221526554,0.04295946991673456,-0.8350988688547925
5319,0.01908525661323205,0.043086438119158174,-0.8337910257012436
5320,0.024391203286060523,0.04236852980063978,-0.8378109454864389
5321,0.021378426970259466,0.04497050303545745,-0.834708536219282
5322,0.022748811323776583,0.043512040147646515,-0.8362267610392606
5323,0.021403238220664634,0.0475037867117296,-0.8338074395774232
5324,0.02269913129677163,0.04168947009549299,-0.8369428130642724
5325,0.023922586974383687,0.03855659373226429,-0.8391847099495306
5326,0.02181548339644693,0.03856255191666413,-0.8376969152007377
5327,0.02287297258247424,0.03995202778622381,-0.8378180963437621
5328,0.02238494315645038,0.03642503844217154,-0.8391238745524001
5329,0.020966999569579252,0.03533483935163265,-0.8386240687980318
5330,0.023524523245605132,0.04796917210581876,-0.835075969503265
5331,0.025143099914993767,0.0466991002479442,-0.8365905311855599
5332,0.025064246578098703,0.04448223181722325,-0.8373951262273958
5333,0.027809649279220368,0.04244403694298535,-0.8400028882467916
5334,0.026087479858502037,0.04299240874150465,-0.8386677059777049
5335,0.026144961776253313,0.04021816090496856,-0.839917136485238
5336,0.027664323063882078,0.04496607256039737,-0.8388629715150322
5337,0.0203819204397803,0.04918174753772272,-0.832539772546576
5338,0.02956540897400258,0.04381041320265215,-0.8405017172843073
5339,0.029515220119591835,0.04206366262072846,-0.8412265156420536
5340,0.028719567669220396,0.039516547875478716,-0.8419001194620764
5341,0.030619471595273992,0.03910463411074053,-0.8432600817297554
5342,0.029031591002280376,0.03636822001071166,-0.8436472950297675
5343,0.02768659568242619,0.04080063521606043,-0.8406523043075591
5344,0.02685306129363578,0.03774193696051219,-0.8415564116473861
5345,0.028476921051600813,0.037902873862850885,-0.8425260267518654
5346,0.025542760268175795,0.03870659989271666,-0.8402182094888655
5347,0.02716460372255088,0.035821715667256414,-0.8427267098150055
5348,-0.019944560069309673,0.031030302712030593,0.05684282134368487
5349,0.036821071507450544,0.01476480341821532,-0.8627912045111066
5350,0.03279514483438602,0.015909563842414105,-0.8596956579825545
5351,0.0321028168237747,0.014386927381058427,-0.8605893880267306
5352,0.034875790637494464,0.01557521129245946,-0.8611121839970841
5353,0.034105335394521825,0.017421749699708985,-0.8591823844536826
5354,0.03593526696302004,0.01710127311937796,-0.8604215387859635
5355,0.027855215430466533,0.01649437342752489,-0.856214299165147
5356,0.027735885188586096,0.014824108450875763,-0.857585499585348
5357,0.023787458935685214,0.02057736068486778,-0.8500310053834548
5358,0.028957387590920022,0.02119045912341812,-0.8531580178428291
5359,0.044644673406016314,0.0045305274610484905,-0.8754495432528081
5360,0.02260038350742754,0.03361105322068445,-0.8407165176864978
5361,0.032790568512789615,0.03087387113066305,-0.8489950726096809
5362,0.039364671464434856,0.002199025385172694,-0.8757232655980772
5363,0.0388117014342124,0.0005001234614532397,-0.877265881030245
5364,0.038529805486842504,-0.002687376025190209,-0.8806873218203899
5365,-0.010673199428007412,-0.007775806166785402,-0.830314464233664
5366,-0.00886845683858959,-0.008993586895034905,-0.8344513033343608
5367,-0.008534245590688614,-0.0066321764204101945,-0.8336731646503708
5368,-0.008834261312794602,-0.010675121308474552,-0.8356013491830486
5369,-0.007949497077560812,-0.004732860868540337,-0.8338564600824259
5370,-0.010012391193642757,-0.0035997146423843397,-0.8292727689641299
5371,0.036333027027774946,0.034453238702067755,-0.8489303293373799
5372,0.03971236608303759,0.033909866052304415,-0.8509660278535346
5373,0.04221902900826648,0.03180339408152388,-0.8533611720665667
5374,0.037953499690568146,0.028420166327168574,-0.8533475628744542
5375,0.04255904583289835,0.027094317409310946,-0.8564052440188759
5376,-0.02871476057340403,-0.04808465520187349,-0.7629917349146463
5377,-0.023803081967601513,-0.03905519631332241,-0.7656926317614008
5378,-0.02831977928954835,-0.045507474508526345,-0.7585758226048431
5379,-0.02598627823069868,-0.045348123477571944,-0.7689044140915691
5380,-0.027892296748192495,-0.04330365871496399,-0.7551555991009047
5381,-0.025692121295555783,-0.04132916432708235,-0.7611113046455911
5382,-0.024145062264126525,-0.04468017317129849,-0.7760884524381626
5383,-0.023781054298922622,-0.04247950223508772,-0.7732279504353309
5384,-0.025668984629409027,-0.04335110234247909,-0.7659028756051965
5385,-0.021786541024345553,-0.04215685377844022,-0.782548954282786
5386,-0.02405320861034922,-0.040769029122921664,-0.7682045291074733
5387,-0.034833155014703354,-0.03828738906131039,-0.7068803979016555
5388,-0.03269878220996298,-0.040508891741232275,-0.724466030813525
5389,-0.03259826851268817,-0.038342447456688016,-0.7180528485579888
5390,-0.034718794409648944,-0.04031359528135159,-0.7142923991407361
5391,-0.03957961804667813,-0.03324544519129116,-0.6633134277817607
5392,-0.03706809062062124,-0.029825920249142074,-0.6609843535577152
5393,-0.03595221572191511,-0.027873226435973186,-0.6584738489159214
5394,-0.032168180428884696,-0.03133081149746794,-0.6960852889565237
5395,-0.032433076034723826,-0.02690934628922442,-0.6768568531768221
5396,-0.0344489387100532,-0.030027462811253836,-0.6772353488903262
5397,-0.03434877632482164,-0.026821251952700433,-0.6637077166211119
5398,-0.033313322669655615,-0.02517773244289916,-0.6631451719552544
5399,-0.03590220166162707,-0.031793979843460766,-0.6763150876237168
5400,-0.03242177703991906,-0.029127337072572024,-0.6860275251366502
5401,-0.029233905762418445,-0.029876777147801993,-0.7093345837734416
5402,-0.03394099499004029,-0.028438661058458645,-0.6735193630351614
5403,-0.030476696933172266,-0.028008404180784034,-0.6945700744179929
5404,-0.030962710126438905,-0.030075744253071534,-0.69893414714658
5405,-0.029821902272834305,-0.03237792066651512,-0.7138066846231248
5406,-0.028735300536052614,-0.02819759641280125,-0.7071174930182265
5407,-0.029331627672540755,-0.02557758593981182,-0.6936958455899488
5408,-0.031250870740819586,-0.024664630534577674,-0.6759278236767013
5409,-0.029693693264527418,-0.023864907667801805,-0.6845242841102952
5410,-0.03189887815822271,-0.03387961103298391,-0.7067808154954089
5411,-0.024392814916148645,-0.032334562507558805,-0.7469759282876024
5412,-0.02731429092345049,-0.025226884446796213,-0.7079079406763465
5413,-0.033881619242202746,-0.03280047762989043,-0.6916733231190774
5414,-0.03610761988309716,-0.03473781145518201,-0.6872677202267679
5415,-0.036786955249796784,-0.0332113252095498,-0.6774635660483992
5416,-0.02711263819997221,-0.031695156336793005,-0.7284045882663107
5417,-0.02691021211464051,-0.029476052563705,-0.7233690692208895
5418,-0.03378052602555527,-0.03540097773375106,-0.7018966752885601
5419,-0.03368506514490726,-0.03707093513538875,-0.7083238019614337
5420,-0.04589463098939711,-0.021548566864025072,-0.5637121634118084
5421,-0.04846294619015205,-0.01738793001786563,-0.5190283788126816
5422,-0.050197931744231775,-0.017969296825932457,-0.5164368485122114
5423,-0.049704584907022974,-0.01460182363616927,-0.4892758575546376
5424,-0.0512598120067312,-0.014019629135666506,-0.4777283573983227
5425,-0.05212118126518468,0.011202889879156235,-0.14823364805619155
5426,-0.05305700839278682,0.009607292802528198,-0.17534815667329984
5427,-0.049937337791723026,0.012616784804825889,-0.12202722619010817
5428,-0.04536744447056765,0.011000366577823752,-0.15575558085020147
5429,-0.047208815210230876,0.013062641380853609,-0.11380110512743481
5430,-0.04830535371843657,0.011201321518021,-0.1480188828174635
5431,-0.04735074305909376,0.0077601120790081815,-0.2101390401429981
5432,-0.048374045129971795,0.009329254262345385,-0.18142819287083473
5433,-0.0464736367122127,0.00945034890343588,-0.18225137678238948
5434,-0.042746686391000314,0.006443646090555347,-0.24729610465949617
5435,-0.04392247898895295,0.00879941255338039,-0.20051136534147912
5436,-0.045160747831956165,0.006710067387832115,-0.23392588209476123
5437,-0.04152723321188088,0.008523600122190637,-0.21432095799139766
5438,-0.04252223169850268,0.011293499603744452,-0.15733646017386035
5439,-0.041956624398569925,0.013771868752548995,-0.1088380373923514
5440,-0.047333598720792486,0.004987096340161139,-0.25611577346811387
5441,-0.037543710925476634,0.00479065400268696,-0.3052577984717746
5442,-0.04386885429201361,0.010409417908817699,-0.17051604458238412
5443,-0.04064922346597009,0.012169771606902115,-0.14610024195096277
5444,-0.04433663371437103,0.013216330531367074,-0.11451003361311446
5445,-0.038736246099412654,0.007510001537055606,-0.2468016977735874
5446,-0.04585785660793735,0.01473045690352463,-0.08179815673785643
5447,-0.04743437833090426,0.015316328489922948,-0.06929564004770314
5448,-0.03990659108144799,0.008636757070875823,-0.21919465494291135
5449,-0.040643386832922825,0.006607958415228887,-0.25384294085715386
5450,-0.041389780142447624,0.002618330316720457,-0.3193980586165644
5451,-0.04155346405609103,0.004713585824270441,-0.2830275888492459
5452,-0.04451081000434539,0.0034285330076293656,-0.2909285922335185
5453,-0.0395306256779713,0.003817591076332248,-0.31001708945370654
5454,-0.042810654016033504,0.0035613512653398893,-0.29643053058405544
5455,-0.043508229004899694,0.00154280918316709,-0.3252427658488948
5456,-0.03782735974045827,-0.0008636054633582011,-0.3999790809279965
5457,-0.039162687178707585,0.005581380824642949,-0.28059352664183546
5458,-0.04636038465193391,0.0012357888494518615,-0.31737395412027347
5459,-0.039212064274450835,0.0012830332853208046,-0.3550360693330861
5460,-0.04144292390097456,4.395377642535175e-05,-0.360037710609284
5461,-0.04410410127549347,0.005214215631330642,-0.2630352682878835
5462,-0.0359368597411017,0.0018758010651671935,-0.37053314674694116
5463,-0.03778078057497797,0.002759640787946418,-0.34019060861783695
5464,-0.042225975892214905,-0.00215942900562862,-0.3875865401958936
5465,-0.039665085776703767,-0.000529117553964318,-0.3806873626457987
5466,-0.03917445748782574,-0.0030491464358762205,-0.4216747482604422
5467,-0.03745129794785662,0.0008989019699488705,-0.3745469969903743
5468,-0.04443594795445341,-0.0027933992631357634,-0.38365224947446924
5469,-0.04308143016550836,-0.003897983648008048,-0.4061736295290671
5470,-0.04613864391900141,-0.0012255556566863114,-0.3537747938844167
5471,-0.04624302330489101,-0.0032574286207609025,-0.3807405213238205
5472,-0.04777412768910029,-0.0009698543875514959,-0.34355458296350355
5473,-0.040525301168764696,-0.002004369236322665,-0.3966167478481285
5474,-0.036282698085236466,-0.0033236101695425127,-0.45095624736289586
5475,-0.03766097242090177,-0.0024740858292644097,-0.42587306385571305
5476,0.02864075096252381,-0.041746028429790534,-0.9312417274201431
5477,0.05145040125529116,-3.0523903257724874e-06,-0.8818586559421244
5478,0.05191642671178112,-0.0028698022093801077,-0.8850224307866894
5479,0.053325629506099086,-0.003777050527133697,-0.8861753987773393
5480,0.053083535517103285,-0.00120882031703039,-0.8833701304540982
5481,0.05342142400672445,0.0009576987255675263,-0.8811817636434902
5482,0.052117731934134055,0.0030196386422625407,-0.8789225615400781
5483,0.05010323017234195,-0.0016933056214473708,-0.8834474839099049
5484,0.050593404051011745,0.004442442532819486,-0.8772324779471855
5485,0.05048502402674838,0.006821235945339559,-0.8749779323167677
5486,0.04844394971034756,0.0019879531919503057,-0.8791630792504002
5487,0.04910480407877616,0.0035776360590890947,-0.8777286158558113
5488,0.04683591689204085,0.0038723711000845542,-0.8768088336867976
5489,0.04943596330371176,0.00022051150754454616,-0.8812435165872373
5490,0.04664534705031147,0.006036907563564223,-0.8746434674748593
5491,0.04478335639514104,0.001015449820028891,-0.879111749504097
5492,0.050437786298353146,0.0019449206319400755,-0.8796691762827896
5493,0.04825924281422755,0.00717482504154175,-0.8740588071490181
5494,0.04531840852016006,0.002796834234386554,-0.8774296504297496
5495,0.04293882141430616,0.0028698541964984007,-0.8765163054050398
5496,0.04582789627775823,-0.0218170951946921,-0.9134301197753584
5497,0.04147294912632073,-0.007593409481517781,-0.8881390531138957
5498,0.042799694066867906,-0.000981733901617258,-0.8806034141611389
5499,0.04111119268790259,-0.002413403188117181,-0.8815615436795337
5500,0.04734652164207741,-0.013834777400009197,-0.8989136138132792
5501,0.03884149031735708,-0.015322209784915795,-0.8983581181725482
5502,0.04571939819228171,-0.015839202228409056,-0.9019579268181022
5503,0.04254030906495787,-0.015600239292890523,-0.9006501419004579
5504,-0.006002815890824803,-0.009797369216768643,-0.8399386763912546
5505,0.04732382828178092,0.009820095649434183,-0.8713876393625035
5506,0.048928688337231664,0.010937311641343955,-0.8709088435829584
5507,0.048236077991877756,0.013187282125287077,-0.8688027444807764
5508,0.046469871733177855,0.01340962061994406,-0.8680293078857666
5509,0.04353832044716781,0.013061498966424646,-0.867232932530641
5510,0.017338566893350237,-0.027331294814587546,-0.8909465473491571
5511,0.015329668243055752,-0.02805583108119157,-0.8888524696316211
5512,0.014954084627774832,-0.030486273109743806,-0.8912865188943746
5513,0.013260133324326764,-0.030569792287570247,-0.8888892547466449
5514,0.016730247036579195,-0.029516507846225268,-0.8928066379999969
5515,0.017611110751074265,-0.03324128118802204,-0.8986110633717986
5516,0.018311703689145285,-0.031109055993459166,-0.89727728790359
5517,0.016468382282448856,-0.03168459999115907,-0.8949949917238327
5518,0.015608522827295484,-0.03351357321637364,-0.8956837270640362
5519,0.023705320961206026,-0.0340624670872421,-0.9106529546634726
5520,0.017010883268340743,-0.036327094486445013,-0.9007565369400008
5521,0.02073442492467164,-0.033086309039655634,-0.9038119614345016
5522,0.019142977591793852,-0.0325634014379777,-0.9004155939900544
5523,0.04054019731115219,-0.02869831101977942,-0.9295728492518954
5524,0.03732081455461887,-0.026146940225755606,-0.9192973817101506
5525,0.039284964352899826,-0.026975361223576695,-0.9234311010313909
5526,0.03979362082001633,-0.023026692134135482,-0.9139946401702173
5527,0.03760093688232258,-0.028225449438987353,-0.9249982747333225
5528,0.03899070944445416,-0.02493035973852484,-0.9179157677568304
5529,0.032432413516930984,-0.02786388465337318,-0.9165492939575428
5530,0.03893246281271528,-0.029320322686049196,-0.9297786173611917
5531,0.035966543357491935,-0.02253369875905772,-0.9096734317204975
5532,0.03497931209993752,-0.028578767880749555,-0.9222121124055295
5533,0.03714566160178287,-0.024152172465745983,-0.9144094405331189
5534,0.03409961488850966,-0.025132578115461005,-0.9130596475098518
5535,0.032738113906806414,-0.03166910376676261,-0.9255657504335344
5536,0.03405443236543912,-0.026979485254686478,-0.9170943119139445
5537,0.03328799954450006,-0.02971003842878084,-0.9221023390034089
5538,0.03498060490990709,-0.031241837766481206,-0.9289835058694481
5539,0.0342696431619242,-0.033608831028115696,-0.9337018156868636
5540,0.034674571414939175,-0.03558279358676771,-0.9399611278340116
5541,0.037676076048653466,-0.03509428859425121,-0.9467222425267414
5542,0.036967587669718,-0.03272079664034213,-0.9371241462600542
5543,0.03600633339132421,-0.03430021948121116,-0.9397962092175286
5544,0.03892085445336975,-0.033430233678554,-0.9434968017098659
5545,0.03824602813962256,-0.03151622955423824,-0.9356656263241265
5546,-0.009420620851315393,-0.02835366674345981,-0.8323912334437926
5547,-0.011848550318941383,-0.03313305863661844,-0.8229595214976976
5548,-0.018109004110633892,-0.043459139317324404,-0.8032814211829664
5549,-0.020298701238091913,-0.04924799960883305,-0.8022950955708956
5550,-0.025290831352912598,-0.04785237746428799,-0.7774357587091736
5551,-0.02336995238386729,-0.04845416887683472,-0.7871596087827909
5552,-0.02221849555877158,-0.046031351058485694,-0.7878474072147277
5553,0.0124763068872454,-0.037556606947357525,-0.8948331244535195
5554,0.010402482275058455,-0.03752353051234073,-0.8919680834761132
5555,0.01011062998495688,-0.04110795960289926,-0.894256794219226
5556,0.014232566863440706,-0.04232397494515556,-0.900734145761093
5557,0.012363424374997168,-0.041065733322719754,-0.8972680324125945
5558,0.011266345749972494,-0.04265100768489739,-0.8966944076815132
5559,0.012931758603043353,-0.04545632237518535,-0.90031757523213
5560,0.014404313632646557,-0.04005139713191536,-0.8995798415757628
5561,0.017846781159082212,-0.041454335280905606,-0.9061535867445476
5562,0.016398384813462844,-0.03867271424068832,-0.9017555361127677
5563,0.01589964192137007,-0.04130718305961634,-0.902769037433373
5564,0.016238754474561405,-0.04373819043491563,-0.9045968761169261
5565,0.020262005085227512,-0.038428820597383,-0.9084746114532848
5566,0.014392779223495389,-0.044226783292850985,-0.9019217787253184
5567,0.01780671537883817,-0.0450490152987636,-0.9077244860290481
5568,0.018463252999977246,-0.04325876967891806,-0.9081744958570174
5569,0.021468930206367545,-0.04162821616340977,-0.9131607075480317
5570,0.019643124140305838,-0.0418481515648018,-0.909685037556605
5571,0.01828999097985879,-0.03791387967810113,-0.9043841342322322
5572,0.018855258409798223,-0.039782611623618166,-0.9068313030132906
5573,0.019919655308268582,-0.035706404783381995,-0.9052664004772248
5574,0.022622300484379,-0.03674927473337697,-0.911579093246475
5575,0.021799359463531225,-0.034854203183930864,-0.9078784221164449
5576,0.02099059482628688,-0.03695446530905523,-0.9085249044763649
5577,-0.024410234087302557,0.04173977576765499,0.2330455527016358
5578,-0.02664569500218211,0.041679037463033405,0.28429432783534386
5579,-0.025478017589555427,0.0398711191156649,0.24318573326760776
5580,-0.026183589718388044,0.036324880544755044,0.2192087413222054
5581,-0.02527804497950771,0.03798802101550992,0.22052369293363627
5582,-0.027511623792227477,0.038702996600027066,0.27808264093635043
5583,-0.023063336421601535,0.035704063947933184,0.15427830594722133
5584,-0.027554400059806368,0.040329441722354475,0.2967177270658712
5585,0.036136013882959596,0.02109894811276194,-0.8574321232094599
5586,0.03632330968464454,0.02413252519506079,-0.8553459330311747
5587,0.037755556394029395,0.02253418687906975,-0.8572208237725993
5588,0.03240374951518436,0.019839779885883316,-0.8563137526079314
5589,-0.049793154125370186,0.005314140596459075,-0.2454102166073006
5590,-0.04906456178452009,0.007029022470138391,-0.219233845394129
5591,0.03998691324340553,0.01695193132236829,-0.8625281989710913
5592,0.042169199945075,0.017855604819236877,-0.8627846489024249
5593,0.03841710130742649,0.015839392346492016,-0.8626859781508258
5594,0.03913560418608775,0.013049694657988544,-0.8653590015942592
5595,0.043590367545867675,0.015985586434725408,-0.8648533838201913
5596,0.04285249322076265,0.01453621324069633,-0.865730156928031
5597,-0.04493041881336847,0.01717257478232722,-0.030493354727369994
5598,-0.04543496585221695,0.018937462997778817,0.009317871190489794
5599,-0.032846026204920956,0.033419351791405184,0.30558398707826717
5600,-0.03231960117584011,0.03081945702311175,0.2329523795456394
5601,-0.031364699172900856,0.028373245371600284,0.1623176488582906
5602,-0.026889122797487928,0.02564877314617094,0.055274761526243485
5603,-0.027281649264768358,0.03137658613749073,0.16317325067089827
5604,-0.029479523717315936,0.026431761212668405,0.09776429399446591
5605,-0.029725915459358862,0.03042244356217881,0.18326201356999577
5606,-0.030460105962844087,0.03278071374588041,0.2445619876086339
5607,-0.03023854233099952,0.023540983111572746,0.04480656675942761
5608,-0.027444436440065573,0.02848807395222306,0.11401390437851136
5609,-0.028920351739988772,0.031966657721885325,0.20094193112442454
5610,-0.027273145160183532,0.033970679593634534,0.20678450510376017
5611,-0.030592903599421118,0.025179061260757536,0.08315415697656063
5612,-0.03261299209560776,0.02353591992185159,0.06523330912937483
5613,-0.02860259548372825,0.02465647500406637,0.052816352736366645
5614,-0.026211746898709306,0.022503561950961763,-0.00901473907759676
5615,-0.027917954864856577,0.026921507850365234,0.09015246601948577
5616,-0.028143399951941928,0.029976308439202157,0.1509687675116016
5617,-0.029403425021638147,0.02839164483811545,0.13718764557379803
5618,-0.024584829014363603,0.03266480593548257,0.1417249953163749
5619,-0.028282409587118345,0.03586701139825555,0.25668310593022964
5620,-0.02916678704544663,0.03417958771046907,0.24644181503307253
5621,-0.03142106104937642,0.02133143371871951,0.006833875132513497
5622,-0.02624351563974788,0.03267024353623759,0.16789654612882576
5623,-0.025349925457470113,0.03450981882728305,0.17966922629186677
5624,-0.03335603471971514,0.021709696157778208,0.02912422315721468
5625,-0.030824549584911057,0.017940699873548543,-0.07018758455770523
5626,-0.030460323473797,0.019752613252624347,-0.03389586637250107
5627,0.018581675205808754,0.05050456424100004,-0.8308674456178428
5628,0.016950650289808793,0.04954106442745432,-0.8299791493782683
5629,0.016314200373166308,0.0468312735645013,-0.8303728406405029
5630,0.015316619070552073,0.04535588841186629,-0.8301170168752426
5631,0.017242794507146032,0.04460822947043335,-0.8318458102599916
5632,0.022995916027972435,0.014874435882075118,-0.8543108855318737
5633,0.022723325310156806,-0.01528762517935043,-0.8823120619028998
5634,0.02785252937630065,-0.01929520061912927,-0.8945819367180899
5635,-0.03569270809356353,0.01601231909550607,-0.08535373153235223
5636,-0.03792254351315397,0.015590265526556433,-0.08423476004471382
5637,-0.03619644775169875,0.012572255602114429,-0.1573716098639001
5638,-0.03368160251192158,0.01270904635678491,-0.16765833295030308
5639,-0.036538468308115316,0.014379252644749783,-0.11692739412902631
5640,-0.034419943699939615,0.014523367066308251,-0.1245336375607089
5641,-0.02890416427745317,0.01655206534848191,-0.11045797012479905
5642,-0.020048424145347826,0.024233260692368586,-0.02745391421862316
5643,-0.022689730377773214,0.021799322546158895,-0.04572035518693744
5644,-0.02090304526331068,0.022510554354163617,-0.04578818644219212
5645,-0.020932461846615374,0.01998467038813175,-0.08381895936383237
5646,-0.023609670423623986,0.019150297362750354,-0.08583999125261697
5647,-0.02083458040103483,0.01799478347147172,-0.11607739526987566
5648,0.03467176961001257,0.03687112807593386,-0.8467275491243987
5649,-0.011626730439822312,-0.028323517843201685,-0.8201285153952226
5650,-0.01574632564059646,-0.027341376524479797,-0.7947268019800906
5651,-0.014155840949999417,-0.027096150096644928,-0.804566265450708
5652,-0.018517851444065137,-0.026859315096115177,-0.7759816971139625
5653,-0.016280111843351906,-0.03152086433461144,-0.7955297784147215
5654,-0.017003058751283495,-0.02635851214707131,-0.7858524055273298
5655,-0.01531938469881637,-0.029519733928630807,-0.7992147665203216
5656,-0.01760720777060743,-0.02965255188304054,-0.785095819806053
5657,-0.013762831641215447,-0.0314982069639254,-0.8103668327589837
5658,-0.014997323099041967,-0.034192499280978075,-0.8063187425744489
5659,-0.011860799835560654,-0.03120924039798569,-0.8210331769066368
5660,-0.015012054694413496,-0.032555788919105356,-0.804252825816959
5661,0.020228898724081745,-0.02412266240639827,-0.8909907529583792
5662,0.02457464146289857,-0.028180586976660565,-0.9038435055017731
5663,0.02199059105757575,-0.026591967600506465,-0.8972385967672519
5664,0.020587896444797776,-0.025729620706616184,-0.8938124127194678
5665,-0.022991402266953776,-0.02785191065229675,-0.7463634503784942
5666,-0.02519046573624665,-0.028085721628750986,-0.731357985743539
5667,-0.024881254968146183,-0.03022696576070586,-0.7388130940532796
5668,-0.022208036483920328,-0.030717838548386417,-0.7572908630170289
5669,-0.020452350443808134,-0.035374979633313375,-0.7768110363780735
5670,-0.02163841075333465,-0.02902211283214862,-0.757847130756681
5671,-0.020882224504712787,-0.02678054021239788,-0.7593815051210171
5672,-0.023364995297419117,-0.029494053265540412,-0.7471897154280679
5673,-0.021991105737582,-0.03329556504974078,-0.7638137191217043
5674,-0.01965648494698214,-0.025512713986002963,-0.7665792825727581
5675,-0.022516542640504154,-0.026174928261419428,-0.7464219903482348
5676,-0.02435323232563355,-0.035717280469899665,-0.7551762440301844
5677,-0.019038756578179005,-0.03271988549295044,-0.78059710451509
5678,-0.017999924790893622,-0.031336992118910174,-0.7848646040400876
5679,-0.022430549773748372,-0.03522979370283789,-0.7651308815070836
5680,-0.023760743447022264,-0.03401875694362894,-0.7547013077560025
5681,-0.02629066665760106,-0.034088853855703816,-0.7398535923374816
5682,-0.022953915822233304,-0.03720094259742763,-0.7663267369540472
5683,-0.02089570301685735,-0.0392650800960634,-0.7816515108130171
5684,-0.020377838614644022,-0.03371079879551462,-0.77427652844608
5685,-0.020316685989756875,-0.03123333316829181,-0.7702647071885388
5686,-0.028128230036261772,-0.03338187743269218,-0.7270821853755497
5687,-0.028327978703540993,-0.03664263433707806,-0.7353017984731633
5688,-0.022281994647408987,-0.04042112229924525,-0.7765981007913563
5689,-0.029849332433016566,-0.0349198080629779,-0.7217636576636164
5690,-0.02635244398084143,-0.03612910669379532,-0.744871264345587
5691,-0.026708445287071683,-0.038816266999125854,-0.7498166984444476
5692,-0.025019499109352732,-0.03754138898321442,-0.7557229666943585
5693,-0.028658641345540824,-0.038579163443436815,-0.7389237298281981
5694,-0.02713004428983925,-0.04044875108590655,-0.7517406275780025
5695,0.03449877234908007,-0.006407281927240398,-0.8827990783517956
5696,0.03379709785025803,-0.00478312984005687,-0.8804167205552843
5697,0.029964509294046298,-0.014793988670270392,-0.8901797260399322
5698,-0.019634014589591978,0.02843313399215134,0.022559582737008088
5699,-0.03765662740873437,-0.008094165714292875,-0.4991383891572133
5700,-0.03558571897744254,-0.007346746056219777,-0.5104138928508267
5701,-0.034178213937909666,-0.008671076936527591,-0.5406607516290808
5702,-0.03225199037439173,-0.007597098095188465,-0.5515100162597847
5703,-0.032584931786795106,-0.00581601875707828,-0.5262054035689177
5704,-0.03302573865324635,-0.003019363326305776,-0.48163136351907015
5705,-0.031508114896217417,-0.004186335936842825,-0.5182219604545248
5706,-0.03753970650482836,-0.010260827772988639,-0.5237646524263615
5707,-0.0431636322688148,-0.01939404184244583,-0.5626628954120947
5708,-0.04064146972805494,-0.00824517787253947,-0.476355692416907
5709,-0.04803763105087164,-0.01106744261191522,-0.4626109235499798
5710,-0.04813982998399571,-0.008767334091086296,-0.4379530077994129
5711,-0.04676598527955282,-0.009858615841037793,-0.4562880573615792
5712,-0.04602024218080882,-0.0083313236851804,-0.4434431801553299
5713,-0.04320928380089045,-0.013777751577532808,-0.5155483360314076
5714,-0.045599900937804985,-0.015926588047689552,-0.5208651561809348
5715,-0.04281169556165737,-0.016338607976345624,-0.5404973319135766
5716,-0.04480755284584436,-0.01440386942587126,-0.5117257455230586
5717,-0.041078986580794306,-0.01617760822218118,-0.550450712244612
5718,-0.04238317848919376,-0.01793595188209061,-0.55600965109313
5719,0.019545919856836458,0.046791748758482576,-0.8327543803136821
5720,0.01792255227909213,0.04619763795040939,-0.8317841072082868
5721,0.02446402894842354,0.04063759005420065,-0.8386089342334934
5722,0.02907035118531313,0.034327923021990454,-0.8447498565175382
5723,0.031404614267364524,0.03418058146075562,-0.8462748770352431
5724,0.031688108879422285,0.03235559831278486,-0.8474737830204037
5725,0.033311809171689105,0.033542336190109344,-0.8477522492812168
5726,0.0312030796703865,0.036342846627315725,-0.8449985060646559
5727,0.029596227047265146,0.016288265161992752,-0.8574872337076126
5728,0.027058608920337564,0.022232664633018758,-0.8511102758108499
5729,0.02673141940171443,0.019385781907953238,-0.8530815800126761
5730,0.029074579073607686,0.02365474955951054,-0.8514217041706278
5731,0.03138400473834323,0.022309991016529057,-0.853849084366104
5732,0.030708104004675194,0.020585378326585482,-0.85472138504187
5733,0.03268037302270828,0.021399564209206405,-0.8552881456633277
5734,0.042555616768438526,0.005031763816071863,-0.874184043345563
5735,0.04412822054109263,0.006982062473468503,-0.8728944804827723
5736,0.04388790547716417,0.010027082063526798,-0.870007323607423
5737,0.04157679459320659,0.009278108600348979,-0.8697663937077659
5738,0.04469267852103013,0.008558602600862749,-0.8716263344039584
5739,0.04264722885431983,0.0079019745123388,-0.871464255658068
5740,0.04217666304375628,0.01136728125487629,-0.8681469022635996
5741,0.03272622615024077,0.027404033114236292,-0.8511267087698462
5742,0.039882139250998726,0.029949877273456764,-0.8533601573505195
5743,0.038369055969986174,0.03162852480887084,-0.8516003421373567
5744,0.0402014142803327,0.027566682247165696,-0.8550074764932042
5745,0.04161439401193067,0.028499241202028555,-0.8550844084431888
5746,0.03835747687638196,0.02609713374181822,-0.8550598883727383
5747,0.04100880935531084,0.02547669299399368,-0.8567618273589674
5748,0.04265578103313385,0.023950631533195446,-0.8585427891248216
5749,0.041004360558607504,0.0232393051119097,-0.8582918565499849
5750,0.04433335688345228,0.02710418096334726,-0.8571763663332317
5751,-0.03661659864673151,-0.0392665657501217,-0.7018948112306885
5752,-0.03672147657069975,-0.03696179994054368,-0.6927913532344097
5753,-0.03753728893238055,-0.035539911157023193,-0.683272372216632
5754,-0.03854296050844813,-0.0369360942146742,-0.6840611680029224
5755,-0.04781834468226616,-0.0191642776329675,-0.5363607350719781
5756,-0.046402466582870505,-0.017755551683082255,-0.5318557424505461
5757,-0.051467288057154656,0.008970988814499665,-0.18542314386433023
5758,-0.051210482738712045,0.01387599402777938,-0.10005831464279258
5759,-0.03559164987322727,0.0072678647888094645,-0.27035574827743303
5760,-0.046474143133852966,0.003208171923915137,-0.2869526069017463
5761,-0.04810634585611577,0.001697460354730678,-0.304510470614455
5762,-0.0378944852288149,-0.004934384859987502,-0.45833678446009374
5763,-0.039614038747138175,-0.004724731988818435,-0.44119804052713835
5764,-0.03707551943167007,-0.006461578832664311,-0.4851304243824677
5765,-0.034992060859823364,-0.0007982494622801959,-0.42481141866626665
5766,0.03002292017906581,-0.04366381891143931,-0.9367587225652604
5767,0.032036277338823034,-0.04075580764596693,-0.941897645978315
5768,0.02777416200599886,-0.04382755331722326,-0.9296236934601878
5769,0.025058313203174466,-0.04147572665977535,-0.921190679881215
5770,0.025664840184266843,-0.04351934075120576,-0.9237394054215687
5771,0.026815183488265316,-0.04206611578540104,-0.9261313742984332
5772,0.02709824583628606,-0.038314556024091874,-0.9235224808814195
5773,0.026479985245036013,-0.04015436575984669,-0.9237920629852597
5774,0.024530326124860922,-0.0384754038804849,-0.9174814991917886
5775,0.023329415462302387,-0.04310066157682089,-0.9179712851592764
5776,0.023275280873941387,-0.04575835721947466,-0.9185150754323885
5777,0.03051406202310296,-0.04185288220675431,-0.937402090645449
5778,0.029743375990202596,-0.039178947164037733,-0.9320240413198057
5779,0.03489819901826425,-0.04229675027099732,-0.9565999725470873
5780,0.03520573757192702,-0.03981501728080779,-0.9528620254150838
5781,0.03667541871566896,-0.04272187739606426,-0.9673195747415404
5782,0.03577730238810832,-0.044073597757268594,-0.9636067534472366
5783,0.02826458755742149,-0.0454711706912056,-0.9312686499971083
5784,0.025663021533465592,-0.03598005839799006,-0.9172744317975633
5785,0.022391031661727064,-0.03892252387198583,-0.9131758965325585
5786,0.02376533869773609,-0.04015664200553249,-0.9171810608274045
5787,0.021443728405327666,-0.043571675659230064,-0.9140530520244683
5788,0.024867489487366553,-0.046684171624260404,-0.922197023926254
5789,0.028225455662012726,-0.04004730578367928,-0.9285026298346548
5790,0.03305452917956776,-0.038167084316247414,-0.9411167101442776
5791,0.03380379422259292,-0.0409012089375963,-0.9492939241621966
5792,0.03632883035110064,-0.04107215067280217,-0.9611183834522125
5793,0.02398371880202641,-0.03573636618793152,-0.9133024053672962
5794,0.029142407389491344,-0.035449398121121065,-0.9247576614997106
5795,0.026138424253377607,-0.047745790869668,-0.9250410848249875
5796,0.030921342679003667,-0.03711011661148549,-0.9323970707102164
5797,0.027514854818465977,-0.03645000012556776,-0.9222582686372045
5798,0.026944936445206506,-0.03271321029327032,-0.9153441768133529
5799,0.02699433688619758,-0.03461753156951591,-0.9183960852928159
5800,0.029090690390224536,-0.03743754085208092,-0.9277639483291675
5801,0.04571314228314173,-0.0006618803303776151,-0.8812383337174859
5802,0.04674519183730774,0.001006577263374392,-0.8797300995888485
5803,0.046469309955231894,-0.024027100411710606,-0.9184446738178202
5804,0.04799770620788303,-0.019222246850788206,-0.9081690055513568
5805,0.048848678767914384,-0.02213845012685315,-0.9138154285526472
5806,0.04955303090224951,-0.017375409473920366,-0.9047641088619325
5807,0.04727253046930549,-0.022595898402843404,-0.9150695861239644
5808,0.051320526695088665,-0.020070384063634865,-0.9091982569960251
5809,0.052928287202713205,-0.018893848783721155,-0.9066251713566743
5810,0.0509811690166095,-0.0183658591092966,-0.9062754708576984
5811,0.0430190337100411,-0.009316592836451424,-0.8911006167895099
5812,0.04369433653788801,-0.00739679359622974,-0.8887273941034524
5813,0.0392452795244423,-0.01114731732244609,-0.8920447679248776
5814,0.043111344071079326,-0.0055852832132773375,-0.8861826206519072
5815,0.041675813662727115,-0.011352619639641261,-0.8935092627685791
5816,0.04108792457064131,-0.005606842749719353,-0.885400473426208
5817,0.0387237324161535,-0.007095651371480139,-0.8861766470927315
5818,0.04060622919233676,-0.009525260574876727,-0.8903855213982698
5819,0.040282769661414135,-0.013354634948248506,-0.8959471029778823
5820,0.04289280348647905,-0.013316715082131437,-0.897011003203596
5821,0.04071198521027551,-0.01518070930156445,-0.8991404746262956
5822,0.040066505158545165,-0.01908189474132227,-0.9058750685387928
5823,0.039912984194206906,-0.01705250110994074,-0.9019807110986318
5824,0.035912080370445694,-0.01833317582533968,-0.901501593190903
5825,0.038078640515367426,-0.018211770446808273,-0.9029382470472064
5826,0.037115597614619245,-0.02041818584931617,-0.9064477670327725
5827,0.03794954439050296,-0.02224096384033805,-0.9108524901989791
5828,0.03955563052457015,-0.021028391789232954,-0.9094713964729615
5829,0.04266042781407991,-0.021671943797634312,-0.9124599673082828
5830,0.043805877975726396,-0.024077001797971814,-0.9183552832442975
5831,0.04421378369621513,-0.02240743054363676,-0.9145329399410242
5832,0.04179816172825187,-0.0235579119762226,-0.916390090941338
5833,0.04243840080956606,-0.025223849054263676,-0.9208800085433382
5834,0.043521884833127876,-0.002410863941523433,-0.8824959075152616
5835,0.042962377718678495,0.0008403919520759246,-0.8786589529943648
5836,0.04115042349087253,-0.0004652267064427253,-0.8793674776337156
5837,0.015233858650302256,-0.03638473346522878,-0.8979335828837232
5838,0.03939738572765733,-0.036071039840611836,-0.9552679746206683
5839,0.04049775195341902,-0.03249605106972094,-0.9426109707762131
5840,0.010587069391316727,-0.04663043630141911,-0.8976337403363086
5841,0.011292993220843525,-0.04511194352277673,-0.8979561597978037
5842,0.009145435678553764,-0.04562889010824103,-0.8955024286381525
5843,0.009461781437072733,-0.048247678865000476,-0.8968179196803086
5844,0.011944855611725818,-0.048775305476328905,-0.8999837217038611
5845,0.013916830996376002,-0.047555454503703215,-0.9023354159424638
5846,0.018240853129892178,-0.03496505594050084,-0.9015082516594624
5847,-0.024876170437129495,0.04338153388870482,0.250794276865478
5848,-0.020616143123604026,0.041250935065978954,0.1562956104972077
5849,-0.018656433219417037,0.04209584259614134,0.12701537117509343
5850,-0.020406464204552867,0.04345976372539968,0.16181562646317843
5851,-0.0223795348789973,0.042532696198942295,0.19531048152419633
5852,-0.022806480144421656,0.040629310221682174,0.19315802533313706
5853,-0.020913027658919375,0.03427326868150425,0.10509887601572891
5854,-0.022848334877542377,0.03369596272067513,0.12771900898449573
5855,-0.018340232034858645,0.03542761971033385,0.07919904143360165
5856,-0.01655563702060451,0.035173444650589046,0.053405966275946876
5857,-0.019329289700809382,0.03418773813200461,0.08162833963882613
5858,0.032479720695511895,0.01808551694095509,-0.8577352362492732
5859,0.03962585042954571,0.014663336575416285,-0.8642246850410223
5860,0.03741461722647858,0.013146510228096887,-0.864459520614203
5861,-0.024296658163062982,0.02762976512907306,0.06163891590385597
5862,-0.022038992526683832,0.026098551062158304,0.01516380271205527
5863,-0.022519902659322057,0.02397247976087356,-0.01245729337388179
5864,-0.024277740020889886,0.023016636647304883,-0.01447498900402833
5865,-0.024762418157754807,0.02094200057364653,-0.047630176785534245
5866,-0.024392929843087163,0.025322767293202514,0.025201786301369596
5867,-0.026852476132647487,0.02045552131188386,-0.04326397023321851
5868,-0.02555561453151351,0.01899659236009204,-0.07901459647820001
5869,-0.02092063105266838,0.027314843260485812,0.021280546737317975
5870,-0.025804130674071522,0.024236897124187178,0.01935312700531277
5871,-0.02820645740092152,0.022692396796398222,0.010511926811259523
5872,-0.030866723893260156,0.015991948799566218,-0.11178901298193314
5873,0.014971759545915184,0.047874971180437036,-0.8290164391472403
5874,0.025460982177171517,-0.018420442537320086,-0.8902060776346883
5875,0.026053960157873046,-0.016461967810082054,-0.8881561587923772
5876,0.02522650170760621,-0.022742866181615834,-0.8964033046837045
5877,0.026012949610222474,-0.02061795717036837,-0.8942231936031847
5878,0.02387068913071639,-0.021033077553956926,-0.8918871625718185
5879,0.029097911000972507,-0.02296771929843303,-0.9022324955279938
5880,0.022170972960448614,-0.020590267526699374,-0.8888150707681504
5881,0.027914312181430628,-0.02132166852851347,-0.8978791733019328
5882,0.03120047150492637,-0.020207304574345223,-0.9001110263852623
5883,0.02938719375314369,-0.020262587653571952,-0.898022570334052
5884,0.03021304123077906,-0.017584998841807788,-0.8946662543384061
5885,0.02281486531136733,-0.023748475073339992,-0.8943609286066823
5886,0.024947062828398044,-0.025467299832027775,-0.9002404752243421
5887,0.02323351219171058,-0.02541104977627606,-0.8974706708167782
5888,0.02847578250026845,-0.02733384868220606,-0.9090075278532549
5889,0.027077757409084573,-0.024309292737483175,-0.9016190323375719
5890,0.026370603152486995,-0.027044895200495533,-0.9050543220966343
5891,0.026890812247686656,-0.029855440079839018,-0.9106152720412941
5892,0.026895645258159677,-0.02264736754467283,-0.8986336132286136
5893,0.029124037321200124,-0.02519883017624017,-0.9062281419459369
5894,0.030560974568696143,-0.026801050791820737,-0.9113961170570584
5895,0.031597025433709715,-0.0240541630637318,-0.9076096350627519
5896,0.03230397842097528,-0.02591100056555077,-0.9122573777044926
5897,0.03361491807007699,-0.022814389630477702,-0.9077045540170228
5898,0.030926316080711076,-0.02217943457585176,-0.9032502005559189
5899,0.03452547908349481,-0.020451768713696344,-0.9041325607073682
5900,0.03305988207024866,-0.01797949184951509,-0.8982857444898832
5901,0.032803041179023926,-0.021144713003790373,-0.9035889763956203
5902,0.03439921097054229,-0.018856071388228715,-0.9010998781958236
5903,-0.03649486290652556,0.01768647403038601,-0.04408195438684415
5904,-0.037013025803454974,0.009813691498648146,-0.2105432918089363
5905,-0.03455460724824923,0.010349272693970539,-0.21313010728803508
5906,-0.03554079348795134,0.00896596058260483,-0.23615680201040912
5907,-0.03307268603236311,0.008838246762564932,-0.25429777650614366
5908,-0.023291902652099145,0.017453043046696554,-0.11785763086942239
5909,-0.012981033990812747,-0.035895366841299035,-0.8197099960336106
5910,-0.010761842284460319,-0.035786411871623736,-0.8317642629307426
5911,-0.01456689615315185,-0.03572798257164525,-0.8107253590767195
5912,-0.013156038195580302,-0.0375483257521649,-0.8207636091011511
5913,-0.01325193947198014,-0.034171001338448206,-0.8161978866230163
5914,0.02307741851160788,-0.030964484126882873,-0.9053252627036475
5915,0.020673389927283143,-0.030338876508612868,-0.9002530517977382
5916,0.021604526381102683,-0.03169258526714254,-0.9036326432966482
5917,0.022351108619063413,-0.02882368631484091,-0.9010336479343011
5918,0.020486972786804815,-0.027979844772713692,-0.8967744574043426
5919,-0.01758930537747064,-0.03540897391337619,-0.7932916652130899
5920,-0.019805639584970103,-0.04070584524434007,-0.7900240879409883
5921,-0.020974819948247906,-0.03728574862995026,-0.7774430945977151
5922,-0.03001197607671879,-0.037340301034328234,-0.7282535420096486
5923,0.03276870317136733,-0.008443453152852448,-0.8841020026367656
5924,0.03290301113720733,-0.006804492639196803,-0.8821728659001237
5925,0.031233376389031862,-0.00780707521630954,-0.8821104045515835
5926,0.03179325480247596,-0.010054469453041646,-0.8853901317452485
5927,0.035281267745101014,-0.012223788576609315,-0.8911011083516899
5928,0.034047571751355934,-0.010318609096306029,-0.88752114635627
5929,0.03322004095483126,-0.012206504065853082,-0.8894828614240058
5930,0.036778918774508125,-0.009901958297984202,-0.8888284317218438
5931,0.031874083806913,-0.013854813535925336,-0.8906807378269406
5932,0.029816744726070748,-0.013000342116394736,-0.8875131624528496
5933,-0.03459742378158518,-0.003779472244125369,-0.474861746385344
5934,-0.03049686961085206,-0.002676613476703613,-0.509580092476492
5935,-0.044487593938255,-0.020438534658543714,-0.5630244997699252
5936,-0.041069244156777866,-0.021674056559228973,-0.5914182311352247
5937,-0.05012756872481736,-0.011353593363177756,-0.4565595390951008
5938,-0.048859477739520485,-0.012840118404867222,-0.47644123346367157
5939,-0.04705693519299609,-0.014200910023921065,-0.49775054258624685
5940,-0.04738809884167493,-0.015958464718182467,-0.5118572414487434
5941,-0.04694627438389055,-0.012446075820147595,-0.48169652380101763
5942,0.025609935805558974,0.017487442216726753,-0.8538629373334139
5943,0.028790568442238297,0.01852201023403653,-0.8551415926813636
5944,0.027897922198990344,0.025041016525011325,-0.8496703003975246
5945,0.044866141507205005,0.011677127080089495,-0.868916910075545
5946,0.041100463448507936,0.013011639651285326,-0.8662730790618339
5947,0.040085583438625456,0.011355186511558037,-0.8672691928593688
5948,0.030770501678195068,0.027595571360144906,-0.8498217817094746
5949,0.031910437685539916,0.029154676120719862,-0.8495256491685719
5950,0.030991685195137297,0.030699043977204375,-0.8480252335775734
5951,0.03301731239638699,0.02460348425253917,-0.8531744104110586
5952,0.031444672676691994,0.02576218984121117,-0.8514462352495658
5953,0.030848652684310085,0.024046031630557383,-0.8522680981150623
5954,0.03584893686497892,0.030323846952844822,-0.8510556099120341
5955,0.034070664576204744,0.02909593044914515,-0.8508207941645772
5956,0.035362445587729545,0.026689321264088427,-0.8530911480720802
5957,0.0337873890938527,0.02609892729126419,-0.8526019244542502
5958,0.03673178813810662,0.025744982796159454,-0.8544572893209827
5959,0.04329248511899608,0.02554355499562188,-0.8577442424619347
5960,-0.03722854463598182,0.006550025470390143,-0.2740036802106547
5961,-0.03462566762971057,0.004498938475209319,-0.3321580293877714
5962,-0.0360520128766935,-0.005051032986217261,-0.4771773873657931
5963,-0.0330460848049027,-0.0010564392775584087,-0.44992586198403334
5964,-0.032142843575906924,0.0005194183331979965,-0.43233244512300006
5965,-0.034041153500178084,0.0011939682429487415,-0.40006675371163125
5966,0.02127303271343266,-0.045995671659701434,-0.9143494165260071
5967,0.03151617546889532,-0.03905660816781631,-0.937522365085848
5968,0.046938611697499195,-0.017649604361971938,-0.9052864500504734
5969,0.050385337484256706,-0.02396459038316555,-0.9171304884635545
5970,0.05103573636159005,-0.025194112538439936,-0.9194198323450329
5971,0.052683701215399455,-0.022473621214160674,-0.9129875384776445
5972,0.053398709009100896,-0.02391687493649655,-0.9152410126677799
5973,0.05188925547677836,-0.023765939807881928,-0.9159167792607653
5974,0.05431965967377464,-0.021785647141342988,-0.9109110278667104
5975,0.05078708784828138,-0.022066922715081927,-0.9130791692573503
5976,0.049473406542269956,-0.020373887224695377,-0.9101904335440221
5977,0.03878967537043477,-0.005363988886812558,-0.8840173597867373
5978,0.036595245641431705,-0.006849710176694089,-0.8846657388490344
5979,0.03515940545544147,-0.0084651791079097,-0.8858346886034865
5980,0.037503031718662795,-0.008326733378855273,-0.8871265804402991
5981,0.038856452171656515,-0.009439115370675426,-0.8893936051885966
5982,0.04251776307207098,-0.018203897519121458,-0.9053434048851375
5983,0.04353698391760326,-0.016910796581158537,-0.9032718816141482
5984,0.04154013219225393,-0.016893505139316315,-0.9025030389612703
5985,0.04176808616761428,-0.019971694451189216,-0.9084909360889329
5986,0.0442747621097389,-0.019868577523713685,-0.9091328058575284
5987,0.04610320380410339,-0.019355153285315244,-0.9084115816374672
5988,-0.019395823117783095,0.03837146767490549,0.11781521260698177
5989,-0.021450799845004438,0.038972216539062216,0.1565021352403968
5990,-0.018533783445132044,0.04013591129320228,0.11527984515682606
5991,-0.02242883637397354,0.03742289227482293,0.16067122487871038
5992,-0.016944282906248255,0.039223824375904555,0.0859557343253585
5993,-0.02608282028121118,0.027280425534638813,0.0758583119161687
5994,-0.023574643325085777,0.030073546220895322,0.08966442944174231
5995,-0.023321862689014546,0.031664628108792725,0.10886078709531546
5996,-0.025526251020336566,0.02932159834071436,0.10374666855557875
5997,0.028316069994523928,-0.016347348384437695,-0.8906506480501049
5998,0.027250147802674245,-0.017690106706170772,-0.8913917339146147
5999,0.029668696771421976,-0.03123222650641179,-0.9183398771822843
6000,0.03111097480801106,-0.029597629775144376,-0.9178852336773572
6001,0.02909806007555623,-0.02927513646917234,-0.9136139219752191
6002,0.03152478969502829,-0.01858812093100422,-0.8977256275202412
6003,-0.038179010805768104,0.011658983246242807,-0.16683042508081267
6004,-0.03783541286286818,0.01330659050843371,-0.1339287816348944
6005,0.024838785957244647,-0.03222011176281891,-0.9103954987677354
6006,0.02543172153114764,-0.033854747436697745,-0.9139179037247913
6007,0.024931043462949484,-0.03022747691241071,-0.9075899525761448
6008,-0.016917527883644794,-0.0334707041709269,-0.7943039770771231
6009,-0.0175934113087007,-0.03778271059085718,-0.7969239110334801
6010,-0.019169246130173956,-0.036752639177879645,-0.7865217995770846
6011,-0.019189292094916485,-0.03864700997494199,-0.7896810790745887
6012,0.034833069280504336,-0.015357326693010077,-0.8955567474134483
6013,0.03423842567308435,-0.013673450623492159,-0.892470928369857
6014,0.037320151312812355,-0.011895000052609107,-0.8920174101583698
6015,0.038382809862740806,-0.013474551927253435,-0.8950936548111528
6016,0.036832902126084165,-0.014840078577122084,-0.8962450254207646
6017,0.03620651430712837,-0.01654287371615088,-0.8986188130289747
6018,0.03783399573501345,-0.016601706466085372,-0.8998980381095933
6019,0.03187117592618359,-0.016088440455515215,-0.8940556236844512
6020,0.03351319220659173,-0.01637540991408693,-0.8960484821101864
6021,-0.042711358177250226,-0.021080533963411054,-0.5775597360595393
6022,-0.042284436825058204,-0.02322055486162544,-0.5944756296084746
6023,-0.04000144573411174,-0.02322333467826063,-0.6080077753394538
6024,-0.04125872376076236,-0.019746165272440337,-0.5767572269910902
6025,-0.03955180062972848,-0.02055166014590247,-0.5936575687801867
6026,0.034581932003716676,0.02374760927464773,-0.8546678028156861
6027,0.03756155448829568,0.03010202354636761,-0.8521008983760265
6028,0.036614646132169915,0.031931074164450575,-0.8505087430266826
6029,0.03447996839697665,0.03148972651797475,-0.8495996342496308
6030,0.03606302829031981,0.028445368282404265,-0.8523371529155612
6031,-0.03618521665196833,0.003639216476459711,-0.33630742019415016
6032,-0.032381905704387225,0.004566069462473406,-0.3498073811244241
6033,-0.03415224974842481,0.006217059523135756,-0.30150524366977494
6034,-0.018124583915671354,0.03716612420502481,0.08981820345448334
6035,-0.020313463550840224,0.03638124609573176,0.11641855470426357
6036,0.02792217606279658,-0.031265304404474364,-0.9149358852249515
6037,0.02902485469679852,-0.033293302511213166,-0.92081925723723
6038,0.03091450144423396,-0.03427152925784735,-0.9270358302703988
6039,0.03249274775835756,-0.03343731487394241,-0.9289991656604848
6040,-0.05234891098640437,-0.01059938636075813,-0.4406666215866431
6041,-0.033791383305653594,-0.02053006193826227,-0.6359087564475034
6042,-0.0354783430768293,-0.022627162522874073,-0.6346753454250474
6043,-0.03589021876240479,-0.020568773044687693,-0.6196907707197584
6044,-0.03631491013792079,-0.01883729275841445,-0.6053534174569455
6045,-0.0374067196969862,-0.021501259471254315,-0.6143590113696431
6046,-0.03658392619558851,-0.02401316219814286,-0.6346950792001796
6047,-0.03782185763024892,-0.025505848057844716,-0.634869052110952
6048,-0.034787696657624066,-0.024235076313548175,-0.6482022468794963
6049,-0.03396207413339126,-0.022119820450816976,-0.6431974760046313
6050,-0.03465765064634164,-0.01909408428962438,-0.6203347745212158
6051,0.024176213532631535,0.027751061045785036,-0.8452697651968861
6052,-0.013457914755091161,0.0066901438194612054,-0.4884641269961453
6053,-0.012112770780220099,-0.003993107539682003,-0.8249645061378698
6054,-0.012394683770220963,-0.00575192357559838,-0.8254861921354326
6055,-0.01762519793078071,-0.04904976179408143,-0.814118840716417
6056,-0.025081320585078132,-0.01290473497623337,-0.6918150378918576
6057,-0.03314072136744728,0.019119666425090425,-0.03043039651338242
6058,-0.034483582383745534,0.01762090949324621,-0.056122305277356455
6059,-0.03262418177272046,0.016919603281188543,-0.08185862158685976
6060,-0.034326847498406546,0.020325026384887757,0.0041109045257305
